-- phpMyAdmin SQL Dump
-- version 5.2.1
-- https://www.phpmyadmin.net/
--
-- Host: localhost
-- Generation Time: Feb 12, 2025 at 03:19 AM
-- Server version: 8.0.39
-- PHP Version: 8.3.10

SET SQL_MODE = "NO_AUTO_VALUE_ON_ZERO";
START TRANSACTION;
SET time_zone = "+00:00";


/*!40101 SET @OLD_CHARACTER_SET_CLIENT=@@CHARACTER_SET_CLIENT */;
/*!40101 SET @OLD_CHARACTER_SET_RESULTS=@@CHARACTER_SET_RESULTS */;
/*!40101 SET @OLD_COLLATION_CONNECTION=@@COLLATION_CONNECTION */;
/*!40101 SET NAMES utf8mb4 */;

--
-- Database: `data_taskify`
--

-- --------------------------------------------------------

--
-- Table structure for table `activity_logs`
--

CREATE TABLE `activity_logs` (
  `id` bigint UNSIGNED NOT NULL,
  `workspace_id` bigint UNSIGNED DEFAULT NULL,
  `actor_id` bigint NOT NULL,
  `actor_type` varchar(56) CHARACTER SET utf8mb4 COLLATE utf8mb4_unicode_ci NOT NULL,
  `type_id` bigint NOT NULL,
  `type` varchar(56) CHARACTER SET utf8mb4 COLLATE utf8mb4_unicode_ci NOT NULL,
  `parent_type_id` bigint DEFAULT NULL,
  `parent_type` varchar(56) CHARACTER SET utf8mb4 COLLATE utf8mb4_unicode_ci DEFAULT NULL,
  `activity` varchar(56) CHARACTER SET utf8mb4 COLLATE utf8mb4_unicode_ci NOT NULL,
  `message` varchar(512) CHARACTER SET utf8mb4 COLLATE utf8mb4_unicode_ci DEFAULT NULL,
  `created_at` timestamp NULL DEFAULT NULL,
  `updated_at` timestamp NULL DEFAULT NULL
) ENGINE=InnoDB DEFAULT CHARSET=utf8mb4 COLLATE=utf8mb4_unicode_ci;

--
-- Dumping data for table `activity_logs`
--

INSERT INTO `activity_logs` (`id`, `workspace_id`, `actor_id`, `actor_type`, `type_id`, `type`, `parent_type_id`, `parent_type`, `activity`, `message`, `created_at`, `updated_at`) VALUES
(1, 1, 1, 'user', 1, 'client', NULL, NULL, 'created', 'dharmik parmar created client elias ymer', '2025-02-02 22:36:02', '2025-02-02 22:36:02'),
(2, 1, 1, 'user', 2, 'client', NULL, NULL, 'created', 'dharmik parmar created client Elon Musk', '2025-02-02 22:38:28', '2025-02-02 22:38:28'),
(3, 1, 1, 'user', 3, 'client', NULL, NULL, 'created', 'dharmik parmar created client Emma Gray', '2025-02-02 22:40:33', '2025-02-02 22:40:33'),
(4, 1, 1, 'user', 4, 'client', NULL, NULL, 'created', 'dharmik parmar created client Evan Carter', '2025-02-02 22:42:39', '2025-02-02 22:42:39'),
(5, 1, 1, 'user', 5, 'client', NULL, NULL, 'created', 'dharmik parmar created client Bros James', '2025-02-02 22:44:59', '2025-02-02 22:44:59'),
(6, 1, 1, 'user', 6, 'client', NULL, NULL, 'created', 'dharmik parmar created client Liam Brooks', '2025-02-02 22:47:00', '2025-02-02 22:47:00'),
(7, 1, 1, 'user', 7, 'client', NULL, NULL, 'created', 'dharmik parmar created client Mark Zuckerberg', '2025-02-02 22:50:17', '2025-02-02 22:50:17'),
(8, 1, 1, 'user', 8, 'client', NULL, NULL, 'created', 'dharmik parmar created client Noah Reed', '2025-02-02 22:52:47', '2025-02-02 22:52:47'),
(9, 1, 1, 'user', 9, 'client', NULL, NULL, 'created', 'dharmik parmar created client Olivia Clark', '2025-02-02 23:01:30', '2025-02-02 23:01:30'),
(10, 1, 1, 'user', 10, 'client', NULL, NULL, 'created', 'dharmik parmar created client Serena Williams', '2025-02-02 23:03:45', '2025-02-02 23:03:45'),
(11, 1, 1, 'user', 2, 'user', NULL, NULL, 'created', 'dharmik parmar created user Ethan Parker', '2025-02-02 23:07:07', '2025-02-02 23:07:07'),
(12, 1, 1, 'user', 3, 'user', NULL, NULL, 'created', 'dharmik parmar created user Ava Raine', '2025-02-02 23:09:57', '2025-02-02 23:09:57'),
(13, 1, 1, 'user', 1, 'user', NULL, NULL, 'updated', 'dharmik parmar updated user Sarah Adams', '2025-02-02 23:12:07', '2025-02-02 23:12:07'),
(14, 1, 1, 'user', 1, 'user', NULL, NULL, 'updated', 'Sarah Adams updated user Sarah Adams', '2025-02-02 23:12:47', '2025-02-02 23:12:47'),
(15, 1, 1, 'user', 14, 'priority', NULL, NULL, 'created', 'Sarah Adams created priority High', '2025-02-03 00:31:03', '2025-02-03 00:31:03'),
(16, 1, 1, 'user', 15, 'priority', NULL, NULL, 'created', 'Sarah Adams created priority Medium', '2025-02-03 00:31:29', '2025-02-03 00:31:29'),
(17, 1, 1, 'user', 16, 'priority', NULL, NULL, 'created', 'Sarah Adams created priority Low', '2025-02-03 00:31:44', '2025-02-03 00:31:44'),
(18, 1, 1, 'user', 17, 'priority', NULL, NULL, 'created', 'Sarah Adams created priority Urgent', '2025-02-03 00:32:01', '2025-02-03 00:32:01'),
(19, 1, 1, 'user', 71, 'status', NULL, NULL, 'created', 'Sarah Adams created status Deferred', '2025-02-03 00:32:59', '2025-02-03 00:32:59'),
(20, 1, 1, 'user', 71, 'status', NULL, NULL, 'updated', 'Sarah Adams updated status Deferred', '2025-02-03 00:33:18', '2025-02-03 00:33:18'),
(21, 1, 1, 'user', 72, 'status', NULL, NULL, 'created', 'Sarah Adams created status Not Started', '2025-02-03 00:34:08', '2025-02-03 00:34:08'),
(22, 1, 1, 'user', 73, 'status', NULL, NULL, 'created', 'Sarah Adams created status In Progress', '2025-02-03 00:34:21', '2025-02-03 00:34:21'),
(23, 1, 1, 'user', 74, 'status', NULL, NULL, 'created', 'Sarah Adams created status On Hold', '2025-02-03 00:34:30', '2025-02-03 00:34:30'),
(24, 1, 1, 'user', 75, 'status', NULL, NULL, 'created', 'Sarah Adams created status Completed', '2025-02-03 00:34:41', '2025-02-03 00:34:41'),
(25, 1, 1, 'user', 76, 'status', NULL, NULL, 'created', 'Sarah Adams created status Delayed', '2025-02-03 00:34:50', '2025-02-03 00:34:50'),
(26, 1, 1, 'user', 77, 'status', NULL, NULL, 'created', 'Sarah Adams created status Pending Approval', '2025-02-03 00:35:07', '2025-02-03 00:35:07'),
(27, 1, 1, 'user', 78, 'status', NULL, NULL, 'created', 'Sarah Adams created status Canceled', '2025-02-03 00:35:26', '2025-02-03 00:35:26'),
(28, 1, 1, 'user', 79, 'status', NULL, NULL, 'created', 'Sarah Adams created status Under Review', '2025-02-03 00:35:41', '2025-02-03 00:35:41'),
(29, 1, 1, 'user', 80, 'status', NULL, NULL, 'created', 'Sarah Adams created status Archived', '2025-02-03 00:36:28', '2025-02-03 00:36:28'),
(30, 1, 1, 'user', 76, 'status', NULL, NULL, 'updated', 'Sarah Adams updated status Delayed', '2025-02-03 00:37:39', '2025-02-03 00:37:39'),
(31, 1, 1, 'user', 1, 'tag', NULL, NULL, 'created', 'Sarah Adams created tag Urgent', '2025-02-03 00:50:19', '2025-02-03 00:50:19'),
(32, 1, 1, 'user', 2, 'tag', NULL, NULL, 'created', 'Sarah Adams created tag Internal', '2025-02-03 00:50:38', '2025-02-03 00:50:38'),
(33, 1, 1, 'user', 3, 'tag', NULL, NULL, 'created', 'Sarah Adams created tag Client-facing', '2025-02-03 00:50:48', '2025-02-03 00:50:48'),
(34, 1, 1, 'user', 4, 'tag', NULL, NULL, 'created', 'Sarah Adams created tag Design', '2025-02-03 00:51:02', '2025-02-03 00:51:02'),
(35, 1, 1, 'user', 5, 'tag', NULL, NULL, 'created', 'Sarah Adams created tag Development', '2025-02-03 00:51:08', '2025-02-03 00:51:08'),
(36, 1, 1, 'user', 6, 'tag', NULL, NULL, 'created', 'Sarah Adams created tag Maintenance', '2025-02-03 00:51:21', '2025-02-03 00:51:21'),
(37, 1, 1, 'user', 7, 'tag', NULL, NULL, 'created', 'Sarah Adams created tag Long-term', '2025-02-03 00:51:30', '2025-02-03 00:51:30'),
(38, 1, 1, 'user', 8, 'tag', NULL, NULL, 'created', 'Sarah Adams created tag Short-term', '2025-02-03 00:51:37', '2025-02-03 00:51:37'),
(39, 1, 1, 'user', 9, 'tag', NULL, NULL, 'created', 'Sarah Adams created tag High-Risk', '2025-02-03 00:51:47', '2025-02-03 00:51:47'),
(40, 1, 1, 'user', 10, 'tag', NULL, NULL, 'created', 'Sarah Adams created tag Low-Risk', '2025-02-03 00:51:56', '2025-02-03 00:51:56'),
(41, 1, 1, 'user', 11, 'tag', NULL, NULL, 'created', 'Sarah Adams created tag Budget-Constrained', '2025-02-03 00:52:04', '2025-02-03 00:52:04'),
(42, 1, 1, 'user', 12, 'tag', NULL, NULL, 'created', 'Sarah Adams created tag Test', '2025-02-03 00:52:15', '2025-02-03 00:52:15'),
(43, 1, 1, 'user', 13, 'tag', NULL, NULL, 'created', 'Sarah Adams created tag Non-profit', '2025-02-03 00:52:29', '2025-02-03 00:52:29'),
(44, 1, 1, 'user', 14, 'tag', NULL, NULL, 'created', 'Sarah Adams created tag Innovation', '2025-02-03 00:53:37', '2025-02-03 00:53:37'),
(45, 1, 1, 'user', 15, 'tag', NULL, NULL, 'created', 'Sarah Adams created tag Re-Design', '2025-02-03 00:54:50', '2025-02-03 00:54:50'),
(46, 1, 1, 'user', 6, 'project', NULL, NULL, 'created', 'Sarah Adams created project Website Redesign', '2025-02-03 01:05:11', '2025-02-03 01:05:11'),
(47, 1, 1, 'user', 6, 'project', NULL, NULL, 'deleted', 'Sarah Adams deleted project Website Redesign', '2025-02-03 01:09:24', '2025-02-03 01:09:24'),
(48, 1, 1, 'user', 5, 'project', NULL, NULL, 'deleted', 'Sarah Adams deleted project Website Redesign', '2025-02-03 01:09:24', '2025-02-03 01:09:24'),
(49, 1, 1, 'user', 4, 'project', NULL, NULL, 'deleted', 'Sarah Adams deleted project Website Redesign', '2025-02-03 01:09:24', '2025-02-03 01:09:24'),
(50, 1, 1, 'user', 3, 'project', NULL, NULL, 'deleted', 'Sarah Adams deleted project Website Redesign', '2025-02-03 01:09:24', '2025-02-03 01:09:24'),
(51, 1, 1, 'user', 2, 'project', NULL, NULL, 'deleted', 'Sarah Adams deleted project Website Redesign', '2025-02-03 01:09:24', '2025-02-03 01:09:24'),
(52, 1, 1, 'user', 1, 'project', NULL, NULL, 'updated_priority', 'Sarah Adams updated project priority from Medium to Low', '2025-02-03 01:14:37', '2025-02-03 01:14:37'),
(53, 1, 1, 'user', 1, 'project', NULL, NULL, 'updated_priority', 'Sarah Adams updated project priority from Low to Medium', '2025-02-03 01:14:42', '2025-02-03 01:14:42'),
(54, 1, 1, 'user', 2, 'user', NULL, NULL, 'updated', 'Sarah Adams updated user Ethan Parker ( UI/UX Developer )', '2025-02-03 01:16:47', '2025-02-03 01:16:47'),
(55, 1, 1, 'user', 2, 'user', NULL, NULL, 'updated', 'Sarah Adams updated user Ethan Parker ( UI/UX Designer)', '2025-02-03 01:19:48', '2025-02-03 01:19:48'),
(56, 1, 1, 'user', 3, 'user', NULL, NULL, 'updated', 'Sarah Adams updated user Ava Raine (Web developer)', '2025-02-03 01:20:23', '2025-02-03 01:20:23'),
(57, 1, 1, 'user', 4, 'user', NULL, NULL, 'created', 'Sarah Adams created user Carson Rowland (Devops Engineer)', '2025-02-03 01:30:00', '2025-02-03 01:30:00'),
(58, 1, 1, 'user', 1, 'user', NULL, NULL, 'updated', 'Sarah Adams updated user Sarah Adams (Super Admin)', '2025-02-03 01:30:34', '2025-02-03 01:30:34'),
(59, 1, 1, 'user', 4, 'user', NULL, NULL, 'updated', 'Sarah Adams (Super Admin) updated user Carson Rowland', '2025-02-03 01:59:39', '2025-02-03 01:59:39'),
(60, 1, 1, 'user', 3, 'user', NULL, NULL, 'updated', 'Sarah Adams (Super Admin) updated user Ava Raine', '2025-02-03 02:00:00', '2025-02-03 02:00:00'),
(61, 1, 1, 'user', 2, 'user', NULL, NULL, 'updated', 'Sarah Adams (Super Admin) updated user Ethan Parker', '2025-02-03 02:00:19', '2025-02-03 02:00:19'),
(62, 1, 1, 'user', 2, 'user', NULL, NULL, 'updated', 'Sarah Adams (Super Admin) updated user Ethan Parker', '2025-02-03 02:00:43', '2025-02-03 02:00:43'),
(63, 1, 1, 'user', 1, 'user', NULL, NULL, 'updated', 'Sarah Adams (Super Admin) updated user Sarah Adams', '2025-02-03 02:01:10', '2025-02-03 02:01:10'),
(64, 1, 1, 'user', 1, 'task', 1, 'project', 'created', 'Sarah Adams created task Design new homepage layout', '2025-02-03 02:15:57', '2025-02-03 02:15:57'),
(65, 1, 1, 'user', 1, 'task', NULL, NULL, 'updated_status', 'Sarah Adams updated task status from Default to Not Started', '2025-02-03 02:16:35', '2025-02-03 02:16:35'),
(66, 1, 1, 'user', 2, 'task', 1, 'project', 'created', 'Sarah Adams created task Implement Responsive Design', '2025-02-03 02:25:11', '2025-02-03 02:25:11'),
(67, 1, 1, 'user', 1, 'project', NULL, NULL, 'updated', 'Sarah Adams updated project Website Redesign', '2025-02-03 02:28:21', '2025-02-03 02:28:21'),
(68, 1, 1, 'user', 7, 'project', NULL, NULL, 'created', 'Sarah Adams created project Implement Responsive Design', '2025-02-03 02:31:22', '2025-02-03 02:31:22'),
(69, 1, 1, 'user', 7, 'project', NULL, NULL, 'deleted', 'Sarah Adams deleted project Implement Responsive Design', '2025-02-03 03:03:08', '2025-02-03 03:03:08'),
(70, 1, 1, 'user', 16, 'tag', NULL, NULL, 'created', 'Sarah Adams created tag Server Setup', '2025-02-03 03:15:22', '2025-02-03 03:15:22'),
(71, 1, 1, 'user', 8, 'project', NULL, NULL, 'created', 'Sarah Adams created project Ecommerce Web Developement', '2025-02-03 03:18:38', '2025-02-03 03:18:38'),
(72, 1, 1, 'user', 8, 'project', NULL, NULL, 'updated', 'Sarah Adams updated project Ecommerce Web Developement', '2025-02-03 03:21:05', '2025-02-03 03:21:05'),
(73, 1, 1, 'user', 8, 'project', NULL, NULL, 'updated', 'Sarah Adams updated project Ecommerce Web Developement', '2025-02-03 03:21:43', '2025-02-03 03:21:43'),
(74, 1, 1, 'user', 8, 'project', NULL, NULL, 'updated', 'Sarah Adams updated project Ecommerce Web Developement', '2025-02-03 03:24:51', '2025-02-03 03:24:51'),
(75, 1, 1, 'user', 3, 'task', 8, 'project', 'created', 'Sarah Adams created task Home Page Degine', '2025-02-03 03:30:11', '2025-02-03 03:30:11'),
(76, 1, 1, 'user', 4, 'task', 8, 'project', 'created', 'Sarah Adams created task Category Page Degine', '2025-02-03 03:39:33', '2025-02-03 03:39:33'),
(77, 1, 1, 'user', 4, 'task', 8, 'project', 'updated', 'Sarah Adams updated task Category Page Degine', '2025-02-03 03:40:38', '2025-02-03 03:40:38'),
(78, 1, 1, 'user', 4, 'task', 8, 'project', 'updated', 'Sarah Adams updated task Category Page Degine', '2025-02-03 03:40:50', '2025-02-03 03:40:50'),
(79, 1, 1, 'user', 3, 'task', 8, 'project', 'updated', 'Sarah Adams updated task Home Page Degine', '2025-02-03 03:41:19', '2025-02-03 03:41:19'),
(80, 1, 1, 'user', 3, 'task', 8, 'project', 'updated', 'Sarah Adams updated task Home Page Degine', '2025-02-03 03:41:37', '2025-02-03 03:41:37'),
(81, 1, 1, 'user', 3, 'task', NULL, NULL, 'updated_status', 'Sarah Adams updated task status from Not Started to Deferred', '2025-02-03 03:47:16', '2025-02-03 03:47:16'),
(82, 1, 1, 'user', 3, 'task', NULL, NULL, 'updated_status', 'Sarah Adams updated task status from Deferred to Not Started', '2025-02-03 03:47:17', '2025-02-03 03:47:17'),
(83, 1, 1, 'user', 5, 'task', 8, 'project', 'created', 'Sarah Adams created task Products Page', '2025-02-03 03:54:08', '2025-02-03 03:54:08'),
(84, 1, 1, 'user', 5, 'task', 8, 'project', 'updated', 'Sarah Adams updated task Products Page Degine', '2025-02-03 04:06:51', '2025-02-03 04:06:51'),
(85, 1, 1, 'user', 6, 'task', 8, 'project', 'created', 'Sarah Adams created task Cart Page Degine', '2025-02-03 21:37:53', '2025-02-03 21:37:53'),
(86, 1, 1, 'user', 4, 'task', NULL, NULL, 'updated_status', 'Sarah Adams updated task status from Default to Not Started', '2025-02-03 21:39:06', '2025-02-03 21:39:06'),
(87, 1, 1, 'user', 5, 'task', NULL, NULL, 'updated_status', 'Sarah Adams updated task status from Default to Not Started', '2025-02-03 21:39:11', '2025-02-03 21:39:11'),
(88, 1, 1, 'user', 7, 'task', 8, 'project', 'created', 'Sarah Adams created task Profile Page Degine', '2025-02-03 21:41:15', '2025-02-03 21:41:15'),
(89, 1, 1, 'user', 7, 'task', NULL, NULL, 'updated_priority', 'Sarah Adams updated task priority from - to Medium', '2025-02-03 21:41:34', '2025-02-03 21:41:34'),
(90, 1, 1, 'user', 7, 'task', NULL, NULL, 'updated_status', 'Sarah Adams updated task status from Default to Not Started', '2025-02-03 21:43:08', '2025-02-03 21:43:08'),
(91, 1, 1, 'user', 8, 'task', 8, 'project', 'created', 'Sarah Adams created task Improve Responsiveness', '2025-02-03 21:46:46', '2025-02-03 21:46:46'),
(92, 1, 1, 'user', 3, 'task', 8, 'project', 'updated', 'Sarah Adams updated task Home Page Degine', '2025-02-03 21:50:18', '2025-02-03 21:50:18'),
(93, 1, 1, 'user', 4, 'task', 8, 'project', 'updated', 'Sarah Adams updated task Category Page Degine', '2025-02-03 21:51:19', '2025-02-03 21:51:19'),
(94, 1, 1, 'user', 5, 'task', 8, 'project', 'updated', 'Sarah Adams updated task Products Page Degine', '2025-02-03 21:51:56', '2025-02-03 21:51:56'),
(95, 1, 1, 'user', 6, 'task', 8, 'project', 'updated', 'Sarah Adams updated task Cart Page Degine', '2025-02-03 21:52:39', '2025-02-03 21:52:39'),
(96, 1, 1, 'user', 7, 'task', 8, 'project', 'updated', 'Sarah Adams updated task Profile Page Degine', '2025-02-03 21:53:14', '2025-02-03 21:53:14'),
(97, 1, 1, 'user', 8, 'task', 8, 'project', 'updated', 'Sarah Adams updated task Improve Responsiveness', '2025-02-03 21:53:44', '2025-02-03 21:53:44'),
(98, 1, 1, 'user', 8, 'task', 8, 'project', 'updated', 'Sarah Adams updated task Improve Responsiveness', '2025-02-03 21:54:10', '2025-02-03 21:54:10'),
(99, 1, 1, 'user', 9, 'task', 8, 'project', 'created', 'Sarah Adams created task Deploy to Producstion Server', '2025-02-03 21:55:47', '2025-02-03 21:55:47'),
(100, 1, 1, 'user', 9, 'task', NULL, NULL, 'updated_priority', 'Sarah Adams updated task priority from - to High', '2025-02-03 21:56:06', '2025-02-03 21:56:06'),
(101, 1, 1, 'user', 9, 'task', NULL, NULL, 'updated_status', 'Sarah Adams updated task status from Default to Not Started', '2025-02-03 21:56:10', '2025-02-03 21:56:10'),
(102, 1, 1, 'user', 9, 'task', 8, 'project', 'deleted', 'Sarah Adams deleted task Deploy to Producstion Server', '2025-02-03 21:58:25', '2025-02-03 21:58:25'),
(103, 1, 1, 'user', 5, 'user', NULL, NULL, 'created', 'Sarah Adams created user Frank Carpanter', '2025-02-03 22:06:00', '2025-02-03 22:06:00'),
(104, 1, 1, 'user', 8, 'project', NULL, NULL, 'updated', 'Sarah Adams updated project Ecommerce Web Developement', '2025-02-03 22:07:10', '2025-02-03 22:07:10'),
(105, 1, 1, 'user', 10, 'task', 8, 'project', 'created', 'Sarah Adams created task Testing the Web', '2025-02-03 22:09:11', '2025-02-03 22:09:11'),
(106, 1, 1, 'user', 7, 'task', 8, 'project', 'updated', 'Sarah Adams updated task Profile Page Degine & Development', '2025-02-03 22:11:24', '2025-02-03 22:11:24'),
(107, 1, 1, 'user', 3, 'task', 8, 'project', 'updated', 'Sarah Adams updated task Home Page Degine & Development', '2025-02-03 22:11:36', '2025-02-03 22:11:36'),
(108, 1, 1, 'user', 4, 'task', 8, 'project', 'updated', 'Sarah Adams updated task Category Page Degine & Development', '2025-02-03 22:11:42', '2025-02-03 22:11:42'),
(109, 1, 1, 'user', 5, 'task', 8, 'project', 'updated', 'Sarah Adams updated task Products Page Degine & Development', '2025-02-03 22:11:48', '2025-02-03 22:11:48'),
(110, 1, 1, 'user', 6, 'task', 8, 'project', 'updated', 'Sarah Adams updated task Cart Page Degine & Development', '2025-02-03 22:11:54', '2025-02-03 22:11:54'),
(111, 1, 1, 'user', 11, 'task', 8, 'project', 'created', 'Sarah Adams created task Resolve the Bug Sheet', '2025-02-03 22:17:54', '2025-02-03 22:17:54'),
(112, 1, 1, 'user', 12, 'task', 8, 'project', 'created', 'Sarah Adams created task Verification of the Functionality and Bug List', '2025-02-03 22:41:20', '2025-02-03 22:41:20'),
(113, 1, 1, 'user', 13, 'task', 8, 'project', 'created', 'Sarah Adams created task Deployment to the Production Server', '2025-02-03 22:43:26', '2025-02-03 22:43:26'),
(114, 1, 1, 'user', 12, 'task', 8, 'project', 'updated', 'Sarah Adams updated task Verification of the Functionality and Bug List', '2025-02-03 22:43:36', '2025-02-03 22:43:36'),
(115, 1, 1, 'user', 1, 'project', NULL, NULL, 'updated_status', 'Sarah Adams updated project status from Default to Not Started', '2025-02-03 22:59:30', '2025-02-03 22:59:30'),
(116, 1, 1, 'user', 3, 'user', NULL, NULL, 'updated', 'Sarah Adams updated user Ava Raine', '2025-02-03 23:24:14', '2025-02-03 23:24:14'),
(117, 1, 1, 'user', 4, 'user', NULL, NULL, 'updated', 'Sarah Adams updated user Carson Rowland', '2025-02-03 23:43:34', '2025-02-03 23:43:34'),
(118, 1, 1, 'user', 5, 'user', NULL, NULL, 'updated', 'Sarah Adams updated user Frank Carpanter', '2025-02-03 23:45:35', '2025-02-03 23:45:35'),
(119, 1, 1, 'user', 4, 'user', NULL, NULL, 'updated', 'Sarah Adams updated user Carson Rowland', '2025-02-03 23:46:41', '2025-02-03 23:46:41'),
(120, 1, 1, 'user', 6, 'user', NULL, NULL, 'created', 'Sarah Adams created user Jennifer Dewalt', '2025-02-03 23:53:13', '2025-02-03 23:53:13'),
(121, 1, 1, 'user', 6, 'user', NULL, NULL, 'updated', 'Sarah Adams updated user Jennifer Dewalt', '2025-02-03 23:53:35', '2025-02-03 23:53:35'),
(122, 1, 1, 'user', 2, 'user', NULL, NULL, 'updated', 'Sarah Adams updated user Ethan Parker', '2025-02-03 23:54:55', '2025-02-03 23:54:55'),
(123, 1, 1, 'user', 4, 'user', NULL, NULL, 'updated', 'Sarah Adams updated user Carson Rowland', '2025-02-03 23:55:34', '2025-02-03 23:55:34'),
(124, 1, 1, 'user', 4, 'user', NULL, NULL, 'updated', 'Sarah Adams updated user Carson Rowland', '2025-02-03 23:56:15', '2025-02-03 23:56:15'),
(125, 1, 1, 'user', 7, 'user', NULL, NULL, 'created', 'Sarah Adams created user Karen Lynch', '2025-02-04 00:02:12', '2025-02-04 00:02:12'),
(126, 1, 1, 'user', 17, 'tag', NULL, NULL, 'created', 'Sarah Adams created tag App Development', '2025-02-04 00:04:15', '2025-02-04 00:04:15'),
(127, 1, 1, 'user', 18, 'tag', NULL, NULL, 'created', 'Sarah Adams created tag Play Store', '2025-02-04 00:05:05', '2025-02-04 00:05:05'),
(128, 1, 1, 'user', 19, 'tag', NULL, NULL, 'created', 'Sarah Adams created tag App Store', '2025-02-04 00:05:12', '2025-02-04 00:05:12'),
(129, 1, 1, 'user', 20, 'tag', NULL, NULL, 'created', 'Sarah Adams created tag App Launch', '2025-02-04 00:05:22', '2025-02-04 00:05:22'),
(130, 1, 1, 'user', 9, 'project', NULL, NULL, 'created', 'Sarah Adams created project Mobile App Development for Business Solutions', '2025-02-04 00:06:10', '2025-02-04 00:06:10'),
(131, 1, 1, 'user', 8, 'project', NULL, NULL, 'updated', 'Sarah Adams updated project Ecommerce Web Developement', '2025-02-04 00:08:51', '2025-02-04 00:08:51'),
(132, 1, 1, 'user', 14, 'task', 9, 'project', 'created', 'Sarah Adams created task Project Planning & Requirement Gathering', '2025-02-04 00:15:16', '2025-02-04 00:15:16'),
(133, 1, 1, 'user', 9, 'project', NULL, NULL, 'updated', 'Sarah Adams updated project Mobile App Development for Business Solutions', '2025-02-04 00:20:03', '2025-02-04 00:20:03'),
(134, 1, 1, 'user', 15, 'task', 9, 'project', 'created', 'Sarah Adams created task Wireframing & UI/UX Design', '2025-02-04 00:23:10', '2025-02-04 00:23:10'),
(135, 1, 1, 'user', 8, 'user', NULL, NULL, 'created', 'Sarah Adams created user Mark Davis', '2025-02-04 00:32:13', '2025-02-04 00:32:13'),
(136, 1, 1, 'user', 9, 'project', NULL, NULL, 'updated', 'Sarah Adams updated project Mobile App Development for Business Solutions', '2025-02-04 00:33:39', '2025-02-04 00:33:39'),
(137, 1, 1, 'user', 16, 'task', 9, 'project', 'created', 'Sarah Adams created task Backend Development & Database Setup', '2025-02-04 00:35:47', '2025-02-04 00:35:47'),
(138, 1, 1, 'user', 17, 'task', 9, 'project', 'created', 'Sarah Adams created task App Testing & Quality Assurance', '2025-02-04 00:38:56', '2025-02-04 00:38:56'),
(139, 1, 1, 'user', 16, 'task', NULL, NULL, 'updated_priority', 'Sarah Adams updated task priority from - to Medium', '2025-02-04 00:39:43', '2025-02-04 00:39:43'),
(140, 1, 1, 'user', 16, 'task', NULL, NULL, 'updated_status', 'Sarah Adams updated task status from Default to Not Started', '2025-02-04 00:39:51', '2025-02-04 00:39:51'),
(141, 1, 1, 'user', 18, 'task', 9, 'project', 'created', 'Sarah Adams created task App Deployment & Launch', '2025-02-04 00:46:18', '2025-02-04 00:46:18'),
(142, 1, 1, 'user', 1, 'todo', NULL, NULL, 'created', 'Sarah Adams created todo Project & Task Oversight', '2025-02-04 00:53:35', '2025-02-04 00:53:35'),
(143, 1, 1, 'user', 1, 'todo', NULL, NULL, 'updated_status', 'Sarah Adams marked todo Project & Task Oversight as Completed', '2025-02-04 00:54:02', '2025-02-04 00:54:02'),
(144, 1, 1, 'user', 1, 'todo', NULL, NULL, 'updated_status', 'Sarah Adams marked todo Project & Task Oversight as Pending', '2025-02-04 00:54:12', '2025-02-04 00:54:12'),
(145, 1, 1, 'user', 2, 'todo', NULL, NULL, 'created', 'Sarah Adams created todo Check Notifications', '2025-02-04 00:54:46', '2025-02-04 00:54:46'),
(146, 1, 1, 'user', 1, 'todo', NULL, NULL, 'updated', 'Sarah Adams updated todo Project & Task Oversight', '2025-02-04 00:55:44', '2025-02-04 00:55:44'),
(147, 1, 1, 'user', 1, 'todo', NULL, NULL, 'updated', 'Sarah Adams updated todo Project Oversight', '2025-02-04 00:56:19', '2025-02-04 00:56:19'),
(148, 1, 1, 'user', 3, 'todo', NULL, NULL, 'created', 'Sarah Adams created todo Task Oversight', '2025-02-04 00:57:19', '2025-02-04 00:57:19'),
(149, 1, 1, 'user', 4, 'todo', NULL, NULL, 'created', 'Sarah Adams created todo Role Management', '2025-02-04 00:58:22', '2025-02-04 00:58:22'),
(150, 1, 1, 'user', 1, 'meeting', NULL, NULL, 'created', 'Sarah Adams created meeting Project Planning & Requirement Gathering', '2025-02-04 00:59:55', '2025-02-04 00:59:55'),
(151, 1, 1, 'user', 19, 'contract_type', NULL, NULL, 'created', 'Sarah Adams created contract type Development Services Agreement', '2025-02-04 01:17:45', '2025-02-04 01:17:45'),
(152, 1, 1, 'user', 20, 'contract_type', NULL, NULL, 'created', 'Sarah Adams created contract type Maintenance Contract', '2025-02-04 01:17:52', '2025-02-04 01:17:52'),
(153, 1, 1, 'user', 21, 'contract_type', NULL, NULL, 'created', 'Sarah Adams created contract type Service Level Agreement (SLA)', '2025-02-04 01:18:04', '2025-02-04 01:18:04'),
(154, 1, 1, 'user', 22, 'contract_type', NULL, NULL, 'created', 'Sarah Adams created contract type Time and Materials Contract', '2025-02-04 01:18:11', '2025-02-04 01:18:11'),
(155, 1, 1, 'user', 23, 'contract_type', NULL, NULL, 'created', 'Sarah Adams created contract type Fixed Price Contract', '2025-02-04 01:18:17', '2025-02-04 01:18:17'),
(156, 1, 1, 'user', 24, 'contract_type', NULL, NULL, 'created', 'Sarah Adams created contract type Software License Agreement', '2025-02-04 01:18:23', '2025-02-04 01:18:23'),
(157, 1, 1, 'user', 25, 'contract_type', NULL, NULL, 'created', 'Sarah Adams created contract type Non-Disclosure Agreement (NDA)', '2025-02-04 01:18:29', '2025-02-04 01:18:29'),
(158, 1, 1, 'user', 26, 'contract_type', NULL, NULL, 'created', 'Sarah Adams created contract type Milestone-Based Contract', '2025-02-04 01:18:42', '2025-02-04 01:18:42'),
(159, 1, 1, 'user', 27, 'contract_type', NULL, NULL, 'created', 'Sarah Adams created contract type Retainer Agreement', '2025-02-04 01:18:49', '2025-02-04 01:18:49'),
(160, 1, 1, 'user', 28, 'contract_type', NULL, NULL, 'created', 'Sarah Adams created contract type Change Order Agreement', '2025-02-04 01:18:57', '2025-02-04 01:18:57'),
(161, 1, 1, 'user', 29, 'contract_type', NULL, NULL, 'created', 'Sarah Adams created contract type Project Support Contract', '2025-02-04 01:19:05', '2025-02-04 01:19:05'),
(162, 1, 1, 'user', 30, 'contract_type', NULL, NULL, 'created', 'Sarah Adams created contract type Technical Services Agreement', '2025-02-04 01:19:12', '2025-02-04 01:19:12'),
(163, 1, 1, 'user', 31, 'contract_type', NULL, NULL, 'created', 'Sarah Adams created contract type Quality Assurance Contract', '2025-02-04 01:19:19', '2025-02-04 01:19:19'),
(164, 1, 1, 'user', 32, 'contract_type', NULL, NULL, 'created', 'Sarah Adams created contract type System Integration Agreement', '2025-02-04 01:19:25', '2025-02-04 01:19:25'),
(165, 1, 1, 'user', 1, 'contract', NULL, NULL, 'created', 'Sarah Adams created contract Mobile App Development Services Agreement', '2025-02-04 01:21:25', '2025-02-04 01:21:25'),
(166, 1, 1, 'user', 1, 'project', NULL, NULL, 'updated', 'Sarah Adams updated project Website Redesign', '2025-02-04 01:22:19', '2025-02-04 01:22:19'),
(167, 1, 1, 'user', 33, 'contract_type', NULL, NULL, 'created', 'Sarah Adams created contract type Project Service Contract', '2025-02-04 01:31:36', '2025-02-04 01:31:36'),
(168, 1, 1, 'user', 2, 'contract', NULL, NULL, 'created', 'Sarah Adams created contract Website ReDegine Contract', '2025-02-04 01:32:49', '2025-02-04 01:32:49'),
(169, 1, 1, 'user', 3, 'contract', NULL, NULL, 'created', 'Sarah Adams created contract Ecommerce Web Developement Contract', '2025-02-04 01:35:59', '2025-02-04 01:35:59'),
(170, 1, 1, 'user', 2, 'contract', NULL, NULL, 'updated', 'Sarah Adams updated contract Website ReDegine Contract', '2025-02-04 01:50:04', '2025-02-04 01:50:04'),
(171, 1, 1, 'user', 3, 'contract', NULL, NULL, 'signed', 'Sarah Adams signed contract Ecommerce Web Developement Contract', '2025-02-04 01:51:22', '2025-02-04 01:51:22'),
(172, 1, 1, 'user', 1, 'contract', NULL, NULL, 'signed', 'Sarah Adams signed contract Mobile App Development Services Agreement', '2025-02-04 01:51:59', '2025-02-04 01:51:59'),
(173, 1, 9, 'client', 1, 'contract', NULL, NULL, 'signed', 'Olivia Clark signed contract Mobile App Development Services Agreement', '2025-02-04 01:52:25', '2025-02-04 01:52:25'),
(174, 1, 1, 'user', 2, 'meeting', NULL, NULL, 'created', 'Sarah Adams created meeting Degine Discussion Meeting', '2025-02-04 02:02:35', '2025-02-04 02:02:35'),
(175, 1, 1, 'user', 1, 'allowance', NULL, NULL, 'created', 'Sarah Adams created allowance Refreshment', '2025-02-04 02:09:12', '2025-02-04 02:09:12'),
(176, 1, 1, 'user', 2, 'allowance', NULL, NULL, 'created', 'Sarah Adams created allowance Cofee', '2025-02-04 02:09:28', '2025-02-04 02:09:28'),
(177, 1, 1, 'user', 3, 'allowance', NULL, NULL, 'created', 'Sarah Adams created allowance Fuel', '2025-02-04 02:09:39', '2025-02-04 02:09:39'),
(178, 1, 1, 'user', 1, 'deduction', NULL, NULL, 'created', 'Sarah Adams created deduction Half Day Leave', '2025-02-04 02:11:45', '2025-02-04 02:11:45'),
(179, 1, 1, 'user', 2, 'deduction', NULL, NULL, 'created', 'Sarah Adams created deduction ew', '2025-02-04 02:19:07', '2025-02-04 02:19:07'),
(180, 1, 1, 'user', 2, 'deduction', NULL, NULL, 'deleted', 'Sarah Adams deleted deduction ew', '2025-02-04 02:19:18', '2025-02-04 02:19:18'),
(181, 1, 1, 'user', 3, 'deduction', NULL, NULL, 'created', 'Sarah Adams created deduction 444', '2025-02-04 02:19:24', '2025-02-04 02:19:24'),
(182, 1, 1, 'user', 4, 'deduction', NULL, NULL, 'created', 'Sarah Adams created deduction 4334', '2025-02-04 02:19:32', '2025-02-04 02:19:32'),
(183, 1, 1, 'user', 5, 'deduction', NULL, NULL, 'created', 'Sarah Adams created deduction Half Day Leave based on salary', '2025-02-04 03:04:01', '2025-02-04 03:04:01'),
(184, 1, 1, 'user', 3, 'deduction', NULL, NULL, 'deleted', 'Sarah Adams deleted deduction 444', '2025-02-04 03:04:37', '2025-02-04 03:04:37'),
(185, 1, 1, 'user', 4, 'deduction', NULL, NULL, 'deleted', 'Sarah Adams deleted deduction 4334', '2025-02-04 03:04:43', '2025-02-04 03:04:43'),
(186, 1, 1, 'user', 6, 'deduction', NULL, NULL, 'created', 'Sarah Adams created deduction Full Day Leave', '2025-02-04 03:05:23', '2025-02-04 03:05:23'),
(187, 1, 1, 'user', 18, 'payment_method', NULL, NULL, 'created', 'Sarah Adams created payment method Bank Transfer', '2025-02-04 03:07:09', '2025-02-04 03:07:09'),
(188, 1, 1, 'user', 19, 'payment_method', NULL, NULL, 'created', 'Sarah Adams created payment method UPI', '2025-02-04 03:07:18', '2025-02-04 03:07:18'),
(189, 1, 1, 'user', 1, 'payslip', NULL, NULL, 'created', 'Sarah Adams created payslip PSL-1', '2025-02-04 03:10:42', '2025-02-04 03:10:42'),
(190, 1, 1, 'user', 1, 'payslip', NULL, NULL, 'duplicated', 'Sarah Adams duplicated payslip PSL-1', '2025-02-04 03:11:02', '2025-02-04 03:11:02'),
(191, 1, 1, 'user', 2, 'payslip', NULL, NULL, 'updated', 'Sarah Adams updated payslip PSL-2', '2025-02-04 03:12:22', '2025-02-04 03:12:22'),
(192, 1, 1, 'user', 3, 'payslip', NULL, NULL, 'created', 'Sarah Adams created payslip PSL-3', '2025-02-04 03:14:47', '2025-02-04 03:14:47'),
(193, 1, 1, 'user', 4, 'payslip', NULL, NULL, 'created', 'Sarah Adams created payslip PSL-4', '2025-02-04 03:17:34', '2025-02-04 03:17:34'),
(194, 1, 1, 'user', 13, 'expense_type', NULL, NULL, 'created', 'Sarah Adams created expense type Office Bill', '2025-02-04 03:19:35', '2025-02-04 03:19:35'),
(195, 1, 1, 'user', 14, 'expense_type', NULL, NULL, 'created', 'Sarah Adams created expense type Civil Bill', '2025-02-04 03:20:19', '2025-02-04 03:20:19'),
(196, 1, 1, 'user', 15, 'expense_type', NULL, NULL, 'created', 'Sarah Adams created expense type Penalty', '2025-02-04 03:21:20', '2025-02-04 03:21:20'),
(197, 1, 1, 'user', 16, 'expense_type', NULL, NULL, 'created', 'Sarah Adams created expense type Medical', '2025-02-04 03:21:40', '2025-02-04 03:21:40'),
(198, 1, 1, 'user', 17, 'expense_type', NULL, NULL, 'created', 'Sarah Adams created expense type Goods Purchase', '2025-02-04 03:23:50', '2025-02-04 03:23:50'),
(199, 1, 1, 'user', 13, 'expense_type', NULL, NULL, 'deleted', 'Sarah Adams deleted expense type Office Bill', '2025-02-04 03:28:20', '2025-02-04 03:28:20'),
(200, 1, 1, 'user', 18, 'expense_type', NULL, NULL, 'created', 'Sarah Adams created expense type Overtime', '2025-02-04 03:28:26', '2025-02-04 03:28:26'),
(201, 1, 1, 'user', 19, 'expense_type', NULL, NULL, 'created', 'Sarah Adams created expense type Freelancer Payments', '2025-02-04 03:29:06', '2025-02-04 03:29:06'),
(202, 1, 1, 'user', 20, 'expense_type', NULL, NULL, 'created', 'Sarah Adams created expense type Office Supplies', '2025-02-04 03:29:20', '2025-02-04 03:29:20'),
(203, 1, 1, 'user', 21, 'expense_type', NULL, NULL, 'created', 'Sarah Adams created expense type Software and Tools Subscriptions', '2025-02-04 03:29:31', '2025-02-04 03:29:31'),
(204, 1, 1, 'user', 22, 'expense_type', NULL, NULL, 'created', 'Sarah Adams created expense type Utilities', '2025-02-04 03:29:39', '2025-02-04 03:29:39'),
(205, 1, 1, 'user', 23, 'expense_type', NULL, NULL, 'created', 'Sarah Adams created expense type Rent', '2025-02-04 03:29:52', '2025-02-04 03:29:52'),
(206, 1, 1, 'user', 24, 'expense_type', NULL, NULL, 'created', 'Sarah Adams created expense type Business Travel', '2025-02-04 03:30:15', '2025-02-04 03:30:15'),
(207, 1, 1, 'user', 25, 'expense_type', NULL, NULL, 'created', 'Sarah Adams created expense type Local Transportation', '2025-02-04 03:30:22', '2025-02-04 03:30:22'),
(208, 1, 1, 'user', 26, 'expense_type', NULL, NULL, 'created', 'Sarah Adams created expense type Event Sponsorships', '2025-02-04 03:30:33', '2025-02-04 03:30:33'),
(209, 1, 1, 'user', 27, 'expense_type', NULL, NULL, 'created', 'Sarah Adams created expense type Workshops and Seminars', '2025-02-04 03:30:44', '2025-02-04 03:30:44'),
(210, 1, 1, 'user', 28, 'expense_type', NULL, NULL, 'created', 'Sarah Adams created expense type Legal Consultation Fees', '2025-02-04 03:31:04', '2025-02-04 03:31:04'),
(211, 1, 1, 'user', 29, 'expense_type', NULL, NULL, 'created', 'Sarah Adams created expense type Taxes and Filing Fees', '2025-02-04 03:31:12', '2025-02-04 03:31:12'),
(212, 1, 1, 'user', 30, 'expense_type', NULL, NULL, 'created', 'Sarah Adams created expense type Refunds or Adjustments', '2025-02-04 03:31:18', '2025-02-04 03:31:18'),
(213, 1, 1, 'user', 14, 'expense_type', NULL, NULL, 'deleted', 'Sarah Adams deleted expense type Civil Bill', '2025-02-04 03:31:56', '2025-02-04 03:31:56'),
(214, 1, 1, 'user', 15, 'expense_type', NULL, NULL, 'deleted', 'Sarah Adams deleted expense type Penalty', '2025-02-04 03:32:00', '2025-02-04 03:32:00'),
(215, 1, 1, 'user', 31, 'expense_type', NULL, NULL, 'created', 'Sarah Adams created expense type salary', '2025-02-04 03:33:45', '2025-02-04 03:33:45'),
(216, 1, 1, 'user', 1, 'expense', NULL, NULL, 'created', 'Sarah Adams created expense Salary', '2025-02-04 03:34:23', '2025-02-04 03:34:23'),
(217, 1, 1, 'user', 2, 'expense', NULL, NULL, 'created', 'Sarah Adams created expense January Rent Pay', '2025-02-04 03:37:33', '2025-02-04 03:37:33'),
(218, 1, 1, 'user', 1, 'expense', NULL, NULL, 'duplicated', 'Sarah Adams duplicated expense Salary', '2025-02-04 03:38:27', '2025-02-04 03:38:27'),
(219, 1, 1, 'user', 3, 'expense', NULL, NULL, 'updated', 'Sarah Adams updated expense Salary to the karen', '2025-02-04 03:38:53', '2025-02-04 03:38:53'),
(220, 1, 1, 'user', 4, 'expense', NULL, NULL, 'created', 'Sarah Adams created expense Internet Bill Payment', '2025-02-04 03:39:39', '2025-02-04 03:39:39'),
(221, 1, 1, 'user', 5, 'expense', NULL, NULL, 'created', 'Sarah Adams created expense Office Refreshment Items', '2025-02-04 03:40:33', '2025-02-04 03:40:33'),
(222, 1, 1, 'user', 1, 'unit', NULL, NULL, 'created', 'Sarah Adams created unit Page', '2025-02-04 03:44:40', '2025-02-04 03:44:40'),
(223, 1, 1, 'user', 1, 'item', NULL, NULL, 'created', 'Sarah Adams created item Home Page UI/UX', '2025-02-04 03:45:21', '2025-02-04 03:45:21'),
(224, 1, 1, 'user', 1, 'invoice', NULL, NULL, 'created', 'Sarah Adams created invoice INV-1', '2025-02-04 03:49:01', '2025-02-04 03:49:01'),
(225, 1, 1, 'user', 2, 'unit', NULL, NULL, 'created', 'Sarah Adams created unit Server', '2025-02-04 03:52:46', '2025-02-04 03:52:46'),
(226, 1, 1, 'user', 3, 'unit', NULL, NULL, 'created', 'Sarah Adams created unit Plugin', '2025-02-04 03:53:24', '2025-02-04 03:53:24'),
(227, 1, 1, 'user', 2, 'item', NULL, NULL, 'created', 'Sarah Adams created item Server Setup', '2025-02-04 03:54:29', '2025-02-04 03:54:29'),
(228, 1, 1, 'user', 1, 'item', NULL, NULL, 'updated', 'Sarah Adams updated item Page UI/UX', '2025-02-04 03:54:55', '2025-02-04 03:54:55'),
(229, 1, 1, 'user', 1, 'tax', NULL, NULL, 'created', 'Sarah Adams created tax GST', '2025-02-04 04:00:58', '2025-02-04 04:00:58'),
(230, 1, 1, 'user', 2, 'tax', NULL, NULL, 'created', 'Sarah Adams created tax VAT', '2025-02-04 04:03:52', '2025-02-04 04:03:52'),
(231, 1, 1, 'user', 3, 'tax', NULL, NULL, 'created', 'Sarah Adams created tax Sales Tax', '2025-02-04 04:04:16', '2025-02-04 04:04:16'),
(232, 1, 1, 'user', 4, 'tax', NULL, NULL, 'created', 'Sarah Adams created tax Service Charge', '2025-02-04 04:04:28', '2025-02-04 04:04:28'),
(233, 1, 1, 'user', 5, 'tax', NULL, NULL, 'created', 'Sarah Adams created tax Corporate Tax', '2025-02-04 04:04:47', '2025-02-04 04:04:47'),
(234, 1, 1, 'user', 20, 'payment_method', NULL, NULL, 'created', 'Sarah Adams created payment method Cash', '2025-02-04 04:05:57', '2025-02-04 04:05:57'),
(235, 1, 1, 'user', 21, 'payment_method', NULL, NULL, 'created', 'Sarah Adams created payment method Checks', '2025-02-04 04:06:03', '2025-02-04 04:06:03'),
(236, 1, 1, 'user', 21, 'payment_method', NULL, NULL, 'updated', 'Sarah Adams updated payment method Check', '2025-02-04 04:06:09', '2025-02-04 04:06:09'),
(237, 1, 1, 'user', 22, 'payment_method', NULL, NULL, 'created', 'Sarah Adams created payment method Draft', '2025-02-04 04:06:15', '2025-02-04 04:06:15'),
(238, 1, 1, 'user', 4, 'unit', NULL, NULL, 'created', 'Sarah Adams created unit Complete Product', '2025-02-04 05:00:15', '2025-02-04 05:00:15'),
(239, 1, 1, 'user', 1, 'invoice', NULL, NULL, 'duplicated', 'Sarah Adams duplicated invoice INV-1', '2025-02-04 05:06:19', '2025-02-04 05:06:19'),
(240, 1, 1, 'user', 2, 'invoice', NULL, NULL, 'updated', 'Sarah Adams updated invoice INV-2', '2025-02-04 05:09:02', '2025-02-04 05:09:02'),
(241, 1, 1, 'user', 1, 'payment', NULL, NULL, 'created', 'Sarah Adams created payment Payment ID 1', '2025-02-04 05:10:28', '2025-02-04 05:10:28'),
(242, 1, 1, 'user', 1, 'payment', NULL, NULL, 'updated', 'Sarah Adams updated payment Payment ID 1', '2025-02-04 05:12:46', '2025-02-04 05:12:46'),
(243, 1, 1, 'user', 2, 'invoice', NULL, NULL, 'duplicated', 'Sarah Adams duplicated invoice INV-2', '2025-02-04 05:13:43', '2025-02-04 05:13:43'),
(244, 1, 1, 'user', 3, 'invoice', NULL, NULL, 'updated', 'Sarah Adams updated invoice INV-3', '2025-02-04 05:14:29', '2025-02-04 05:14:29'),
(245, 1, 1, 'user', 1, 'invoice', NULL, NULL, 'updated', 'Sarah Adams updated invoice INV-1', '2025-02-04 05:14:49', '2025-02-04 05:14:49'),
(246, 1, 1, 'user', 2, 'invoice', NULL, NULL, 'updated', 'Sarah Adams updated invoice INV-2', '2025-02-04 05:15:07', '2025-02-04 05:15:07'),
(247, 1, 3, 'user', 1, 'leave_request', NULL, NULL, 'created', 'Ava Raine created leave request ', '2025-02-04 05:18:16', '2025-02-04 05:18:16'),
(248, 1, 1, 'user', 1, 'leave_request', NULL, NULL, 'updated', 'Sarah Adams updated leave request ', '2025-02-04 05:18:57', '2025-02-04 05:18:57'),
(249, 1, 1, 'user', 1, 'note', NULL, NULL, 'created', 'Sarah Adams created note To Complete Elon Musk\'s Website', '2025-02-04 05:43:31', '2025-02-04 05:43:31'),
(250, 1, 1, 'user', 2, 'note', NULL, NULL, 'created', 'Sarah Adams created note Review Team Meeting Notes', '2025-02-04 05:45:04', '2025-02-04 05:45:04'),
(251, 1, 1, 'user', 3, 'note', NULL, NULL, 'created', 'Sarah Adams created note Urgent: Server Maintenance', '2025-02-04 05:45:31', '2025-02-04 05:45:31'),
(252, 1, 1, 'user', 4, 'note', NULL, NULL, 'created', 'Sarah Adams created note Client Follow-up', '2025-02-04 05:46:09', '2025-02-04 05:46:09'),
(253, 1, 1, 'user', 5, 'note', NULL, NULL, 'created', 'Sarah Adams created note Update Documentation', '2025-02-04 05:46:35', '2025-02-04 05:46:35'),
(254, 1, 1, 'user', 6, 'note', NULL, NULL, 'created', 'Sarah Adams created note Team Training Session', '2025-02-04 05:47:03', '2025-02-04 05:47:03'),
(255, 1, 1, 'user', 7, 'note', NULL, NULL, 'created', 'Sarah Adams created note Critical: Security Update', '2025-02-04 05:47:21', '2025-02-04 05:47:21'),
(256, 1, 1, 'user', 8, 'note', NULL, NULL, 'created', 'Sarah Adams created note Weekly Report Due', '2025-02-04 05:47:42', '2025-02-04 05:47:42'),
(257, 1, 1, 'user', 9, 'note', NULL, NULL, 'created', 'Sarah Adams created note Database Backup Check', '2025-02-04 05:48:46', '2025-02-04 05:48:46'),
(258, 1, 1, 'user', 5, 'payslip', NULL, NULL, 'created', 'Sarah Adams created payslip PSL-5', '2025-02-04 05:53:46', '2025-02-04 05:53:46'),
(259, 1, 1, 'user', 2, 'invoice', NULL, NULL, 'updated', 'Sarah Adams updated invoice INV-2', '2025-02-04 21:18:13', '2025-02-04 21:18:13'),
(260, 1, 1, 'user', 3, 'invoice', NULL, NULL, 'duplicated', 'Sarah Adams duplicated invoice INV-3', '2025-02-04 21:18:24', '2025-02-04 21:18:24'),
(261, 1, 1, 'user', 3, 'item', NULL, NULL, 'created', 'Sarah Adams created item Page Development', '2025-02-04 21:19:34', '2025-02-04 21:19:34'),
(262, 1, 1, 'user', 3, 'item', NULL, NULL, 'updated', 'Sarah Adams updated item Page Development', '2025-02-04 21:20:03', '2025-02-04 21:20:03'),
(263, 1, 1, 'user', 4, 'invoice', NULL, NULL, 'updated', 'Sarah Adams updated invoice INV-4', '2025-02-04 21:20:30', '2025-02-04 21:20:30'),
(264, 1, 1, 'user', 4, 'invoice', NULL, NULL, 'updated', 'Sarah Adams updated invoice INV-4', '2025-02-04 21:20:45', '2025-02-04 21:20:45'),
(265, 1, 1, 'user', 21, 'tag', NULL, NULL, 'created', 'Sarah Adams created tag WordPress', '2025-02-04 21:26:18', '2025-02-04 21:26:18'),
(266, 1, 1, 'user', 22, 'tag', NULL, NULL, 'created', 'Sarah Adams created tag PlugIn', '2025-02-04 21:26:25', '2025-02-04 21:26:25'),
(267, 1, 1, 'user', 10, 'project', NULL, NULL, 'created', 'Sarah Adams created project Custom WordPress Plugin: \"Advanced SEO Meta Manager\"', '2025-02-04 21:30:39', '2025-02-04 21:30:39'),
(268, 1, 1, 'user', 19, 'task', 10, 'project', 'created', 'Sarah Adams created task Planning & Requirement Analysis', '2025-02-04 21:36:44', '2025-02-04 21:36:44'),
(269, 1, 1, 'user', 20, 'task', 10, 'project', 'created', 'Sarah Adams created task Plugin Setup', '2025-02-04 22:07:34', '2025-02-04 22:07:34'),
(270, 1, 1, 'user', 20, 'task', 10, 'project', 'updated', 'Sarah Adams updated task Plugin Setup', '2025-02-04 22:07:56', '2025-02-04 22:07:56'),
(271, 1, 1, 'user', 21, 'task', 10, 'project', 'created', 'Sarah Adams created task Admin Panel Development', '2025-02-04 22:10:41', '2025-02-04 22:10:41'),
(272, 1, 1, 'user', 21, 'task', NULL, NULL, 'updated_priority', 'Sarah Adams updated task priority from - to High', '2025-02-04 22:11:51', '2025-02-04 22:11:51'),
(273, 1, 1, 'user', 19, 'task', NULL, NULL, 'updated_status', 'Sarah Adams updated task status from Default to Not Started', '2025-02-04 22:11:57', '2025-02-04 22:11:57'),
(274, 1, 1, 'user', 21, 'task', NULL, NULL, 'updated_status', 'Sarah Adams updated task status from Default to Not Started', '2025-02-04 22:12:01', '2025-02-04 22:12:01'),
(275, 1, 1, 'user', 22, 'task', 10, 'project', 'created', 'Sarah Adams created task Meta Data Handling', '2025-02-04 22:16:41', '2025-02-04 22:16:41'),
(276, 1, 1, 'user', 22, 'task', NULL, NULL, 'updated_priority', 'Sarah Adams updated task priority from - to Low', '2025-02-04 22:16:50', '2025-02-04 22:16:50'),
(277, 1, 1, 'user', 22, 'task', NULL, NULL, 'updated_status', 'Sarah Adams updated task status from Default to Not Started', '2025-02-04 22:16:56', '2025-02-04 22:16:56'),
(278, 1, 1, 'user', 23, 'task', 10, 'project', 'created', 'Sarah Adams created task SEO Analysis Features', '2025-02-04 22:18:24', '2025-02-04 22:18:24'),
(279, 1, 1, 'user', 23, 'task', NULL, NULL, 'updated_priority', 'Sarah Adams updated task priority from - to Medium', '2025-02-04 22:18:31', '2025-02-04 22:18:31'),
(280, 1, 1, 'user', 24, 'task', 10, 'project', 'created', 'Sarah Adams created task Testing & Debugging', '2025-02-04 22:19:07', '2025-02-04 22:19:07'),
(281, 1, 1, 'user', 10, 'project', NULL, NULL, 'updated', 'Sarah Adams updated project Custom WordPress Plugin: \"Advanced SEO Meta Manager\"', '2025-02-04 22:20:53', '2025-02-04 22:20:53'),
(282, 1, 1, 'user', 10, 'project', NULL, NULL, 'updated', 'Sarah Adams updated project Custom WordPress Plugin: \"Advanced SEO Meta Manager\"', '2025-02-04 22:21:15', '2025-02-04 22:21:15'),
(283, 1, 1, 'user', 24, 'task', 10, 'project', 'updated', 'Sarah Adams updated task Testing & Debugging', '2025-02-04 22:22:39', '2025-02-04 22:22:39'),
(284, 1, 1, 'user', 25, 'task', 10, 'project', 'created', 'Sarah Adams created task Documentation', '2025-02-04 22:23:30', '2025-02-04 22:23:30'),
(285, 1, 1, 'user', 25, 'task', 10, 'project', 'updated', 'Sarah Adams updated task Documentation', '2025-02-04 22:23:46', '2025-02-04 22:23:46'),
(286, 1, 1, 'user', 26, 'task', 10, 'project', 'created', 'Sarah Adams created task Deployment', '2025-02-04 22:24:34', '2025-02-04 22:24:34'),
(287, 1, 1, 'user', 26, 'task', NULL, NULL, 'updated_status', 'Sarah Adams updated task status from Default to Not Started', '2025-02-04 22:24:41', '2025-02-04 22:24:41'),
(288, 1, 1, 'user', 26, 'task', NULL, NULL, 'updated_priority', 'Sarah Adams updated task priority from - to Medium', '2025-02-04 22:24:48', '2025-02-04 22:24:48'),
(289, 1, 1, 'user', 4, 'contract', NULL, NULL, 'created', 'Sarah Adams created contract Contract Description for Advanced SEO Meta Manager Plugin', '2025-02-04 22:27:57', '2025-02-04 22:27:57'),
(290, 1, 1, 'user', 4, 'item', NULL, NULL, 'created', 'Sarah Adams created item App Development Estimate', '2025-02-04 22:40:48', '2025-02-04 22:40:48'),
(291, 1, 1, 'user', 5, 'estimate', NULL, NULL, 'created', 'Sarah Adams created estimate EST-5', '2025-02-04 22:41:08', '2025-02-04 22:41:08'),
(292, 1, 1, 'user', 2, 'invoice', NULL, NULL, 'updated', 'Sarah Adams updated invoice INV-2', '2025-02-04 22:43:30', '2025-02-04 22:43:30'),
(293, 1, 1, 'user', 2, 'invoice', NULL, NULL, 'updated', 'Sarah Adams updated invoice INV-2', '2025-02-04 22:43:45', '2025-02-04 22:43:45'),
(294, 1, 1, 'user', 2, 'invoice', NULL, NULL, 'updated', 'Sarah Adams updated invoice INV-2', '2025-02-04 22:43:56', '2025-02-04 22:43:56'),
(295, 1, 1, 'user', 2, 'invoice', NULL, NULL, 'updated', 'Sarah Adams updated invoice INV-2', '2025-02-04 22:44:25', '2025-02-04 22:44:25'),
(296, 1, 1, 'user', 5, 'unit', NULL, NULL, 'created', 'Sarah Adams created unit Feature Addon', '2025-02-04 22:47:00', '2025-02-04 22:47:00'),
(297, 1, 1, 'user', 5, 'item', NULL, NULL, 'created', 'Sarah Adams created item Referal Feature', '2025-02-04 22:48:03', '2025-02-04 22:48:03'),
(298, 1, 1, 'user', 6, 'estimate', NULL, NULL, 'created', 'Sarah Adams created estimate EST-6', '2025-02-04 22:48:39', '2025-02-04 22:48:39'),
(299, 1, 1, 'user', 2, 'payment', NULL, NULL, 'created', 'Sarah Adams created payment Payment ID 2', '2025-02-04 22:51:02', '2025-02-04 22:51:02'),
(300, 1, 1, 'user', 9, 'user', NULL, NULL, 'created', 'Sarah Adams created user Alex Miller', '2025-02-04 23:47:34', '2025-02-04 23:47:34'),
(301, 1, 1, 'user', 2, 'workspace', NULL, NULL, 'created', 'Sarah Adams created workspace Secondary WorkSpace', '2025-02-04 23:48:17', '2025-02-04 23:48:17'),
(302, 2, 1, 'user', 10, 'user', NULL, NULL, 'created', 'Sarah Adams created user john Ravenwood', '2025-02-05 00:07:10', '2025-02-05 00:07:10'),
(303, 2, 1, 'user', 11, 'project', NULL, NULL, 'created', 'Sarah Adams created project AI-Powered Content Generator Plugin', '2025-02-05 00:14:15', '2025-02-05 00:14:15'),
(304, 2, 1, 'user', 27, 'task', 11, 'project', 'created', 'Sarah Adams created task Planning and Research', '2025-02-05 00:18:18', '2025-02-05 00:18:18'),
(305, 2, 1, 'user', 28, 'task', 11, 'project', 'created', 'Sarah Adams created task Project Setup', '2025-02-05 00:32:42', '2025-02-05 00:32:42'),
(306, 2, 1, 'user', 29, 'task', 11, 'project', 'created', 'Sarah Adams created task API Integration', '2025-02-05 00:34:28', '2025-02-05 00:34:28'),
(307, 2, 1, 'user', 30, 'task', 11, 'project', 'created', 'Sarah Adams created task Content Generation Features', '2025-02-05 00:36:57', '2025-02-05 00:36:57'),
(308, 2, 1, 'user', 31, 'task', 11, 'project', 'created', 'Sarah Adams created task Admin Panel Development', '2025-02-05 00:41:47', '2025-02-05 00:41:47'),
(309, 2, 1, 'user', 31, 'task', NULL, NULL, 'updated_status', 'Sarah Adams updated task status from Default to Not Started', '2025-02-05 00:42:28', '2025-02-05 00:42:28'),
(310, 2, 1, 'user', 31, 'task', NULL, NULL, 'updated_priority', 'Sarah Adams updated task priority from - to Medium', '2025-02-05 00:42:52', '2025-02-05 00:42:52'),
(311, 2, 1, 'user', 30, 'task', NULL, NULL, 'updated_status', 'Sarah Adams updated task status from Default to Not Started', '2025-02-05 00:43:07', '2025-02-05 00:43:07'),
(312, 2, 1, 'user', 32, 'task', 11, 'project', 'created', 'Sarah Adams created task Integration with WordPress Editors', '2025-02-05 00:55:32', '2025-02-05 00:55:32'),
(313, 2, 1, 'user', 33, 'task', 11, 'project', 'created', 'Sarah Adams created task Testing and Debugging', '2025-02-05 00:56:07', '2025-02-05 00:56:07'),
(314, 2, 1, 'user', 33, 'task', NULL, NULL, 'updated_status', 'Sarah Adams updated task status from Default to Not Started', '2025-02-05 00:56:35', '2025-02-05 00:56:35'),
(315, 2, 1, 'user', 33, 'task', NULL, NULL, 'updated_priority', 'Sarah Adams updated task priority from - to Medium', '2025-02-05 00:57:25', '2025-02-05 00:57:25'),
(316, 2, 1, 'user', 34, 'task', 11, 'project', 'created', 'Sarah Adams created task Documentation', '2025-02-05 00:58:49', '2025-02-05 00:58:49'),
(317, 2, 1, 'user', 35, 'task', 11, 'project', 'created', 'Sarah Adams created task Deployment', '2025-02-05 00:59:38', '2025-02-05 00:59:38'),
(318, 2, 1, 'user', 35, 'task', 11, 'project', 'updated', 'Sarah Adams updated task Deployment', '2025-02-05 01:00:05', '2025-02-05 01:00:05'),
(319, 2, 1, 'user', 3, 'meeting', NULL, NULL, 'created', 'Sarah Adams created meeting Planing with Client', '2025-02-05 01:06:24', '2025-02-05 01:06:24'),
(320, 2, 1, 'user', 34, 'contract_type', NULL, NULL, 'created', 'Sarah Adams created contract type Project Development Contract', '2025-02-05 01:12:18', '2025-02-05 01:12:18'),
(321, 2, 1, 'user', 35, 'contract_type', NULL, NULL, 'created', 'Sarah Adams created contract type Plugin Development', '2025-02-05 01:14:11', '2025-02-05 01:14:11'),
(322, 2, 1, 'user', 5, 'contract', NULL, NULL, 'created', 'Sarah Adams created contract Development of AI-Powered Content Generator WordPress Plugin', '2025-02-05 01:18:39', '2025-02-05 01:18:39'),
(323, 2, 1, 'user', 23, 'payment_method', NULL, NULL, 'created', 'Sarah Adams created payment method Cash Payment', '2025-02-05 01:23:30', '2025-02-05 01:23:30'),
(324, 2, 1, 'user', 24, 'payment_method', NULL, NULL, 'created', 'Sarah Adams created payment method Direct Bank Transfer', '2025-02-05 01:23:52', '2025-02-05 01:23:52'),
(325, 2, 1, 'user', 4, 'allowance', NULL, NULL, 'created', 'Sarah Adams created allowance Fuel payment', '2025-02-05 01:25:33', '2025-02-05 01:25:33'),
(326, 2, 1, 'user', 5, 'allowance', NULL, NULL, 'created', 'Sarah Adams created allowance Tea', '2025-02-05 01:25:51', '2025-02-05 01:25:51'),
(327, 2, 1, 'user', 7, 'deduction', NULL, NULL, 'created', 'Sarah Adams created deduction leave Deduction', '2025-02-05 01:26:34', '2025-02-05 01:26:34');
INSERT INTO `activity_logs` (`id`, `workspace_id`, `actor_id`, `actor_type`, `type_id`, `type`, `parent_type_id`, `parent_type`, `activity`, `message`, `created_at`, `updated_at`) VALUES
(328, 2, 1, 'user', 6, 'payslip', NULL, NULL, 'created', 'Sarah Adams created payslip PSL-6', '2025-02-05 01:27:06', '2025-02-05 01:27:06'),
(329, 2, 1, 'user', 6, 'payslip', NULL, NULL, 'duplicated', 'Sarah Adams duplicated payslip PSL-6', '2025-02-05 01:32:09', '2025-02-05 01:32:09'),
(330, 2, 1, 'user', 7, 'payslip', NULL, NULL, 'updated', 'Sarah Adams updated payslip PSL-7', '2025-02-05 01:32:32', '2025-02-05 01:32:32'),
(331, 2, 1, 'user', 7, 'payslip', NULL, NULL, 'updated', 'Sarah Adams updated payslip PSL-7', '2025-02-05 01:32:58', '2025-02-05 01:32:58'),
(332, 2, 1, 'user', 7, 'payslip', NULL, NULL, 'updated', 'Sarah Adams updated payslip PSL-7', '2025-02-05 01:33:21', '2025-02-05 01:33:21'),
(333, 2, 1, 'user', 32, 'expense_type', NULL, NULL, 'created', 'Sarah Adams created expense type Supply Goods', '2025-02-05 01:34:38', '2025-02-05 01:34:38'),
(334, 2, 1, 'user', 32, 'expense_type', NULL, NULL, 'updated', 'Sarah Adams updated expense type Supply Goods', '2025-02-05 01:34:59', '2025-02-05 01:34:59'),
(335, 2, 1, 'user', 6, 'expense', NULL, NULL, 'created', 'Sarah Adams created expense Office Refreshment Supply', '2025-02-05 01:35:40', '2025-02-05 01:35:40'),
(336, 2, 1, 'user', 33, 'expense_type', NULL, NULL, 'created', 'Sarah Adams created expense type Drinking Water Supply', '2025-02-05 01:36:53', '2025-02-05 01:36:53'),
(337, 2, 1, 'user', 7, 'expense', NULL, NULL, 'created', 'Sarah Adams created expense Water Supply', '2025-02-05 01:37:25', '2025-02-05 01:37:25'),
(338, 2, 1, 'user', 34, 'expense_type', NULL, NULL, 'created', 'Sarah Adams created expense type Medical Goods', '2025-02-05 01:37:45', '2025-02-05 01:37:45'),
(339, 2, 1, 'user', 8, 'expense', NULL, NULL, 'created', 'Sarah Adams created expense Medical', '2025-02-05 01:38:20', '2025-02-05 01:38:20'),
(340, 2, 1, 'user', 7, 'expense', NULL, NULL, 'updated', 'Sarah Adams updated expense Water Supply', '2025-02-05 01:38:29', '2025-02-05 01:38:29'),
(341, 2, 1, 'user', 6, 'unit', NULL, NULL, 'created', 'Sarah Adams created unit Plug-In', '2025-02-05 01:40:44', '2025-02-05 01:40:44'),
(342, 2, 1, 'user', 6, 'item', NULL, NULL, 'created', 'Sarah Adams created item Ai Plugin', '2025-02-05 01:41:32', '2025-02-05 01:41:32'),
(343, 2, 1, 'user', 7, 'estimate', NULL, NULL, 'created', 'Sarah Adams created estimate EST-7', '2025-02-05 01:44:06', '2025-02-05 01:44:06'),
(344, 2, 1, 'user', 7, 'unit', NULL, NULL, 'created', 'Sarah Adams created unit Website Development', '2025-02-05 01:45:13', '2025-02-05 01:45:13'),
(345, 2, 1, 'user', 7, 'item', NULL, NULL, 'created', 'Sarah Adams created item website Development', '2025-02-05 01:46:12', '2025-02-05 01:46:12'),
(346, 2, 1, 'user', 8, 'estimate', NULL, NULL, 'created', 'Sarah Adams created estimate EST-8', '2025-02-05 01:46:25', '2025-02-05 01:46:25'),
(347, 2, 1, 'user', 7, 'invoice', NULL, NULL, 'updated', 'Sarah Adams updated invoice INV-7', '2025-02-05 01:46:45', '2025-02-05 01:46:45'),
(348, 2, 1, 'user', 6, 'tax', NULL, NULL, 'created', 'Sarah Adams created tax G.S.T', '2025-02-05 01:47:32', '2025-02-05 01:47:32'),
(349, 2, 1, 'user', 7, 'tax', NULL, NULL, 'created', 'Sarah Adams created tax V.A.T', '2025-02-05 01:47:54', '2025-02-05 01:47:54'),
(350, 2, 1, 'user', 8, 'tax', NULL, NULL, 'created', 'Sarah Adams created tax Service Charge Tax', '2025-02-05 01:48:20', '2025-02-05 01:48:20'),
(351, 2, 1, 'user', 3, 'payment', NULL, NULL, 'created', 'Sarah Adams created payment Payment ID 3', '2025-02-05 01:52:53', '2025-02-05 01:52:53'),
(352, 1, 1, 'user', 7, 'user', NULL, NULL, 'updated', 'Sarah Adams updated user Karen Lynch', '2025-02-05 04:32:26', '2025-02-05 04:32:26'),
(353, 1, 1, 'user', 2, 'client', NULL, NULL, 'updated', 'Sarah Adams updated client Elon Musk', '2025-02-05 04:33:25', '2025-02-05 04:33:25'),
(354, 1, 1, 'user', 12, 'project', NULL, NULL, 'created', 'Sarah Adams created project Custom Learning Management System (LMS) Plugin', '2025-02-05 23:44:21', '2025-02-05 23:44:21'),
(355, 1, 1, 'user', 12, 'project', NULL, NULL, 'updated', 'Sarah Adams updated project Custom Learning Management System (LMS) Plugin', '2025-02-05 23:48:25', '2025-02-05 23:48:25'),
(356, 1, 1, 'user', 36, 'task', 12, 'project', 'created', 'Sarah Adams created task Planning and Requirement Analysis', '2025-02-05 23:50:22', '2025-02-05 23:50:22'),
(357, 1, 1, 'user', 37, 'task', 12, 'project', 'created', 'Sarah Adams created task Project Setup', '2025-02-05 23:51:44', '2025-02-05 23:51:44'),
(358, 1, 1, 'user', 38, 'task', 12, 'project', 'created', 'Sarah Adams created task Make Course Management Module', '2025-02-05 23:53:25', '2025-02-05 23:53:25'),
(359, 1, 1, 'user', 38, 'task', 12, 'project', 'duplicated', 'Sarah Adams duplicated task Make Course Management Module', '2025-02-05 23:54:05', '2025-02-05 23:54:05'),
(360, 1, 1, 'user', 39, 'task', 12, 'project', 'updated', 'Sarah Adams updated task User Roles and Permission', '2025-02-05 23:54:56', '2025-02-05 23:54:56'),
(361, 1, 1, 'user', 39, 'task', 12, 'project', 'duplicated', 'Sarah Adams duplicated task User Roles and Permission', '2025-02-05 23:55:03', '2025-02-05 23:55:03'),
(362, 1, 1, 'user', 40, 'task', 12, 'project', 'updated', 'Sarah Adams updated task Progress Tracking and Analytics', '2025-02-05 23:55:58', '2025-02-05 23:55:58'),
(363, 1, 1, 'user', 40, 'task', 12, 'project', 'duplicated', 'Sarah Adams duplicated task Progress Tracking and Analytics', '2025-02-05 23:56:42', '2025-02-05 23:56:42'),
(364, 1, 1, 'user', 41, 'task', 12, 'project', 'updated', 'Sarah Adams updated task Interactive Learning Features', '2025-02-05 23:57:40', '2025-02-05 23:57:40'),
(365, 1, 1, 'user', 41, 'task', 12, 'project', 'duplicated', 'Sarah Adams duplicated task Interactive Learning Features', '2025-02-05 23:57:58', '2025-02-05 23:57:58'),
(366, 1, 1, 'user', 42, 'task', 12, 'project', 'updated', 'Sarah Adams updated task Certification System', '2025-02-05 23:58:38', '2025-02-05 23:58:38'),
(367, 1, 1, 'user', 40, 'task', 12, 'project', 'updated', 'Sarah Adams updated task Progress Tracking and Analytics', '2025-02-05 23:58:53', '2025-02-05 23:58:53'),
(368, 1, 1, 'user', 42, 'task', 12, 'project', 'updated', 'Sarah Adams updated task Certification System', '2025-02-06 00:00:37', '2025-02-06 00:00:37'),
(369, 1, 1, 'user', 42, 'task', 12, 'project', 'duplicated', 'Sarah Adams duplicated task Certification System', '2025-02-06 00:00:58', '2025-02-06 00:00:58'),
(370, 1, 1, 'user', 43, 'task', 12, 'project', 'updated', 'Sarah Adams updated task Payment Integration', '2025-02-06 00:02:35', '2025-02-06 00:02:35'),
(371, 1, 1, 'user', 44, 'task', 12, 'project', 'created', 'Sarah Adams created task Testing and Debugging', '2025-02-06 00:06:09', '2025-02-06 00:06:09'),
(372, 1, 1, 'user', 44, 'task', 12, 'project', 'duplicated', 'Sarah Adams duplicated task Testing and Debugging', '2025-02-06 00:06:56', '2025-02-06 00:06:56'),
(373, 1, 1, 'user', 45, 'task', 12, 'project', 'updated', 'Sarah Adams updated task Deployment', '2025-02-06 00:07:36', '2025-02-06 00:07:36'),
(374, 1, 1, 'user', 45, 'task', 12, 'project', 'updated', 'Sarah Adams updated task Deployment', '2025-02-06 00:08:03', '2025-02-06 00:08:03'),
(375, 1, 1, 'user', 44, 'task', 12, 'project', 'updated', 'Sarah Adams updated task Testing and Debugging', '2025-02-06 00:08:31', '2025-02-06 00:08:31'),
(376, 1, 1, 'user', 45, 'task', NULL, NULL, 'updated_priority', 'Sarah Adams updated task priority from - to High', '2025-02-06 00:08:48', '2025-02-06 00:08:48'),
(377, 1, 1, 'user', 44, 'task', NULL, NULL, 'updated_priority', 'Sarah Adams updated task priority from - to Medium', '2025-02-06 00:08:53', '2025-02-06 00:08:53'),
(378, 1, 1, 'user', 43, 'task', NULL, NULL, 'updated_priority', 'Sarah Adams updated task priority from - to Medium', '2025-02-06 00:09:00', '2025-02-06 00:09:00'),
(379, 1, 1, 'user', 42, 'task', NULL, NULL, 'updated_priority', 'Sarah Adams updated task priority from - to Low', '2025-02-06 00:09:05', '2025-02-06 00:09:05'),
(380, 1, 1, 'user', 41, 'task', NULL, NULL, 'updated_priority', 'Sarah Adams updated task priority from - to Urgent', '2025-02-06 00:09:13', '2025-02-06 00:09:13'),
(381, 1, 1, 'user', 40, 'task', NULL, NULL, 'updated_priority', 'Sarah Adams updated task priority from - to High', '2025-02-06 00:09:18', '2025-02-06 00:09:18'),
(382, 1, 1, 'user', 38, 'task', NULL, NULL, 'updated_priority', 'Sarah Adams updated task priority from - to Low', '2025-02-06 00:09:22', '2025-02-06 00:09:22'),
(383, 1, 1, 'user', 39, 'task', NULL, NULL, 'updated_priority', 'Sarah Adams updated task priority from - to Medium', '2025-02-06 00:09:27', '2025-02-06 00:09:27'),
(384, 1, 1, 'user', 36, 'task', NULL, NULL, 'updated_status', 'Sarah Adams updated task status from Not Started to Completed', '2025-02-06 00:09:47', '2025-02-06 00:09:47'),
(385, 1, 1, 'user', 38, 'task', NULL, NULL, 'updated_status', 'Sarah Adams updated task status from Default to In Progress', '2025-02-06 00:10:15', '2025-02-06 00:10:15'),
(386, 1, 1, 'user', 39, 'task', NULL, NULL, 'updated_status', 'Sarah Adams updated task status from Default to On Hold', '2025-02-06 00:10:41', '2025-02-06 00:10:41'),
(387, 1, 1, 'user', 40, 'task', NULL, NULL, 'updated_status', 'Sarah Adams updated task status from Default to Completed', '2025-02-06 00:11:09', '2025-02-06 00:11:09'),
(388, 1, 1, 'user', 11, 'user', NULL, NULL, 'created', 'Sarah Adams created user Robert D. Moser Jr.', '2025-02-06 00:21:47', '2025-02-06 00:21:47'),
(389, 1, 1, 'user', 11, 'user', NULL, NULL, 'updated', 'Sarah Adams updated user Robert D. Moser Jr.', '2025-02-06 00:27:14', '2025-02-06 00:27:14'),
(390, 1, 1, 'user', 12, 'user', NULL, NULL, 'created', 'Sarah Adams created user Henery Gross', '2025-02-06 00:35:36', '2025-02-06 00:35:36'),
(391, 1, 1, 'user', 13, 'user', NULL, NULL, 'created', 'Sarah Adams created user Norma Merrick', '2025-02-06 00:40:20', '2025-02-06 00:40:20'),
(392, 1, 1, 'user', 14, 'user', NULL, NULL, 'created', 'Sarah Adams created user Natalia Mars', '2025-02-06 00:47:37', '2025-02-06 00:47:37'),
(393, 1, 1, 'user', 15, 'user', NULL, NULL, 'created', 'Sarah Adams created user Eric Nose', '2025-02-06 00:50:54', '2025-02-06 00:50:54'),
(394, 1, 1, 'user', 23, 'tag', NULL, NULL, 'created', 'Sarah Adams created tag construction', '2025-02-06 01:06:41', '2025-02-06 01:06:41'),
(395, 1, 1, 'user', 24, 'tag', NULL, NULL, 'created', 'Sarah Adams created tag Cvil', '2025-02-06 01:06:56', '2025-02-06 01:06:56'),
(396, 1, 1, 'user', 13, 'project', NULL, NULL, 'created', 'Sarah Adams created project Residential Apartment Complex Construction', '2025-02-06 01:07:54', '2025-02-06 01:07:54'),
(397, 1, 1, 'user', 13, 'project', NULL, NULL, 'updated_status', 'Sarah Adams updated project status from Default to In Progress', '2025-02-06 01:09:44', '2025-02-06 01:09:44'),
(398, 1, 1, 'user', 13, 'project', NULL, NULL, 'updated', 'Sarah Adams updated project Residential Apartment Complex Construction', '2025-02-06 01:10:44', '2025-02-06 01:10:44'),
(399, 1, 1, 'user', 46, 'task', 13, 'project', 'created', 'Sarah Adams created task Planning and Feasibility Study', '2025-02-06 01:14:12', '2025-02-06 01:14:12'),
(400, 1, 1, 'user', 47, 'task', 13, 'project', 'created', 'Sarah Adams created task Design and Architecture', '2025-02-06 01:16:10', '2025-02-06 01:16:10'),
(401, 1, 1, 'user', 48, 'task', 13, 'project', 'created', 'Sarah Adams created task Budgeting and Cost Estimation', '2025-02-06 01:17:45', '2025-02-06 01:17:45'),
(402, 1, 1, 'user', 49, 'task', 13, 'project', 'created', 'Sarah Adams created task Procurement of Materials', '2025-02-06 01:21:04', '2025-02-06 01:21:04'),
(403, 1, 1, 'user', 50, 'task', 13, 'project', 'created', 'Sarah Adams created task Site Preparation', '2025-02-06 01:23:14', '2025-02-06 01:23:14'),
(404, 1, 1, 'user', 51, 'task', 13, 'project', 'created', 'Sarah Adams created task Foundation Construction', '2025-02-06 01:25:13', '2025-02-06 01:25:13'),
(405, 1, 1, 'user', 52, 'task', 13, 'project', 'created', 'Sarah Adams created task Structural Work', '2025-02-06 01:26:40', '2025-02-06 01:26:40'),
(406, 1, 1, 'user', 53, 'task', 13, 'project', 'created', 'Sarah Adams created task Electrical and Plumbing Installation', '2025-02-06 01:28:29', '2025-02-06 01:28:29'),
(407, 1, 1, 'user', 53, 'task', 13, 'project', 'duplicated', 'Sarah Adams duplicated task Electrical and Plumbing Installation', '2025-02-06 01:28:56', '2025-02-06 01:28:56'),
(408, 1, 1, 'user', 54, 'task', 13, 'project', 'updated', 'Sarah Adams updated task Electrical and Plumbing Installation', '2025-02-06 01:29:38', '2025-02-06 01:29:38'),
(409, 1, 1, 'user', 54, 'task', 13, 'project', 'duplicated', 'Sarah Adams duplicated task Electrical and Plumbing Installation', '2025-02-06 01:30:00', '2025-02-06 01:30:00'),
(410, 1, 1, 'user', 54, 'task', 13, 'project', 'updated', 'Sarah Adams updated task Exterior Work', '2025-02-06 01:30:28', '2025-02-06 01:30:28'),
(411, 1, 1, 'user', 55, 'task', 13, 'project', 'updated', 'Sarah Adams updated task Interior Finishing', '2025-02-06 01:31:12', '2025-02-06 01:31:12'),
(412, 1, 1, 'user', 55, 'task', 13, 'project', 'updated', 'Sarah Adams updated task Interior Finishing', '2025-02-06 01:32:19', '2025-02-06 01:32:19'),
(413, 1, 1, 'user', 13, 'project', NULL, NULL, 'updated', 'Sarah Adams updated project Residential Apartment Complex Construction', '2025-02-06 01:34:37', '2025-02-06 01:34:37'),
(414, 1, 1, 'user', 56, 'task', 13, 'project', 'created', 'Sarah Adams created task Testing and Quality Assurance', '2025-02-06 01:36:39', '2025-02-06 01:36:39'),
(415, 1, 1, 'user', 57, 'task', 13, 'project', 'created', 'Sarah Adams created task Marketing and Sales', '2025-02-06 01:37:48', '2025-02-06 01:37:48'),
(416, 1, 1, 'user', 58, 'task', 13, 'project', 'created', 'Sarah Adams created task Post-Construction Maintenance', '2025-02-06 01:46:16', '2025-02-06 01:46:16'),
(417, 1, 1, 'user', 14, 'project', NULL, NULL, 'created', 'Sarah Adams created project Luxury Villa Construction Project', '2025-02-06 01:55:05', '2025-02-06 01:55:05'),
(418, 1, 1, 'user', 12, 'project', NULL, NULL, 'updated_priority', 'Sarah Adams updated project priority from - to High', '2025-02-06 01:56:20', '2025-02-06 01:56:20'),
(419, 1, 1, 'user', 12, 'project', NULL, NULL, 'updated_status', 'Sarah Adams updated project status from Default to In Progress', '2025-02-06 01:56:37', '2025-02-06 01:56:37'),
(420, 1, 1, 'user', 14, 'project', NULL, NULL, 'updated', 'Sarah Adams updated project Luxury Villa Construction Project', '2025-02-06 01:57:15', '2025-02-06 01:57:15'),
(421, 1, 1, 'user', 59, 'task', 14, 'project', 'created', 'Sarah Adams created task Project Planning and Design', '2025-02-06 01:59:58', '2025-02-06 01:59:58'),
(422, 1, 1, 'user', 60, 'task', 14, 'project', 'created', 'Sarah Adams created task Permits and Approvals', '2025-02-06 02:09:00', '2025-02-06 02:09:00'),
(423, 1, 1, 'user', 61, 'task', 14, 'project', 'created', 'Sarah Adams created task Budgeting and Procurement', '2025-02-06 02:10:59', '2025-02-06 02:10:59'),
(424, 1, 1, 'user', 62, 'task', 14, 'project', 'created', 'Sarah Adams created task Site Preparation', '2025-02-06 02:16:03', '2025-02-06 02:16:03'),
(425, 1, 1, 'user', 62, 'task', 14, 'project', 'updated', 'Sarah Adams updated task Site Preparation', '2025-02-06 02:17:07', '2025-02-06 02:17:07'),
(426, 1, 1, 'user', 63, 'task', 14, 'project', 'created', 'Sarah Adams created task Roofing and Exterior Construction', '2025-02-06 02:31:52', '2025-02-06 02:31:52'),
(427, 1, 1, 'user', 64, 'task', 14, 'project', 'created', 'Sarah Adams created task Plumbing and Electrical Systems', '2025-02-06 03:18:34', '2025-02-06 03:18:34'),
(428, 1, 1, 'user', 65, 'task', 14, 'project', 'created', 'Sarah Adams created task Smart Home Integration', '2025-02-06 03:20:14', '2025-02-06 03:20:14'),
(429, 1, 1, 'user', 66, 'task', 14, 'project', 'created', 'Sarah Adams created task Safety and Security Systems', '2025-02-06 03:21:41', '2025-02-06 03:21:41'),
(430, 1, 1, 'user', 66, 'task', 14, 'project', 'updated', 'Sarah Adams updated task Safety and Security Systems', '2025-02-06 03:22:30', '2025-02-06 03:22:30'),
(431, 1, 1, 'user', 67, 'task', 14, 'project', 'created', 'Sarah Adams created task Quality Control and Testing', '2025-02-06 03:23:19', '2025-02-06 03:23:19'),
(432, 1, 1, 'user', 68, 'task', 14, 'project', 'created', 'Sarah Adams created task Handover Preparation', '2025-02-06 03:24:43', '2025-02-06 03:24:43'),
(433, 1, 1, 'user', 14, 'project', NULL, NULL, 'updated', 'Sarah Adams updated project Luxury Villa Construction Project', '2025-02-06 03:25:56', '2025-02-06 03:25:56'),
(434, 1, 1, 'user', 67, 'task', 14, 'project', 'updated', 'Sarah Adams updated task Quality Control and Testing', '2025-02-06 03:26:41', '2025-02-06 03:26:41'),
(435, 1, 1, 'user', 69, 'task', 14, 'project', 'created', 'Sarah Adams created task Post-Construction Support', '2025-02-06 03:28:31', '2025-02-06 03:28:31'),
(436, 1, 1, 'user', 69, 'task', 14, 'project', 'updated', 'Sarah Adams updated task Post-Construction Support', '2025-02-06 03:29:12', '2025-02-06 03:29:12'),
(437, 1, 1, 'user', 15, 'project', NULL, NULL, 'created', 'Sarah Adams created project Annual Corporate Conference Planning', '2025-02-06 04:14:15', '2025-02-06 04:14:15'),
(438, 1, 1, 'user', 16, 'user', NULL, NULL, 'created', 'Sarah Adams created user Scott Hamington', '2025-02-06 04:41:32', '2025-02-06 04:41:32'),
(439, 1, 1, 'user', 17, 'user', NULL, NULL, 'created', 'Sarah Adams created user Lonnie Sins', '2025-02-06 05:10:26', '2025-02-06 05:10:26'),
(440, 1, 1, 'user', 18, 'user', NULL, NULL, 'created', 'Sarah Adams created user Feju bhai Khalifa', '2025-02-06 05:36:26', '2025-02-06 05:36:26'),
(441, 1, 1, 'user', 19, 'user', NULL, NULL, 'created', 'Sarah Adams created user Ivanka Smith', '2025-02-06 05:49:23', '2025-02-06 05:49:23'),
(442, 1, 1, 'user', 20, 'user', NULL, NULL, 'created', 'Sarah Adams created user Lucas Brown', '2025-02-06 05:57:07', '2025-02-06 05:57:07'),
(443, 1, 1, 'user', 15, 'project', NULL, NULL, 'updated', 'Sarah Adams updated project Annual Corporate Conference Planning', '2025-02-06 06:08:57', '2025-02-06 06:08:57'),
(444, 1, 1, 'user', 70, 'task', 15, 'project', 'created', 'Sarah Adams created task Initial Planning and Strategy', '2025-02-06 06:27:33', '2025-02-06 06:27:33'),
(445, 1, 1, 'user', 71, 'task', 15, 'project', 'created', 'Sarah Adams created task Venue and Logistics Management', '2025-02-06 21:43:41', '2025-02-06 21:43:41'),
(446, 1, 1, 'user', 72, 'task', 15, 'project', 'created', 'Sarah Adams created task Program Design and Coordination', '2025-02-06 21:45:00', '2025-02-06 21:45:00'),
(447, 1, 1, 'user', 73, 'task', 15, 'project', 'created', 'Sarah Adams created task Marketing and Promotion', '2025-02-06 21:45:31', '2025-02-06 21:45:31'),
(448, 1, 1, 'user', 74, 'task', 15, 'project', 'created', 'Sarah Adams created task Registration and Guest Management', '2025-02-06 21:46:16', '2025-02-06 21:46:16'),
(449, 1, 1, 'user', 75, 'task', 15, 'project', 'created', 'Sarah Adams created task Event Execution', '2025-02-06 21:46:57', '2025-02-06 21:46:57'),
(450, 1, 1, 'user', 74, 'task', 15, 'project', 'updated', 'Sarah Adams updated task Registration and Guest Management', '2025-02-06 21:47:23', '2025-02-06 21:47:23'),
(451, 1, 1, 'user', 76, 'task', 15, 'project', 'created', 'Sarah Adams created task Feedback Collection and Follow-Up', '2025-02-06 21:47:53', '2025-02-06 21:47:53'),
(452, 1, 1, 'user', 71, 'task', 15, 'project', 'updated', 'Sarah Adams updated task Venue and Logistics Management', '2025-02-06 21:49:19', '2025-02-06 21:49:19'),
(453, 1, 1, 'user', 72, 'task', 15, 'project', 'updated', 'Sarah Adams updated task Program Design and Coordination', '2025-02-06 21:50:08', '2025-02-06 21:50:08'),
(454, 1, 1, 'user', 73, 'task', 15, 'project', 'updated', 'Sarah Adams updated task Marketing and Promotion', '2025-02-06 21:50:54', '2025-02-06 21:50:54'),
(455, 1, 1, 'user', 74, 'task', 15, 'project', 'updated', 'Sarah Adams updated task Registration and Guest Management', '2025-02-06 21:51:22', '2025-02-06 21:51:22'),
(456, 1, 1, 'user', 74, 'task', 15, 'project', 'updated', 'Sarah Adams updated task Registration and Guest Management', '2025-02-06 21:51:44', '2025-02-06 21:51:44'),
(457, 1, 1, 'user', 75, 'task', 15, 'project', 'updated', 'Sarah Adams updated task Event Execution', '2025-02-06 21:52:24', '2025-02-06 21:52:24'),
(458, 1, 1, 'user', 76, 'task', 15, 'project', 'updated', 'Sarah Adams updated task Feedback Collection and Follow-Up', '2025-02-06 21:52:49', '2025-02-06 21:52:49'),
(459, 1, 1, 'user', 70, 'task', NULL, NULL, 'updated_status', 'Sarah Adams updated task status from Default to In Progress', '2025-02-06 21:53:16', '2025-02-06 21:53:16'),
(460, 1, 1, 'user', 70, 'task', NULL, NULL, 'updated_status', 'Sarah Adams updated task status from In Progress to Completed', '2025-02-06 21:53:46', '2025-02-06 21:53:46'),
(461, 1, 1, 'user', 76, 'task', NULL, NULL, 'updated_status', 'Sarah Adams updated task status from Default to Canceled', '2025-02-06 21:54:03', '2025-02-06 21:54:03'),
(462, 1, 1, 'user', 75, 'task', NULL, NULL, 'updated_status', 'Sarah Adams updated task status from Default to In Progress', '2025-02-06 21:54:35', '2025-02-06 21:54:35'),
(463, 1, 1, 'user', 73, 'task', NULL, NULL, 'updated_status', 'Sarah Adams updated task status from Not Started to On Hold', '2025-02-06 21:55:07', '2025-02-06 21:55:07'),
(464, 1, 1, 'user', 71, 'task', NULL, NULL, 'updated_status', 'Sarah Adams updated task status from Not Started to Completed', '2025-02-06 21:55:46', '2025-02-06 21:55:46'),
(465, 1, 1, 'user', 72, 'task', NULL, NULL, 'updated_status', 'Sarah Adams updated task status from Not Started to Completed', '2025-02-06 21:56:19', '2025-02-06 21:56:19'),
(466, 1, 1, 'user', 74, 'task', NULL, NULL, 'updated_status', 'Sarah Adams updated task status from Not Started to Completed', '2025-02-06 21:56:57', '2025-02-06 21:56:57'),
(467, 1, 1, 'user', 76, 'task', NULL, NULL, 'updated_priority', 'Sarah Adams updated task priority from - to Low', '2025-02-06 21:57:25', '2025-02-06 21:57:25'),
(468, 1, 1, 'user', 75, 'task', NULL, NULL, 'updated_priority', 'Sarah Adams updated task priority from - to High', '2025-02-06 21:57:31', '2025-02-06 21:57:31'),
(469, 1, 1, 'user', 72, 'task', NULL, NULL, 'updated_priority', 'Sarah Adams updated task priority from High to Medium', '2025-02-06 21:57:35', '2025-02-06 21:57:35'),
(470, 1, 1, 'user', 70, 'task', NULL, NULL, 'updated_priority', 'Sarah Adams updated task priority from - to Urgent', '2025-02-06 21:57:49', '2025-02-06 21:57:49'),
(471, 1, 1, 'user', 25, 'tag', NULL, NULL, 'created', 'Sarah Adams created tag Event Management', '2025-02-06 21:58:44', '2025-02-06 21:58:44'),
(472, 1, 1, 'user', 26, 'tag', NULL, NULL, 'created', 'Sarah Adams created tag Business Strategy', '2025-02-06 21:59:01', '2025-02-06 21:59:01'),
(473, 1, 1, 'user', 27, 'tag', NULL, NULL, 'created', 'Sarah Adams created tag Corporate Event', '2025-02-06 21:59:12', '2025-02-06 21:59:12'),
(474, 1, 1, 'user', 28, 'tag', NULL, NULL, 'created', 'Sarah Adams created tag Sponsorships', '2025-02-06 21:59:27', '2025-02-06 21:59:27'),
(475, 1, 1, 'user', 15, 'project', NULL, NULL, 'updated', 'Sarah Adams updated project Annual Corporate Conference Planning', '2025-02-06 22:00:04', '2025-02-06 22:00:04'),
(476, 1, 1, 'user', 16, 'project', NULL, NULL, 'created', 'Sarah Adams created project Local Community Health Camp', '2025-02-06 22:04:15', '2025-02-06 22:04:15'),
(477, 1, 1, 'user', 16, 'project', NULL, NULL, 'updated', 'Sarah Adams updated project Local Community Health Camp', '2025-02-06 22:11:59', '2025-02-06 22:11:59'),
(478, 1, 1, 'user', 13, 'project', NULL, NULL, 'updated', 'Sarah Adams updated project Residential Sports Complex Construction', '2025-02-06 22:12:54', '2025-02-06 22:12:54'),
(479, 1, 1, 'user', 77, 'task', 16, 'project', 'created', 'Sarah Adams created task Planning and Strategy', '2025-02-06 22:24:08', '2025-02-06 22:24:08'),
(480, 1, 1, 'user', 16, 'project', NULL, NULL, 'updated', 'Sarah Adams updated project Local Community Health Camp', '2025-02-06 22:25:17', '2025-02-06 22:25:17'),
(481, 1, 1, 'user', 78, 'task', 16, 'project', 'created', 'Sarah Adams created task Partner and Volunteer Coordination', '2025-02-06 22:27:10', '2025-02-06 22:27:10'),
(482, 1, 1, 'user', 16, 'project', NULL, NULL, 'updated', 'Sarah Adams updated project Local Community Health Camp', '2025-02-06 22:40:56', '2025-02-06 22:40:56'),
(483, 1, 1, 'user', 79, 'task', 16, 'project', 'created', 'Sarah Adams created task Logistics and Setup', '2025-02-06 22:45:20', '2025-02-06 22:45:20'),
(484, 1, 1, 'user', 80, 'task', 16, 'project', 'created', 'Sarah Adams created task Promotion and Outreach', '2025-02-06 22:48:05', '2025-02-06 22:48:05'),
(485, 1, 1, 'user', 81, 'task', 16, 'project', 'created', 'Sarah Adams created task Registration and Attendance Management', '2025-02-06 22:48:52', '2025-02-06 22:48:52'),
(486, 1, 1, 'user', 82, 'task', 16, 'project', 'created', 'Sarah Adams created task Service Execution', '2025-02-06 22:49:32', '2025-02-06 22:49:32'),
(487, 1, 1, 'user', 83, 'task', 16, 'project', 'created', 'Sarah Adams created task Community Engagement and Distribution', '2025-02-06 22:50:26', '2025-02-06 22:50:26'),
(488, 1, 1, 'user', 84, 'task', 16, 'project', 'created', 'Sarah Adams created task Post-Event Follow-Up', '2025-02-06 22:51:03', '2025-02-06 22:51:03'),
(489, 1, 1, 'user', 85, 'task', 16, 'project', 'created', 'Sarah Adams created task Post-Event Health Support (1-3 Weeks After the Event)', '2025-02-06 22:52:27', '2025-02-06 22:52:27'),
(490, 1, 1, 'user', 86, 'task', 16, 'project', 'created', 'Sarah Adams created task Data Analysis and Reporting (2-4 Weeks After the Event)', '2025-02-06 22:53:08', '2025-02-06 22:53:08'),
(491, 1, 1, 'user', 87, 'task', 16, 'project', 'created', 'Sarah Adams created task Community Engagement (1-3 Months After the Event)', '2025-02-06 22:53:58', '2025-02-06 22:53:58'),
(492, 1, 1, 'user', 88, 'task', 16, 'project', 'created', 'Sarah Adams created task Sustainable Partnerships (Ongoing)', '2025-02-06 22:54:38', '2025-02-06 22:54:38'),
(493, 1, 1, 'user', 89, 'task', 16, 'project', 'created', 'Sarah Adams created task Continuous Improvement (Ongoing)', '2025-02-06 22:55:18', '2025-02-06 22:55:18'),
(494, 1, 1, 'user', 16, 'project', NULL, NULL, 'updated', 'Sarah Adams updated project Local Community Health Camp', '2025-02-06 23:00:40', '2025-02-06 23:00:40'),
(495, 1, 1, 'user', 80, 'task', 16, 'project', 'updated', 'Sarah Adams updated task Promotion and Outreach', '2025-02-06 23:01:24', '2025-02-06 23:01:24'),
(496, 1, 1, 'user', 81, 'task', 16, 'project', 'updated', 'Sarah Adams updated task Registration and Attendance Management', '2025-02-06 23:06:52', '2025-02-06 23:06:52'),
(497, 1, 1, 'user', 82, 'task', 16, 'project', 'updated', 'Sarah Adams updated task Service Execution', '2025-02-06 23:12:24', '2025-02-06 23:12:24'),
(498, 1, 1, 'user', 83, 'task', 16, 'project', 'updated', 'Sarah Adams updated task Community Engagement and Distribution', '2025-02-06 23:13:19', '2025-02-06 23:13:19'),
(499, 1, 1, 'user', 84, 'task', 16, 'project', 'updated', 'Sarah Adams updated task Post-Event Follow-Up', '2025-02-06 23:17:07', '2025-02-06 23:17:07'),
(500, 1, 1, 'user', 85, 'task', 16, 'project', 'updated', 'Sarah Adams updated task Post-Event Health Support (1-3 Weeks After the Event)', '2025-02-06 23:17:43', '2025-02-06 23:17:43'),
(501, 1, 1, 'user', 16, 'project', NULL, NULL, 'updated', 'Sarah Adams updated project Local Community Health Camp', '2025-02-06 23:18:13', '2025-02-06 23:18:13'),
(502, 1, 1, 'user', 86, 'task', 16, 'project', 'updated', 'Sarah Adams updated task Data Analysis and Reporting (2-4 Weeks After the Event)', '2025-02-06 23:19:15', '2025-02-06 23:19:15'),
(503, 1, 1, 'user', 87, 'task', 16, 'project', 'updated', 'Sarah Adams updated task Community Engagement (1-3 Months After the Event)', '2025-02-06 23:20:51', '2025-02-06 23:20:51'),
(504, 1, 1, 'user', 88, 'task', 16, 'project', 'updated', 'Sarah Adams updated task Sustainable Partnerships (Ongoing)', '2025-02-06 23:21:43', '2025-02-06 23:21:43'),
(505, 1, 1, 'user', 89, 'task', 16, 'project', 'updated', 'Sarah Adams updated task Continuous Improvement (Ongoing)', '2025-02-06 23:22:27', '2025-02-06 23:22:27'),
(506, 1, 1, 'user', 29, 'tag', NULL, NULL, 'created', 'Sarah Adams created tag Education', '2025-02-06 23:43:36', '2025-02-06 23:43:36'),
(507, 1, 1, 'user', 30, 'tag', NULL, NULL, 'created', 'Sarah Adams created tag Training', '2025-02-06 23:43:46', '2025-02-06 23:43:46'),
(508, 1, 1, 'user', 17, 'project', NULL, NULL, 'created', 'Sarah Adams created project Education and Training', '2025-02-06 23:44:56', '2025-02-06 23:44:56'),
(509, 1, 1, 'user', 90, 'task', 17, 'project', 'created', 'Sarah Adams created task Planning and Strategy Development', '2025-02-06 23:47:28', '2025-02-06 23:47:28'),
(510, 1, 1, 'user', 29, 'user', NULL, NULL, 'created', 'Sarah Adams created user Amy jones jones', '2025-02-07 00:25:59', '2025-02-07 00:25:59'),
(511, 1, 1, 'user', 29, 'user', NULL, NULL, 'updated', 'Sarah Adams updated user Amy jones', '2025-02-07 00:27:01', '2025-02-07 00:27:01'),
(512, 1, 1, 'user', 30, 'user', NULL, NULL, 'created', 'Sarah Adams created user Melissa Green', '2025-02-07 00:31:44', '2025-02-07 00:31:44'),
(513, 1, 1, 'user', 31, 'user', NULL, NULL, 'created', 'Sarah Adams created user Tim Wilson', '2025-02-07 00:34:24', '2025-02-07 00:34:24'),
(514, 1, 1, 'user', 17, 'project', NULL, NULL, 'updated', 'Sarah Adams updated project Education and Training', '2025-02-07 00:36:40', '2025-02-07 00:36:40'),
(515, 1, 1, 'user', 17, 'project', NULL, NULL, 'updated', 'Sarah Adams updated project Education and Training', '2025-02-07 00:39:03', '2025-02-07 00:39:03'),
(516, 1, 1, 'user', 90, 'task', 17, 'project', 'updated', 'Sarah Adams updated task Planning and Strategy Development', '2025-02-07 00:39:30', '2025-02-07 00:39:30'),
(517, 1, 1, 'user', 91, 'task', 17, 'project', 'created', 'Sarah Adams created task Resource and Content Development', '2025-02-07 00:40:47', '2025-02-07 00:40:47'),
(518, 1, 1, 'user', 92, 'task', 17, 'project', 'created', 'Sarah Adams created task Venue and Technology Setup', '2025-02-07 00:41:42', '2025-02-07 00:41:42'),
(519, 1, 1, 'user', 93, 'task', 17, 'project', 'created', 'Sarah Adams created task Recruitment and Training of Trainers', '2025-02-07 00:42:22', '2025-02-07 00:42:22'),
(520, 1, 1, 'user', 94, 'task', 17, 'project', 'created', 'Sarah Adams created task Outreach and Registration', '2025-02-07 00:57:53', '2025-02-07 00:57:53'),
(521, 1, 1, 'user', 95, 'task', 17, 'project', 'created', 'Sarah Adams created task Training Execution', '2025-02-07 00:58:31', '2025-02-07 00:58:31'),
(522, 1, 1, 'user', 96, 'task', 17, 'project', 'created', 'Sarah Adams created task Post-Training Support', '2025-02-07 00:59:24', '2025-02-07 00:59:24'),
(523, 1, 1, 'user', 97, 'task', 17, 'project', 'created', 'Sarah Adams created task Impact Evaluation and Reporting', '2025-02-07 01:00:17', '2025-02-07 01:00:17'),
(524, 1, 1, 'user', 98, 'task', 17, 'project', 'created', 'Sarah Adams created task Impact Evaluation and Reporting', '2025-02-07 01:01:39', '2025-02-07 01:01:39'),
(525, 1, 1, 'user', 99, 'task', 17, 'project', 'created', 'Sarah Adams created task Program Expansion', '2025-02-07 01:03:52', '2025-02-07 01:03:52'),
(526, 1, 1, 'user', 100, 'task', 17, 'project', 'created', 'Sarah Adams created task Sustainability Initiatives (Ongoing)', '2025-02-07 01:04:53', '2025-02-07 01:04:53'),
(527, 1, 1, 'user', 101, 'task', 17, 'project', 'created', 'Sarah Adams created task Stakeholder Engagement', '2025-02-07 01:06:19', '2025-02-07 01:06:19'),
(528, 1, 1, 'user', 102, 'task', 17, 'project', 'created', 'Sarah Adams created task Monitor Long-Term Impact', '2025-02-07 01:07:18', '2025-02-07 01:07:18'),
(529, 1, 1, 'user', 91, 'task', 17, 'project', 'updated', 'Sarah Adams updated task Resource and Content Development', '2025-02-07 01:11:24', '2025-02-07 01:11:24'),
(530, 1, 1, 'user', 92, 'task', 17, 'project', 'updated', 'Sarah Adams updated task Venue and Technology Setup', '2025-02-07 01:11:59', '2025-02-07 01:11:59'),
(531, 1, 1, 'user', 91, 'task', 17, 'project', 'updated', 'Sarah Adams updated task Resource and Content Development', '2025-02-07 01:12:12', '2025-02-07 01:12:12'),
(532, 1, 1, 'user', 93, 'task', 17, 'project', 'updated', 'Sarah Adams updated task Recruitment and Training of Trainers', '2025-02-07 01:13:07', '2025-02-07 01:13:07'),
(533, 1, 1, 'user', 95, 'task', 17, 'project', 'updated', 'Sarah Adams updated task Training Execution', '2025-02-07 01:13:48', '2025-02-07 01:13:48'),
(534, 1, 1, 'user', 96, 'task', 17, 'project', 'updated', 'Sarah Adams updated task Post-Training Support', '2025-02-07 01:14:42', '2025-02-07 01:14:42'),
(535, 1, 1, 'user', 98, 'task', 17, 'project', 'deleted', 'Sarah Adams deleted task Impact Evaluation and Reporting', '2025-02-07 02:06:29', '2025-02-07 02:06:29'),
(536, 1, 1, 'user', 97, 'task', 17, 'project', 'updated', 'Sarah Adams updated task Impact Evaluation and Reporting', '2025-02-07 02:11:12', '2025-02-07 02:11:12'),
(537, 1, 1, 'user', 99, 'task', 17, 'project', 'updated', 'Sarah Adams updated task Program Expansion', '2025-02-07 02:12:11', '2025-02-07 02:12:11'),
(538, 1, 1, 'user', 100, 'task', 17, 'project', 'updated', 'Sarah Adams updated task Sustainability Initiatives (Ongoing)', '2025-02-07 02:17:07', '2025-02-07 02:17:07'),
(539, 1, 1, 'user', 17, 'project', NULL, NULL, 'updated', 'Sarah Adams updated project Education and Training', '2025-02-07 02:17:42', '2025-02-07 02:17:42'),
(540, 1, 1, 'user', 101, 'task', 17, 'project', 'updated', 'Sarah Adams updated task Stakeholder Engagement', '2025-02-07 02:19:00', '2025-02-07 02:19:00'),
(541, 1, 1, 'user', 102, 'task', 17, 'project', 'updated', 'Sarah Adams updated task Monitor Long-Term Impact', '2025-02-07 02:19:33', '2025-02-07 02:19:33'),
(542, 1, 1, 'user', 18, 'project', NULL, NULL, 'created', 'Sarah Adams created project AI-Powered Chatbot for Customer Support', '2025-02-07 02:29:35', '2025-02-07 02:29:35'),
(543, 1, 1, 'user', 18, 'project', NULL, NULL, 'updated_status', 'Sarah Adams updated project status from Default to In Progress', '2025-02-07 02:30:04', '2025-02-07 02:30:04'),
(544, 1, 1, 'user', 103, 'task', 18, 'project', 'created', 'Sarah Adams created task Requirement Gathering', '2025-02-07 03:14:45', '2025-02-07 03:14:45'),
(545, 1, 1, 'user', 104, 'task', 18, 'project', 'created', 'Sarah Adams created task Platform and Technology Selection', '2025-02-07 03:16:59', '2025-02-07 03:16:59'),
(546, 1, 1, 'user', 103, 'task', 18, 'project', 'updated', 'Sarah Adams updated task Requirement Gathering', '2025-02-07 03:17:36', '2025-02-07 03:17:36'),
(547, 1, 1, 'user', 105, 'task', 18, 'project', 'created', 'Sarah Adams created task Conversational Flow Design', '2025-02-07 03:19:00', '2025-02-07 03:19:00'),
(548, 1, 1, 'user', 106, 'task', 18, 'project', 'created', 'Sarah Adams created task Database and CRM Integration', '2025-02-07 03:21:04', '2025-02-07 03:21:04'),
(549, 1, 1, 'user', 107, 'task', 18, 'project', 'created', 'Sarah Adams created task Natural Language Processing (NLP) Setup', '2025-02-07 03:22:42', '2025-02-07 03:22:42'),
(550, 1, 1, 'user', 108, 'task', 18, 'project', 'created', 'Sarah Adams created task Development of Core Features', '2025-02-07 03:23:38', '2025-02-07 03:23:38'),
(551, 1, 1, 'user', 109, 'task', 18, 'project', 'created', 'Sarah Adams created task Feedback and Learning Module', '2025-02-07 03:25:32', '2025-02-07 03:25:32'),
(552, 1, 1, 'user', 110, 'task', 18, 'project', 'created', 'Sarah Adams created task Testing and Quality Assurance', '2025-02-07 03:26:22', '2025-02-07 03:26:22'),
(553, 1, 1, 'user', 111, 'task', 18, 'project', 'created', 'Sarah Adams created task Deployment and Hosting', '2025-02-07 03:27:20', '2025-02-07 03:27:20'),
(554, 1, 1, 'user', 112, 'task', 18, 'project', 'created', 'Sarah Adams created task Monitoring and Analytics Setup', '2025-02-07 03:28:38', '2025-02-07 03:28:38'),
(555, 1, 1, 'user', 113, 'task', 18, 'project', 'created', 'Sarah Adams created task User Training and Documentation', '2025-02-07 03:31:01', '2025-02-07 03:31:01'),
(556, 1, 1, 'user', 114, 'task', 18, 'project', 'created', 'Sarah Adams created task Maintenance and Updates', '2025-02-07 03:32:25', '2025-02-07 03:32:25'),
(557, 1, 1, 'user', 104, 'task', 18, 'project', 'updated', 'Sarah Adams updated task Platform and Technology Selection', '2025-02-07 03:36:24', '2025-02-07 03:36:24'),
(558, 1, 1, 'user', 105, 'task', 18, 'project', 'updated', 'Sarah Adams updated task Conversational Flow Design', '2025-02-07 03:36:58', '2025-02-07 03:36:58'),
(559, 1, 1, 'user', 18, 'project', NULL, NULL, 'updated', 'Sarah Adams updated project AI-Powered Chatbot for Customer Support', '2025-02-07 03:39:16', '2025-02-07 03:39:16'),
(560, 1, 1, 'user', 105, 'task', 18, 'project', 'updated', 'Sarah Adams updated task Conversational Flow Design', '2025-02-07 03:42:12', '2025-02-07 03:42:12'),
(561, 1, 1, 'user', 106, 'task', 18, 'project', 'updated', 'Sarah Adams updated task Database and CRM Integration', '2025-02-07 03:43:29', '2025-02-07 03:43:29'),
(562, 1, 1, 'user', 107, 'task', 18, 'project', 'updated', 'Sarah Adams updated task Natural Language Processing (NLP) Setup', '2025-02-07 03:44:04', '2025-02-07 03:44:04'),
(563, 1, 1, 'user', 108, 'task', 18, 'project', 'updated', 'Sarah Adams updated task Development of Core Features', '2025-02-07 03:44:19', '2025-02-07 03:44:19'),
(564, 1, 1, 'user', 109, 'task', 18, 'project', 'updated', 'Sarah Adams updated task Feedback and Learning Module', '2025-02-07 03:50:17', '2025-02-07 03:50:17'),
(565, 1, 1, 'user', 110, 'task', 18, 'project', 'updated', 'Sarah Adams updated task Testing and Quality Assurance', '2025-02-07 03:51:37', '2025-02-07 03:51:37'),
(566, 1, 1, 'user', 111, 'task', 18, 'project', 'updated', 'Sarah Adams updated task Deployment and Hosting', '2025-02-07 03:52:10', '2025-02-07 03:52:10'),
(567, 1, 1, 'user', 112, 'task', 18, 'project', 'updated', 'Sarah Adams updated task Monitoring and Analytics Setup', '2025-02-07 03:52:48', '2025-02-07 03:52:48'),
(568, 1, 1, 'user', 113, 'task', 18, 'project', 'updated', 'Sarah Adams updated task User Training and Documentation', '2025-02-07 03:53:15', '2025-02-07 03:53:15'),
(569, 1, 1, 'user', 114, 'task', 18, 'project', 'updated', 'Sarah Adams updated task Maintenance and Updates', '2025-02-07 03:53:49', '2025-02-07 03:53:49'),
(570, 1, 1, 'user', 18, 'project', NULL, NULL, 'updated', 'Sarah Adams updated project AI-Powered Chatbot for Customer Support', '2025-02-07 03:57:47', '2025-02-07 03:57:47'),
(571, 1, 1, 'user', 17, 'project', NULL, NULL, 'updated_status', 'Sarah Adams updated project status from Default to On Hold', '2025-02-07 05:05:53', '2025-02-07 05:05:53'),
(572, 1, 1, 'user', 1, 'meeting', NULL, NULL, 'updated', 'Sarah Adams updated meeting Project Planning & Requirement Gathering', '2025-02-07 05:07:27', '2025-02-07 05:07:27'),
(573, 1, 1, 'user', 1, 'meeting', NULL, NULL, 'updated', 'Sarah Adams updated meeting Project Planning & Requirement Gathering', '2025-02-07 05:07:59', '2025-02-07 05:07:59'),
(574, 1, 1, 'user', 78, 'status', NULL, NULL, 'updated', 'Sarah Adams updated status Canceled', '2025-02-07 05:44:54', '2025-02-07 05:44:54'),
(575, 1, 1, 'user', 31, 'tag', NULL, NULL, 'created', 'Sarah Adams created tag Green Energy', '2025-02-07 21:23:38', '2025-02-07 21:23:38'),
(576, 1, 1, 'user', 32, 'tag', NULL, NULL, 'created', 'Sarah Adams created tag Energy Management:', '2025-02-07 21:24:01', '2025-02-07 21:24:01'),
(577, 1, 1, 'user', 33, 'tag', NULL, NULL, 'created', 'Sarah Adams created tag IoT Integration', '2025-02-07 21:24:17', '2025-02-07 21:24:17'),
(578, 1, 1, 'user', 19, 'project', NULL, NULL, 'created', 'Sarah Adams created project Smart Building Management System', '2025-02-07 21:25:25', '2025-02-07 21:25:25'),
(579, 1, 1, 'user', 115, 'task', 19, 'project', 'created', 'Sarah Adams created task Requirement Analysis and Feasibility Study', '2025-02-07 21:27:56', '2025-02-07 21:27:56'),
(580, 1, 1, 'user', 116, 'task', 19, 'project', 'created', 'Sarah Adams created task System Design and Planning', '2025-02-07 21:28:42', '2025-02-07 21:28:42'),
(581, 1, 1, 'user', 117, 'task', 19, 'project', 'created', 'Sarah Adams created task IoT Device Procurement', '2025-02-07 21:29:55', '2025-02-07 21:29:55'),
(582, 1, 1, 'user', 118, 'task', 19, 'project', 'created', 'Sarah Adams created task Hardware Installation', '2025-02-07 21:31:04', '2025-02-07 21:31:04'),
(583, 1, 1, 'user', 119, 'task', 19, 'project', 'created', 'Sarah Adams created task Software Development and Integration', '2025-02-07 21:33:00', '2025-02-07 21:33:00'),
(584, 1, 1, 'user', 120, 'task', 19, 'project', 'created', 'Sarah Adams created task Mobile Application Development', '2025-02-07 21:33:53', '2025-02-07 21:33:53'),
(585, 1, 1, 'user', 121, 'task', 19, 'project', 'created', 'Sarah Adams created task Security System Setup', '2025-02-07 21:34:34', '2025-02-07 21:34:34'),
(586, 1, 1, 'user', 122, 'task', 19, 'project', 'created', 'Sarah Adams created task Testing and Quality Assurance', '2025-02-07 21:39:05', '2025-02-07 21:39:05'),
(587, 1, 1, 'user', 123, 'task', 19, 'project', 'created', 'Sarah Adams created task Training and User Onboarding', '2025-02-07 21:46:07', '2025-02-07 21:46:07'),
(588, 1, 1, 'user', 121, 'task', 19, 'project', 'updated', 'Sarah Adams updated task Security System Setup', '2025-02-07 21:49:42', '2025-02-07 21:49:42'),
(589, 1, 1, 'user', 122, 'task', 19, 'project', 'updated', 'Sarah Adams updated task Testing and Quality Assurance', '2025-02-07 21:51:44', '2025-02-07 21:51:44'),
(590, 1, 1, 'user', 123, 'task', 19, 'project', 'updated', 'Sarah Adams updated task Training and User Onboarding', '2025-02-07 21:52:55', '2025-02-07 21:52:55'),
(591, 1, 1, 'user', 124, 'task', 19, 'project', 'created', 'Sarah Adams created task System Deployment', '2025-02-07 21:53:55', '2025-02-07 21:53:55'),
(592, 1, 1, 'user', 125, 'task', 19, 'project', 'created', 'Sarah Adams created task Maintenance Plan Development', '2025-02-07 21:55:22', '2025-02-07 21:55:22'),
(593, 1, 1, 'user', 124, 'task', 19, 'project', 'updated', 'Sarah Adams updated task System Deployment', '2025-02-07 21:56:02', '2025-02-07 21:56:02'),
(594, 1, 1, 'user', 125, 'task', 19, 'project', 'updated', 'Sarah Adams updated task Maintenance Plan Development', '2025-02-07 21:56:23', '2025-02-07 21:56:23'),
(595, 1, 1, 'user', 5, 'todo', NULL, NULL, 'created', 'Sarah Adams created todo Team Communication and Meetings', '2025-02-07 22:02:38', '2025-02-07 22:02:38'),
(596, 1, 1, 'user', 6, 'todo', NULL, NULL, 'created', 'Sarah Adams created todo System Cleanup', '2025-02-07 22:03:04', '2025-02-07 22:03:04'),
(597, 1, 1, 'user', 7, 'todo', NULL, NULL, 'created', 'Sarah Adams created todo Feedback and Improvement', '2025-02-07 22:03:42', '2025-02-07 22:03:42'),
(598, 1, 1, 'user', 7, 'todo', NULL, NULL, 'updated_status', 'Sarah Adams marked todo Feedback and Improvement as Completed', '2025-02-07 22:04:12', '2025-02-07 22:04:12'),
(599, 1, 1, 'user', 7, 'todo', NULL, NULL, 'updated_status', 'Sarah Adams marked todo Feedback and Improvement as Pending', '2025-02-07 22:04:12', '2025-02-07 22:04:12'),
(600, 1, 1, 'user', 7, 'todo', NULL, NULL, 'updated_status', 'Sarah Adams marked todo Feedback and Improvement as Completed', '2025-02-07 22:04:14', '2025-02-07 22:04:14'),
(601, 1, 1, 'user', 7, 'todo', NULL, NULL, 'updated_status', 'Sarah Adams marked todo Feedback and Improvement as Pending', '2025-02-07 22:04:14', '2025-02-07 22:04:14'),
(602, 1, 1, 'user', 7, 'todo', NULL, NULL, 'updated_status', 'Sarah Adams marked todo Feedback and Improvement as Completed', '2025-02-07 22:04:16', '2025-02-07 22:04:16'),
(603, 1, 1, 'user', 7, 'todo', NULL, NULL, 'updated_status', 'Sarah Adams marked todo Feedback and Improvement as Pending', '2025-02-07 22:04:17', '2025-02-07 22:04:17'),
(604, 1, 1, 'user', 8, 'todo', NULL, NULL, 'created', 'Sarah Adams created todo Client Relationship Management', '2025-02-07 22:04:33', '2025-02-07 22:04:33'),
(605, 1, 1, 'user', 9, 'todo', NULL, NULL, 'created', 'Sarah Adams created todo System Maintenance and Updates', '2025-02-07 22:05:38', '2025-02-07 22:05:38'),
(606, 1, 1, 'user', 10, 'todo', NULL, NULL, 'created', 'Sarah Adams created todo Onboarding New Team Members', '2025-02-07 22:07:23', '2025-02-07 22:07:23'),
(607, 1, 1, 'user', 11, 'todo', NULL, NULL, 'created', 'Sarah Adams created todo Employee Recognition and Rewards', '2025-02-07 22:07:51', '2025-02-07 22:07:51'),
(608, 1, 1, 'user', 4, 'meeting', NULL, NULL, 'created', 'Sarah Adams created meeting Education and Training ( Project meeting)', '2025-02-07 22:12:01', '2025-02-07 22:12:01'),
(609, 1, 1, 'user', 5, 'meeting', NULL, NULL, 'created', 'Sarah Adams created meeting Local Community Health Camp Meeting', '2025-02-07 22:19:49', '2025-02-07 22:19:49'),
(610, 1, 1, 'user', 6, 'meeting', NULL, NULL, 'created', 'Sarah Adams created meeting Luxury Villa Construction Project Metting', '2025-02-07 22:23:18', '2025-02-07 22:23:18'),
(611, 1, 1, 'user', 36, 'contract_type', NULL, NULL, 'created', 'Sarah Adams created contract type Fixed Price with Milestone Payments', '2025-02-07 22:59:35', '2025-02-07 22:59:35'),
(612, 1, 1, 'user', 6, 'contract', NULL, NULL, 'created', 'Sarah Adams created contract Luxury Villa Construction Project Contract', '2025-02-07 23:01:23', '2025-02-07 23:01:23'),
(613, 1, 1, 'user', 7, 'contract', NULL, NULL, 'created', 'Sarah Adams created contract Annual Corporate Conference Planning Contract', '2025-02-07 23:03:31', '2025-02-07 23:03:31'),
(614, 1, 1, 'user', 13, 'project', NULL, NULL, 'updated', 'Sarah Adams updated project Residential Sports Complex Construction', '2025-02-07 23:05:35', '2025-02-07 23:05:35'),
(615, 1, 1, 'user', 8, 'contract', NULL, NULL, 'created', 'Sarah Adams created contract Residential Sports Complex Construction Contract', '2025-02-07 23:06:15', '2025-02-07 23:06:15'),
(616, 1, 1, 'user', 9, 'contract', NULL, NULL, 'created', 'Sarah Adams created contract Smart Building Management System Development Contract', '2025-02-07 23:08:24', '2025-02-07 23:08:24'),
(617, 1, 1, 'user', 10, 'contract', NULL, NULL, 'created', 'Sarah Adams created contract AI-Powered Customer Support Chatbot Development Contract', '2025-02-07 23:22:25', '2025-02-07 23:22:25'),
(618, 1, 1, 'user', 11, 'contract', NULL, NULL, 'created', 'Sarah Adams created contract Education and Training Program Development Contract', '2025-02-07 23:24:22', '2025-02-07 23:24:22'),
(619, 1, 1, 'user', 12, 'contract', NULL, NULL, 'created', 'Sarah Adams created contract Custom WordPress Plugin Development Contract: Advanced SEO Meta Manager', '2025-02-07 23:26:26', '2025-02-07 23:26:26'),
(620, 1, 1, 'user', 5, 'payslip', NULL, NULL, 'duplicated', 'Sarah Adams duplicated payslip PSL-5', '2025-02-07 23:44:39', '2025-02-07 23:44:39'),
(621, 1, 1, 'user', 8, 'payslip', NULL, NULL, 'updated', 'Sarah Adams updated payslip PSL-8', '2025-02-07 23:45:57', '2025-02-07 23:45:57'),
(622, 1, 1, 'user', 8, 'payslip', NULL, NULL, 'duplicated', 'Sarah Adams duplicated payslip PSL-8', '2025-02-07 23:53:27', '2025-02-07 23:53:27'),
(623, 1, 1, 'user', 9, 'payslip', NULL, NULL, 'updated', 'Sarah Adams updated payslip PSL-9', '2025-02-07 23:54:37', '2025-02-07 23:54:37'),
(624, 1, 1, 'user', 9, 'payslip', NULL, NULL, 'duplicated', 'Sarah Adams duplicated payslip PSL-9', '2025-02-07 23:57:22', '2025-02-07 23:57:22'),
(625, 1, 1, 'user', 10, 'payslip', NULL, NULL, 'updated', 'Sarah Adams updated payslip PSL-10', '2025-02-07 23:59:06', '2025-02-07 23:59:06'),
(626, 1, 1, 'user', 10, 'payslip', NULL, NULL, 'duplicated', 'Sarah Adams duplicated payslip PSL-10', '2025-02-07 23:59:24', '2025-02-07 23:59:24'),
(627, 1, 1, 'user', 11, 'payslip', NULL, NULL, 'updated', 'Sarah Adams updated payslip PSL-11', '2025-02-08 00:01:05', '2025-02-08 00:01:05'),
(628, 1, 1, 'user', 9, 'payslip', NULL, NULL, 'duplicated', 'Sarah Adams duplicated payslip PSL-9', '2025-02-08 00:01:35', '2025-02-08 00:01:35'),
(629, 1, 1, 'user', 12, 'payslip', NULL, NULL, 'updated', 'Sarah Adams updated payslip PSL-12', '2025-02-08 00:03:12', '2025-02-08 00:03:12'),
(630, 1, 1, 'user', 12, 'payslip', NULL, NULL, 'duplicated', 'Sarah Adams duplicated payslip PSL-12', '2025-02-08 00:05:24', '2025-02-08 00:05:24'),
(631, 1, 1, 'user', 13, 'payslip', NULL, NULL, 'updated', 'Sarah Adams updated payslip PSL-13', '2025-02-08 00:11:04', '2025-02-08 00:11:04'),
(632, 1, 1, 'user', 13, 'payslip', NULL, NULL, 'duplicated', 'Sarah Adams duplicated payslip PSL-13', '2025-02-08 00:12:30', '2025-02-08 00:12:30'),
(633, 1, 1, 'user', 14, 'payslip', NULL, NULL, 'updated', 'Sarah Adams updated payslip PSL-14', '2025-02-08 00:13:07', '2025-02-08 00:13:07'),
(634, 1, 1, 'user', 14, 'payslip', NULL, NULL, 'duplicated', 'Sarah Adams duplicated payslip PSL-14', '2025-02-08 00:13:16', '2025-02-08 00:13:16'),
(635, 1, 1, 'user', 15, 'payslip', NULL, NULL, 'updated', 'Sarah Adams updated payslip PSL-15', '2025-02-08 00:14:04', '2025-02-08 00:14:04'),
(636, 1, 1, 'user', 15, 'payslip', NULL, NULL, 'duplicated', 'Sarah Adams duplicated payslip PSL-15', '2025-02-08 00:14:25', '2025-02-08 00:14:25'),
(637, 1, 1, 'user', 16, 'payslip', NULL, NULL, 'updated', 'Sarah Adams updated payslip PSL-16', '2025-02-08 00:15:03', '2025-02-08 00:15:03'),
(638, 1, 1, 'user', 15, 'payslip', NULL, NULL, 'duplicated', 'Sarah Adams duplicated payslip PSL-15', '2025-02-08 00:15:21', '2025-02-08 00:15:21'),
(639, 1, 1, 'user', 17, 'payslip', NULL, NULL, 'updated', 'Sarah Adams updated payslip PSL-17', '2025-02-08 00:16:04', '2025-02-08 00:16:04'),
(640, 1, 1, 'user', 17, 'payslip', NULL, NULL, 'duplicated', 'Sarah Adams duplicated payslip PSL-17', '2025-02-08 00:18:05', '2025-02-08 00:18:05'),
(641, 1, 1, 'user', 18, 'payslip', NULL, NULL, 'updated', 'Sarah Adams updated payslip PSL-18', '2025-02-08 00:19:03', '2025-02-08 00:19:03');
INSERT INTO `activity_logs` (`id`, `workspace_id`, `actor_id`, `actor_type`, `type_id`, `type`, `parent_type_id`, `parent_type`, `activity`, `message`, `created_at`, `updated_at`) VALUES
(642, 1, 1, 'user', 17, 'payslip', NULL, NULL, 'duplicated', 'Sarah Adams duplicated payslip PSL-17', '2025-02-08 00:23:20', '2025-02-08 00:23:20'),
(643, 1, 1, 'user', 19, 'payslip', NULL, NULL, 'updated', 'Sarah Adams updated payslip PSL-19', '2025-02-08 00:24:31', '2025-02-08 00:24:31'),
(644, 1, 1, 'user', 19, 'payslip', NULL, NULL, 'duplicated', 'Sarah Adams duplicated payslip PSL-19', '2025-02-08 00:24:55', '2025-02-08 00:24:55'),
(645, 1, 1, 'user', 20, 'payslip', NULL, NULL, 'updated', 'Sarah Adams updated payslip PSL-20', '2025-02-08 00:25:30', '2025-02-08 00:25:30'),
(646, 1, 1, 'user', 19, 'payslip', NULL, NULL, 'duplicated', 'Sarah Adams duplicated payslip PSL-19', '2025-02-08 00:25:57', '2025-02-08 00:25:57'),
(647, 1, 1, 'user', 21, 'payslip', NULL, NULL, 'updated', 'Sarah Adams updated payslip PSL-21', '2025-02-08 00:27:07', '2025-02-08 00:27:07'),
(648, 1, 1, 'user', 21, 'payslip', NULL, NULL, 'duplicated', 'Sarah Adams duplicated payslip PSL-21', '2025-02-08 00:27:26', '2025-02-08 00:27:26'),
(649, 1, 1, 'user', 22, 'payslip', NULL, NULL, 'updated', 'Sarah Adams updated payslip PSL-22', '2025-02-08 00:27:50', '2025-02-08 00:27:50'),
(650, 1, 1, 'user', 21, 'payslip', NULL, NULL, 'duplicated', 'Sarah Adams duplicated payslip PSL-21', '2025-02-08 00:28:06', '2025-02-08 00:28:06'),
(651, 1, 1, 'user', 23, 'payslip', NULL, NULL, 'updated', 'Sarah Adams updated payslip PSL-23', '2025-02-08 00:28:27', '2025-02-08 00:28:27'),
(652, 1, 1, 'user', 31, 'expense_type', NULL, NULL, 'updated', 'Sarah Adams updated expense type Extra Salary', '2025-02-08 00:35:08', '2025-02-08 00:35:08'),
(653, 1, 1, 'user', 9, 'expense', NULL, NULL, 'created', 'Sarah Adams created expense Transportation Fuel', '2025-02-08 00:37:22', '2025-02-08 00:37:22'),
(654, 1, 1, 'user', 6, 'estimate', NULL, NULL, 'duplicated', 'Sarah Adams duplicated estimate EST-6', '2025-02-08 00:39:22', '2025-02-08 00:39:22'),
(655, 1, 1, 'user', 8, 'unit', NULL, NULL, 'created', 'Sarah Adams created unit Construction', '2025-02-08 00:41:23', '2025-02-08 00:41:23'),
(656, 1, 1, 'user', 8, 'item', NULL, NULL, 'created', 'Sarah Adams created item Construction Item', '2025-02-08 00:47:42', '2025-02-08 00:47:42'),
(657, 1, 1, 'user', 9, 'estimate', NULL, NULL, 'updated', 'Sarah Adams updated estimate EST-9', '2025-02-08 00:50:59', '2025-02-08 00:50:59'),
(658, 1, 1, 'user', 4, 'invoice', NULL, NULL, 'duplicated', 'Sarah Adams duplicated invoice INV-4', '2025-02-08 00:52:13', '2025-02-08 00:52:13'),
(659, 1, 1, 'user', 10, 'invoice', NULL, NULL, 'updated', 'Sarah Adams updated invoice INV-10', '2025-02-08 00:52:59', '2025-02-08 00:52:59'),
(660, 1, 1, 'user', 10, 'invoice', NULL, NULL, 'updated', 'Sarah Adams updated invoice INV-10', '2025-02-08 00:54:17', '2025-02-08 00:54:17'),
(661, 1, 1, 'user', 10, 'invoice', NULL, NULL, 'updated', 'Sarah Adams updated invoice INV-10', '2025-02-08 01:02:36', '2025-02-08 01:02:36'),
(662, 1, 1, 'user', 10, 'invoice', NULL, NULL, 'updated', 'Sarah Adams updated invoice INV-10', '2025-02-08 01:03:29', '2025-02-08 01:03:29'),
(663, 1, 1, 'user', 10, 'invoice', NULL, NULL, 'updated', 'Sarah Adams updated invoice INV-10', '2025-02-08 01:09:06', '2025-02-08 01:09:06'),
(664, 1, 1, 'user', 10, 'invoice', NULL, NULL, 'updated', 'Sarah Adams updated invoice INV-10', '2025-02-08 01:09:34', '2025-02-08 01:09:34'),
(665, 1, 1, 'user', 4, 'invoice', NULL, NULL, 'updated', 'Sarah Adams updated invoice INV-4', '2025-02-08 01:14:31', '2025-02-08 01:14:31'),
(666, 1, 1, 'user', 10, 'invoice', NULL, NULL, 'duplicated', 'Sarah Adams duplicated invoice INV-10', '2025-02-08 01:15:38', '2025-02-08 01:15:38'),
(667, 1, 1, 'user', 9, 'item', NULL, NULL, 'created', 'Sarah Adams created item Model Setup', '2025-02-08 01:17:34', '2025-02-08 01:17:34'),
(668, 1, 1, 'user', 11, 'invoice', NULL, NULL, 'updated', 'Sarah Adams updated invoice INV-11', '2025-02-08 01:18:19', '2025-02-08 01:18:19'),
(669, 1, 1, 'user', 11, 'invoice', NULL, NULL, 'duplicated', 'Sarah Adams duplicated invoice INV-11', '2025-02-08 01:19:02', '2025-02-08 01:19:02'),
(670, 1, 1, 'user', 4, 'expense', NULL, NULL, 'updated', 'Sarah Adams updated expense Internet Bill Payment', '2025-02-08 01:30:21', '2025-02-08 01:30:21'),
(671, 1, 1, 'user', 2, 'expense', NULL, NULL, 'updated', 'Sarah Adams updated expense January Rent Pay', '2025-02-08 01:30:35', '2025-02-08 01:30:35'),
(672, 1, 1, 'user', 10, 'expense', NULL, NULL, 'created', 'Sarah Adams created expense Coporate Tax', '2025-02-08 01:34:56', '2025-02-08 01:34:56'),
(673, 1, 1, 'user', 11, 'expense', NULL, NULL, 'created', 'Sarah Adams created expense Event Sponsorships', '2025-02-08 01:35:43', '2025-02-08 01:35:43'),
(674, 1, 1, 'user', 25, 'payment_method', NULL, NULL, 'created', 'Sarah Adams created payment method NFT', '2025-02-08 01:37:29', '2025-02-08 01:37:29'),
(675, 1, 1, 'user', 4, 'user', NULL, NULL, 'updated', 'Sarah Adams updated user Carson Rowland', '2025-02-08 01:41:27', '2025-02-08 01:41:27'),
(676, 1, 4, 'user', 2, 'leave_request', NULL, NULL, 'created', 'Carson Rowland created leave request ', '2025-02-08 01:43:16', '2025-02-08 01:43:16'),
(677, 1, 4, 'user', 3, 'leave_request', NULL, NULL, 'created', 'Carson Rowland created leave request ', '2025-02-08 01:44:32', '2025-02-08 01:44:32'),
(678, 1, 1, 'user', 5, 'user', NULL, NULL, 'updated', 'Sarah Adams updated user Frank Carpanter', '2025-02-08 01:48:16', '2025-02-08 01:48:16'),
(679, 1, 5, 'user', 4, 'leave_request', NULL, NULL, 'created', 'Frank Carpanter created leave request ', '2025-02-08 01:49:27', '2025-02-08 01:49:27'),
(680, 1, 1, 'user', 6, 'user', NULL, NULL, 'updated', 'Sarah Adams updated user Jennifer Dewalt', '2025-02-08 01:50:32', '2025-02-08 01:50:32'),
(681, 1, 6, 'user', 5, 'leave_request', NULL, NULL, 'created', 'Jennifer Dewalt created leave request ', '2025-02-08 01:51:34', '2025-02-08 01:51:34'),
(682, 1, 6, 'user', 6, 'leave_request', NULL, NULL, 'created', 'Jennifer Dewalt created leave request ', '2025-02-08 01:52:53', '2025-02-08 01:52:53'),
(683, 1, 7, 'user', 7, 'leave_request', NULL, NULL, 'created', 'Karen Lynch created leave request ', '2025-02-08 01:55:17', '2025-02-08 01:55:17'),
(684, 1, 7, 'user', 7, 'leave_request', NULL, NULL, 'updated', 'Karen Lynch updated leave request ', '2025-02-08 01:55:33', '2025-02-08 01:55:33'),
(685, 1, 1, 'user', 8, 'user', NULL, NULL, 'updated', 'Sarah Adams updated user Mark Davis', '2025-02-08 01:58:43', '2025-02-08 01:58:43'),
(686, 1, 8, 'user', 8, 'leave_request', NULL, NULL, 'created', 'Mark Davis created leave request ', '2025-02-08 02:00:43', '2025-02-08 02:00:43'),
(687, 1, 1, 'user', 9, 'user', NULL, NULL, 'updated', 'Sarah Adams updated user Alex Miller', '2025-02-08 02:07:39', '2025-02-08 02:07:39'),
(688, 1, 9, 'user', 9, 'leave_request', NULL, NULL, 'created', 'Alex Miller created leave request ', '2025-02-08 02:08:38', '2025-02-08 02:08:38'),
(689, 1, 11, 'user', 10, 'leave_request', NULL, NULL, 'created', 'Robert D. Moser Jr. created leave request ', '2025-02-08 02:09:50', '2025-02-08 02:09:50'),
(690, 1, 31, 'user', 11, 'leave_request', NULL, NULL, 'created', 'Tim Wilson created leave request ', '2025-02-08 02:13:26', '2025-02-08 02:13:26'),
(691, 1, 20, 'user', 12, 'leave_request', NULL, NULL, 'created', 'Lucas Brown created leave request ', '2025-02-08 02:21:36', '2025-02-08 02:21:36'),
(692, 1, 1, 'user', 12, 'leave_request', NULL, NULL, 'updated', 'Sarah Adams updated leave request ', '2025-02-08 02:23:46', '2025-02-08 02:23:46'),
(693, 1, 1, 'user', 11, 'leave_request', NULL, NULL, 'updated', 'Sarah Adams updated leave request ', '2025-02-08 02:24:33', '2025-02-08 02:24:33'),
(694, 1, 1, 'user', 10, 'leave_request', NULL, NULL, 'updated', 'Sarah Adams updated leave request ', '2025-02-08 02:24:54', '2025-02-08 02:24:54'),
(695, 1, 1, 'user', 9, 'leave_request', NULL, NULL, 'updated', 'Sarah Adams updated leave request ', '2025-02-08 02:27:07', '2025-02-08 02:27:07'),
(696, 1, 1, 'user', 8, 'leave_request', NULL, NULL, 'updated', 'Sarah Adams updated leave request ', '2025-02-08 02:27:38', '2025-02-08 02:27:38'),
(697, 1, 1, 'user', 7, 'leave_request', NULL, NULL, 'updated', 'Sarah Adams updated leave request ', '2025-02-08 02:28:21', '2025-02-08 02:28:21'),
(698, 1, 1, 'user', 6, 'leave_request', NULL, NULL, 'updated', 'Sarah Adams updated leave request ', '2025-02-08 02:28:50', '2025-02-08 02:28:50'),
(699, 1, 1, 'user', 5, 'leave_request', NULL, NULL, 'updated', 'Sarah Adams updated leave request ', '2025-02-08 02:29:56', '2025-02-08 02:29:56'),
(700, 1, 1, 'user', 4, 'leave_request', NULL, NULL, 'updated', 'Sarah Adams updated leave request ', '2025-02-08 02:31:18', '2025-02-08 02:31:18'),
(701, 1, 1, 'user', 29, 'user', NULL, NULL, 'updated', 'Sarah Adams updated user Amy jones', '2025-02-08 03:02:06', '2025-02-08 03:02:06'),
(702, 1, 29, 'user', 13, 'leave_request', NULL, NULL, 'created', 'Amy jones created leave request ', '2025-02-08 03:05:33', '2025-02-08 03:05:33'),
(703, 1, 1, 'user', 9, 'item', NULL, NULL, 'updated', 'Sarah Adams updated item AI Model Setup', '2025-02-08 03:10:02', '2025-02-08 03:10:02'),
(704, 2, 1, 'user', 20, 'project', NULL, NULL, 'created', 'Sarah Adams created project Cloud-Based Inventory Management System', '2025-02-08 03:56:10', '2025-02-08 03:56:10'),
(705, 2, 1, 'user', 20, 'project', NULL, NULL, 'updated', 'Sarah Adams updated project Cloud-Based Inventory Management System', '2025-02-08 03:57:02', '2025-02-08 03:57:02'),
(706, 2, 1, 'user', 20, 'project', NULL, NULL, 'updated', 'Sarah Adams updated project Cloud-Based Inventory Management System', '2025-02-08 03:58:52', '2025-02-08 03:58:52'),
(707, 2, 1, 'user', 126, 'task', 20, 'project', 'created', 'Sarah Adams created task Requirement Analysis', '2025-02-08 04:00:41', '2025-02-08 04:00:41'),
(708, 2, 1, 'user', 127, 'task', 20, 'project', 'created', 'Sarah Adams created task System Architecture Design', '2025-02-08 04:01:18', '2025-02-08 04:01:18'),
(709, 2, 1, 'user', 20, 'project', NULL, NULL, 'updated', 'Sarah Adams updated project Cloud-Based Inventory Management System', '2025-02-08 04:02:19', '2025-02-08 04:02:19'),
(710, 2, 1, 'user', 128, 'task', 20, 'project', 'created', 'Sarah Adams created task User Interface (UI) and User Experience (UX) Design', '2025-02-08 04:02:58', '2025-02-08 04:02:58'),
(711, 2, 1, 'user', 129, 'task', 20, 'project', 'created', 'Sarah Adams created task Cloud Infrastructure Setup', '2025-02-08 04:03:47', '2025-02-08 04:03:47'),
(712, 2, 1, 'user', 130, 'task', 20, 'project', 'created', 'Sarah Adams created task Backend Development', '2025-02-08 04:05:54', '2025-02-08 04:05:54'),
(713, 2, 1, 'user', 129, 'task', 20, 'project', 'updated', 'Sarah Adams updated task Cloud Infrastructure Setup', '2025-02-08 04:06:28', '2025-02-08 04:06:28'),
(714, 2, 1, 'user', 130, 'task', 20, 'project', 'updated', 'Sarah Adams updated task Backend Development', '2025-02-08 04:06:57', '2025-02-08 04:06:57'),
(715, 2, 1, 'user', 131, 'task', 20, 'project', 'created', 'Sarah Adams created task Frontend Development', '2025-02-08 04:07:56', '2025-02-08 04:07:56'),
(716, 2, 1, 'user', 132, 'task', 20, 'project', 'created', 'Sarah Adams created task Integration with Third-Party Tools', '2025-02-08 04:09:24', '2025-02-08 04:09:24'),
(717, 2, 1, 'user', 133, 'task', 20, 'project', 'created', 'Sarah Adams created task Testing and Quality Assurance', '2025-02-08 04:10:22', '2025-02-08 04:10:22'),
(718, 2, 1, 'user', 134, 'task', 20, 'project', 'created', 'Sarah Adams created task User Training and Documentation', '2025-02-08 04:12:04', '2025-02-08 04:12:04'),
(719, 2, 1, 'user', 135, 'task', 20, 'project', 'created', 'Sarah Adams created task Deployment', '2025-02-08 04:13:02', '2025-02-08 04:13:02'),
(720, 2, 1, 'user', 126, 'task', 20, 'project', 'updated', 'Sarah Adams updated task Requirement Analysis', '2025-02-08 04:14:17', '2025-02-08 04:14:17'),
(721, 2, 1, 'user', 127, 'task', 20, 'project', 'updated', 'Sarah Adams updated task System Architecture Design', '2025-02-08 04:14:38', '2025-02-08 04:14:38'),
(722, 2, 1, 'user', 128, 'task', 20, 'project', 'updated', 'Sarah Adams updated task User Interface (UI) and User Experience (UX) Design', '2025-02-08 04:15:01', '2025-02-08 04:15:01'),
(723, 2, 1, 'user', 129, 'task', 20, 'project', 'updated', 'Sarah Adams updated task Cloud Infrastructure Setup', '2025-02-08 04:15:36', '2025-02-08 04:15:36'),
(724, 2, 1, 'user', 129, 'task', 20, 'project', 'updated', 'Sarah Adams updated task Cloud Infrastructure Setup', '2025-02-08 04:15:51', '2025-02-08 04:15:51'),
(725, 2, 1, 'user', 130, 'task', 20, 'project', 'updated', 'Sarah Adams updated task Backend Development', '2025-02-08 04:16:12', '2025-02-08 04:16:12'),
(726, 2, 1, 'user', 131, 'task', 20, 'project', 'updated', 'Sarah Adams updated task Frontend Development', '2025-02-08 04:16:38', '2025-02-08 04:16:38'),
(727, 2, 1, 'user', 132, 'task', 20, 'project', 'updated', 'Sarah Adams updated task Integration with Third-Party Tools', '2025-02-08 04:18:26', '2025-02-08 04:18:26'),
(728, 2, 1, 'user', 133, 'task', 20, 'project', 'updated', 'Sarah Adams updated task Testing and Quality Assurance', '2025-02-08 04:19:12', '2025-02-08 04:19:12'),
(729, 2, 1, 'user', 134, 'task', 20, 'project', 'updated', 'Sarah Adams updated task User Training and Documentation', '2025-02-08 04:19:43', '2025-02-08 04:19:43'),
(730, 2, 1, 'user', 134, 'task', 20, 'project', 'updated', 'Sarah Adams updated task User Training and Documentation', '2025-02-08 04:20:04', '2025-02-08 04:20:04'),
(731, 2, 1, 'user', 135, 'task', 20, 'project', 'updated', 'Sarah Adams updated task Deployment', '2025-02-08 04:20:30', '2025-02-08 04:20:30'),
(732, 2, 1, 'user', 2, 'workspace', NULL, NULL, 'updated', 'Sarah Adams updated workspace Secondary WorkSpace', '2025-02-08 04:30:48', '2025-02-08 04:30:48'),
(733, 2, 1, 'user', 21, 'project', NULL, NULL, 'created', 'Sarah Adams created project AI-Driven Predictive Maintenance System', '2025-02-08 04:31:42', '2025-02-08 04:31:42'),
(734, 2, 1, 'user', 136, 'task', 21, 'project', 'created', 'Sarah Adams created task Requirement Gathering and Analysis', '2025-02-08 04:33:35', '2025-02-08 04:33:35'),
(735, 2, 1, 'user', 137, 'task', 21, 'project', 'created', 'Sarah Adams created task IoT Sensor Selection and Deployment', '2025-02-08 04:35:45', '2025-02-08 04:35:45'),
(736, 2, 1, 'user', 136, 'task', NULL, NULL, 'updated_priority', 'Sarah Adams updated task priority from - to High', '2025-02-08 04:36:15', '2025-02-08 04:36:15'),
(737, 2, 1, 'user', 138, 'task', 21, 'project', 'created', 'Sarah Adams created task Data Collection and Integration', '2025-02-08 04:40:00', '2025-02-08 04:40:00'),
(738, 2, 1, 'user', 139, 'task', 21, 'project', 'created', 'Sarah Adams created task Machine Learning Model Development', '2025-02-08 04:40:33', '2025-02-08 04:40:33'),
(739, 2, 1, 'user', 140, 'task', 21, 'project', 'created', 'Sarah Adams created task Backend System Development', '2025-02-08 04:41:05', '2025-02-08 04:41:05'),
(740, 2, 1, 'user', 141, 'task', 21, 'project', 'created', 'Sarah Adams created task Frontend Dashboard Development', '2025-02-08 04:41:42', '2025-02-08 04:41:42'),
(741, 2, 1, 'user', 142, 'task', 21, 'project', 'created', 'Sarah Adams created task Alert System Implementation', '2025-02-08 04:42:56', '2025-02-08 04:42:56'),
(742, 2, 1, 'user', 143, 'task', 21, 'project', 'created', 'Sarah Adams created task Integration with Existing Systems', '2025-02-08 04:43:48', '2025-02-08 04:43:48'),
(743, 2, 1, 'user', 144, 'task', 21, 'project', 'created', 'Sarah Adams created task Testing and Quality Assurance', '2025-02-08 04:44:25', '2025-02-08 04:44:25'),
(744, 2, 1, 'user', 145, 'task', 21, 'project', 'created', 'Sarah Adams created task Deployment and Training', '2025-02-08 04:44:53', '2025-02-08 04:44:53'),
(745, 2, 1, 'user', 146, 'task', 21, 'project', 'created', 'Sarah Adams created task Feedback Collection and Refinement', '2025-02-08 04:45:24', '2025-02-08 04:45:24'),
(746, 2, 1, 'user', 147, 'task', 21, 'project', 'created', 'Sarah Adams created task Ongoing Support and Maintenance', '2025-02-08 04:46:25', '2025-02-08 04:46:25'),
(747, 2, 1, 'user', 21, 'project', NULL, NULL, 'updated', 'Sarah Adams updated project AI-Driven Predictive Maintenance System', '2025-02-08 04:48:00', '2025-02-08 04:48:00'),
(748, 2, 1, 'user', 136, 'task', 21, 'project', 'updated', 'Sarah Adams updated task Requirement Gathering and Analysis', '2025-02-08 04:49:07', '2025-02-08 04:49:07'),
(749, 2, 1, 'user', 137, 'task', 21, 'project', 'updated', 'Sarah Adams updated task IoT Sensor Selection and Deployment', '2025-02-08 04:49:34', '2025-02-08 04:49:34'),
(750, 2, 1, 'user', 138, 'task', 21, 'project', 'updated', 'Sarah Adams updated task Data Collection and Integration', '2025-02-08 04:50:33', '2025-02-08 04:50:33'),
(751, 2, 1, 'user', 139, 'task', 21, 'project', 'updated', 'Sarah Adams updated task Machine Learning Model Development', '2025-02-08 04:51:21', '2025-02-08 04:51:21'),
(752, 2, 1, 'user', 140, 'task', 21, 'project', 'updated', 'Sarah Adams updated task Backend System Development', '2025-02-08 04:51:52', '2025-02-08 04:51:52'),
(753, 2, 1, 'user', 141, 'task', 21, 'project', 'updated', 'Sarah Adams updated task Frontend Dashboard Development', '2025-02-08 04:52:21', '2025-02-08 04:52:21'),
(754, 2, 1, 'user', 142, 'task', 21, 'project', 'updated', 'Sarah Adams updated task Alert System Implementation', '2025-02-08 04:52:37', '2025-02-08 04:52:37'),
(755, 2, 1, 'user', 143, 'task', 21, 'project', 'updated', 'Sarah Adams updated task Integration with Existing Systems', '2025-02-08 04:53:43', '2025-02-08 04:53:43'),
(756, 2, 1, 'user', 144, 'task', 21, 'project', 'updated', 'Sarah Adams updated task Testing and Quality Assurance', '2025-02-08 04:54:26', '2025-02-08 04:54:26'),
(757, 2, 1, 'user', 145, 'task', 21, 'project', 'updated', 'Sarah Adams updated task Deployment and Training', '2025-02-08 04:55:23', '2025-02-08 04:55:23'),
(758, 2, 1, 'user', 146, 'task', 21, 'project', 'updated', 'Sarah Adams updated task Feedback Collection and Refinement', '2025-02-08 04:56:40', '2025-02-08 04:56:40'),
(759, 2, 1, 'user', 147, 'task', 21, 'project', 'updated', 'Sarah Adams updated task Ongoing Support and Maintenance', '2025-02-08 04:57:43', '2025-02-08 04:57:43'),
(760, 2, 1, 'user', 22, 'project', NULL, NULL, 'created', 'Sarah Adams created project Smart Healthcare Monitoring System', '2025-02-08 04:59:28', '2025-02-08 04:59:28'),
(761, 2, 1, 'user', 22, 'project', NULL, NULL, 'updated', 'Sarah Adams updated project Smart Healthcare Monitoring System', '2025-02-08 04:59:54', '2025-02-08 04:59:54'),
(762, 2, 1, 'user', 148, 'task', 22, 'project', 'created', 'Sarah Adams created task Requirement Gathering and Analysis', '2025-02-08 05:01:47', '2025-02-08 05:01:47'),
(763, 2, 1, 'user', 148, 'task', 22, 'project', 'updated', 'Sarah Adams updated task Requirement Gathering and Analysis', '2025-02-08 05:03:20', '2025-02-08 05:03:20'),
(764, 2, 1, 'user', 22, 'project', NULL, NULL, 'updated', 'Sarah Adams updated project Smart Healthcare Monitoring System', '2025-02-08 05:04:16', '2025-02-08 05:04:16'),
(765, 2, 1, 'user', 149, 'task', 22, 'project', 'created', 'Sarah Adams created task IoT Device Selection and Setup', '2025-02-08 05:12:24', '2025-02-08 05:12:24'),
(766, 2, 1, 'user', 150, 'task', 22, 'project', 'created', 'Sarah Adams created task System Architecture Design', '2025-02-08 05:13:51', '2025-02-08 05:13:51'),
(767, 1, 1, 'user', 3, 'workspace', NULL, NULL, 'created', 'Sarah Adams created workspace The Marketing Vault ( Marketing Workspace )', '2025-02-09 21:25:42', '2025-02-09 21:25:42'),
(768, 3, 1, 'user', 3, 'workspace', NULL, NULL, 'updated', 'Sarah Adams updated workspace The Marketing Vault', '2025-02-09 21:26:28', '2025-02-09 21:26:28'),
(769, 3, 1, 'user', 32, 'user', NULL, NULL, 'created', 'Sarah Adams created user Michael Harper', '2025-02-09 21:34:46', '2025-02-09 21:34:46'),
(770, 3, 1, 'user', 33, 'user', NULL, NULL, 'created', 'Sarah Adams created user Jessica Taylor', '2025-02-09 21:36:12', '2025-02-09 21:36:12'),
(771, 3, 1, 'user', 34, 'user', NULL, NULL, 'created', 'Sarah Adams created user David Mitchell', '2025-02-09 21:39:39', '2025-02-09 21:39:39'),
(772, 3, 1, 'user', 35, 'user', NULL, NULL, 'created', 'Sarah Adams created user Emily Johnson', '2025-02-09 21:41:23', '2025-02-09 21:41:23'),
(773, 3, 1, 'user', 36, 'user', NULL, NULL, 'created', 'Sarah Adams created user Christopher Brooks', '2025-02-09 21:42:51', '2025-02-09 21:42:51'),
(774, 3, 1, 'user', 37, 'user', NULL, NULL, 'created', 'Sarah Adams created user Ashley Morgan', '2025-02-09 21:44:19', '2025-02-09 21:44:19'),
(775, 3, 1, 'user', 38, 'user', NULL, NULL, 'created', 'Sarah Adams created user Ryan Anderson', '2025-02-09 21:47:03', '2025-02-09 21:47:03'),
(776, 3, 1, 'user', 39, 'user', NULL, NULL, 'created', 'Sarah Adams created user Sophia Carter', '2025-02-09 21:53:17', '2025-02-09 21:53:17'),
(777, 3, 1, 'user', 40, 'user', NULL, NULL, 'created', 'Sarah Adams created user Brandon Scott', '2025-02-09 21:54:52', '2025-02-09 21:54:52'),
(778, 3, 1, 'user', 41, 'user', NULL, NULL, 'created', 'Sarah Adams created user Madison Reed', '2025-02-09 21:56:32', '2025-02-09 21:56:32'),
(779, 3, 1, 'user', 32, 'user', NULL, NULL, 'updated', 'Sarah Adams updated user Michael Harper', '2025-02-09 22:01:48', '2025-02-09 22:01:48'),
(780, 3, 1, 'user', 33, 'user', NULL, NULL, 'updated', 'Sarah Adams updated user Jessica Taylor', '2025-02-09 22:02:15', '2025-02-09 22:02:15'),
(781, 3, 1, 'user', 34, 'user', NULL, NULL, 'updated', 'Sarah Adams updated user David Mitchell', '2025-02-09 22:02:41', '2025-02-09 22:02:41'),
(782, 3, 1, 'user', 34, 'user', NULL, NULL, 'updated', 'Sarah Adams updated user David Mitchell', '2025-02-09 22:02:48', '2025-02-09 22:02:48'),
(783, 3, 1, 'user', 35, 'user', NULL, NULL, 'updated', 'Sarah Adams updated user Emily Johnson', '2025-02-09 22:03:06', '2025-02-09 22:03:06'),
(784, 3, 1, 'user', 36, 'user', NULL, NULL, 'updated', 'Sarah Adams updated user Christopher Brooks', '2025-02-09 22:04:38', '2025-02-09 22:04:38'),
(785, 3, 1, 'user', 37, 'user', NULL, NULL, 'updated', 'Sarah Adams updated user Ashley Morgan', '2025-02-09 22:05:44', '2025-02-09 22:05:44'),
(786, 3, 1, 'user', 38, 'user', NULL, NULL, 'updated', 'Sarah Adams updated user Ryan Anderson', '2025-02-09 22:06:24', '2025-02-09 22:06:24'),
(787, 3, 1, 'user', 39, 'user', NULL, NULL, 'updated', 'Sarah Adams updated user Sophia Carter', '2025-02-09 22:06:54', '2025-02-09 22:06:54'),
(788, 3, 1, 'user', 40, 'user', NULL, NULL, 'updated', 'Sarah Adams updated user Brandon Scott', '2025-02-09 22:07:23', '2025-02-09 22:07:23'),
(789, 3, 1, 'user', 41, 'user', NULL, NULL, 'updated', 'Sarah Adams updated user Madison Reed', '2025-02-09 22:07:50', '2025-02-09 22:07:50'),
(790, 3, 1, 'user', 35, 'user', NULL, NULL, 'updated', 'Sarah Adams updated user Emily Johnson', '2025-02-09 22:12:37', '2025-02-09 22:12:37'),
(791, 3, 1, 'user', 36, 'user', NULL, NULL, 'updated', 'Sarah Adams updated user Christopher Brooks', '2025-02-09 22:13:00', '2025-02-09 22:13:00'),
(792, 3, 1, 'user', 37, 'user', NULL, NULL, 'updated', 'Sarah Adams updated user Ashley Morgan', '2025-02-09 22:13:28', '2025-02-09 22:13:28'),
(793, 3, 1, 'user', 38, 'user', NULL, NULL, 'updated', 'Sarah Adams updated user Ryan Anderson', '2025-02-09 22:13:50', '2025-02-09 22:13:50'),
(794, 3, 1, 'user', 39, 'user', NULL, NULL, 'updated', 'Sarah Adams updated user Sophia Carter', '2025-02-09 22:15:14', '2025-02-09 22:15:14'),
(795, 3, 1, 'user', 40, 'user', NULL, NULL, 'updated', 'Sarah Adams updated user Brandon Scott', '2025-02-09 22:15:43', '2025-02-09 22:15:43'),
(796, 3, 1, 'user', 41, 'user', NULL, NULL, 'updated', 'Sarah Adams updated user Madison Reed', '2025-02-09 22:16:08', '2025-02-09 22:16:08'),
(797, 3, 1, 'user', 3, 'workspace', NULL, NULL, 'updated', 'Sarah Adams updated workspace The Marketing Vault', '2025-02-09 22:24:18', '2025-02-09 22:24:18'),
(798, 3, 1, 'user', 3, 'workspace', NULL, NULL, 'updated', 'Sarah Adams updated workspace The Marketing Vault', '2025-02-09 22:26:08', '2025-02-09 22:26:08'),
(799, 3, 1, 'user', 23, 'project', NULL, NULL, 'created', 'Sarah Adams created project Brand Amplify Campaign', '2025-02-09 23:01:24', '2025-02-09 23:01:24'),
(800, 3, 1, 'user', 151, 'task', 23, 'project', 'created', 'Sarah Adams created task Conduct Brand Audit', '2025-02-09 23:15:04', '2025-02-09 23:15:04'),
(801, 3, 1, 'user', 151, 'task', 23, 'project', 'duplicated', 'Sarah Adams duplicated task Conduct Brand Audit', '2025-02-09 23:17:04', '2025-02-09 23:17:04'),
(802, 3, 1, 'user', 152, 'task', 23, 'project', 'updated', 'Sarah Adams updated task Define Target Audience', '2025-02-09 23:18:02', '2025-02-09 23:18:02'),
(803, 3, 1, 'user', 152, 'task', 23, 'project', 'duplicated', 'Sarah Adams duplicated task Define Target Audience', '2025-02-09 23:18:22', '2025-02-09 23:18:22'),
(804, 3, 1, 'user', 153, 'task', 23, 'project', 'duplicated', 'Sarah Adams duplicated task Define Target Audience', '2025-02-09 23:18:42', '2025-02-09 23:18:42'),
(805, 3, 1, 'user', 153, 'task', 23, 'project', 'updated', 'Sarah Adams updated task Set Clear Campaign Goals', '2025-02-09 23:19:27', '2025-02-09 23:19:27'),
(806, 3, 1, 'user', 154, 'task', 23, 'project', 'updated', 'Sarah Adams updated task Develop Brand Messaging', '2025-02-09 23:20:17', '2025-02-09 23:20:17'),
(807, 3, 1, 'user', 154, 'task', 23, 'project', 'duplicated', 'Sarah Adams duplicated task Develop Brand Messaging', '2025-02-09 23:20:46', '2025-02-09 23:20:46'),
(808, 3, 1, 'user', 155, 'task', 23, 'project', 'updated', 'Sarah Adams updated task Design a Creative Campaign Theme', '2025-02-09 23:21:33', '2025-02-09 23:21:33'),
(809, 3, 1, 'user', 155, 'task', 23, 'project', 'duplicated', 'Sarah Adams duplicated task Design a Creative Campaign Theme', '2025-02-09 23:21:42', '2025-02-09 23:21:42'),
(810, 3, 1, 'user', 156, 'task', 23, 'project', 'updated', 'Sarah Adams updated task Design a Creative Campaign Theme', '2025-02-09 23:23:17', '2025-02-09 23:23:17'),
(811, 3, 1, 'user', 156, 'task', 23, 'project', 'updated', 'Sarah Adams updated task Create Content Calendar', '2025-02-09 23:24:00', '2025-02-09 23:24:00'),
(812, 3, 1, 'user', 156, 'task', 23, 'project', 'duplicated', 'Sarah Adams duplicated task Create Content Calendar', '2025-02-09 23:24:08', '2025-02-09 23:24:08'),
(813, 3, 1, 'user', 157, 'task', 23, 'project', 'updated', 'Sarah Adams updated task Launch Social Media Campaigns', '2025-02-09 23:24:58', '2025-02-09 23:24:58'),
(814, 3, 1, 'user', 157, 'task', 23, 'project', 'duplicated', 'Sarah Adams duplicated task Launch Social Media Campaigns', '2025-02-09 23:25:28', '2025-02-09 23:25:28'),
(815, 3, 1, 'user', 158, 'task', 23, 'project', 'updated', 'Sarah Adams updated task Execute Email Marketing Campaigns', '2025-02-09 23:26:16', '2025-02-09 23:26:16'),
(816, 3, 1, 'user', 158, 'task', 23, 'project', 'duplicated', 'Sarah Adams duplicated task Execute Email Marketing Campaigns', '2025-02-09 23:26:24', '2025-02-09 23:26:24'),
(817, 3, 1, 'user', 159, 'task', 23, 'project', 'updated', 'Sarah Adams updated task Develop a Paid Advertising Campaign', '2025-02-09 23:27:18', '2025-02-09 23:27:18'),
(818, 3, 1, 'user', 159, 'task', 23, 'project', 'duplicated', 'Sarah Adams duplicated task Develop a Paid Advertising Campaign', '2025-02-09 23:28:37', '2025-02-09 23:28:37'),
(819, 3, 1, 'user', 160, 'task', 23, 'project', 'updated', 'Sarah Adams updated task Collaborate with Influencers and Partners', '2025-02-09 23:29:36', '2025-02-09 23:29:36'),
(820, 3, 1, 'user', 160, 'task', 23, 'project', 'duplicated', 'Sarah Adams duplicated task Collaborate with Influencers and Partners', '2025-02-09 23:30:06', '2025-02-09 23:30:06'),
(821, 3, 1, 'user', 161, 'task', 23, 'project', 'updated', 'Sarah Adams updated task Organize an Event or Webinar', '2025-02-09 23:31:07', '2025-02-09 23:31:07'),
(822, 3, 1, 'user', 161, 'task', 23, 'project', 'duplicated', 'Sarah Adams duplicated task Organize an Event or Webinar', '2025-02-09 23:31:54', '2025-02-09 23:31:54'),
(823, 3, 1, 'user', 162, 'task', 23, 'project', 'updated', 'Sarah Adams updated task Analyze Campaign Results and Create a Final Report', '2025-02-09 23:32:33', '2025-02-09 23:32:33'),
(824, 3, 1, 'user', 24, 'project', NULL, NULL, 'created', 'Sarah Adams created project Global Social Media Strategy Overhaul', '2025-02-09 23:34:28', '2025-02-09 23:34:28'),
(825, 3, 1, 'user', 24, 'project', NULL, NULL, 'updated', 'Sarah Adams updated project Global Social Media Strategy Overhaul', '2025-02-09 23:37:19', '2025-02-09 23:37:19'),
(826, 3, 1, 'user', 24, 'project', NULL, NULL, 'updated', 'Sarah Adams updated project Global Social Media Strategy Overhaul', '2025-02-09 23:39:02', '2025-02-09 23:39:02'),
(827, 3, 1, 'user', 163, 'task', 24, 'project', 'created', 'Sarah Adams created task Conduct a Social Media Audit', '2025-02-09 23:44:26', '2025-02-09 23:44:26'),
(828, 3, 1, 'user', 163, 'task', 24, 'project', 'duplicated', 'Sarah Adams duplicated task Conduct a Social Media Audit', '2025-02-09 23:44:48', '2025-02-09 23:44:48'),
(829, 3, 1, 'user', 163, 'task', 24, 'project', 'duplicated', 'Sarah Adams duplicated task Conduct a Social Media Audit', '2025-02-09 23:44:55', '2025-02-09 23:44:55'),
(830, 3, 1, 'user', 164, 'task', 24, 'project', 'updated', 'Sarah Adams updated task Define Global Social Media Goals', '2025-02-09 23:49:50', '2025-02-09 23:49:50'),
(831, 3, 1, 'user', 165, 'task', 24, 'project', 'updated', 'Sarah Adams updated task Research Target Audiences', '2025-02-09 23:51:44', '2025-02-09 23:51:44'),
(832, 3, 1, 'user', 165, 'task', 24, 'project', 'duplicated', 'Sarah Adams duplicated task Research Target Audiences', '2025-02-09 23:51:57', '2025-02-09 23:51:57'),
(833, 3, 1, 'user', 166, 'task', 24, 'project', 'updated', 'Sarah Adams updated task Develop a Comprehensive Content Strategy', '2025-02-09 23:52:38', '2025-02-09 23:52:38'),
(834, 3, 1, 'user', 166, 'task', 24, 'project', 'updated', 'Sarah Adams updated task Develop a Comprehensive Content Strategy', '2025-02-09 23:52:52', '2025-02-09 23:52:52'),
(835, 3, 1, 'user', 166, 'task', 24, 'project', 'duplicated', 'Sarah Adams duplicated task Develop a Comprehensive Content Strategy', '2025-02-09 23:53:45', '2025-02-09 23:53:45'),
(836, 3, 1, 'user', 167, 'task', 24, 'project', 'updated', 'Sarah Adams updated task Establish Platform-Specific Strategies', '2025-02-09 23:55:18', '2025-02-09 23:55:18'),
(837, 3, 1, 'user', 167, 'task', 24, 'project', 'duplicated', 'Sarah Adams duplicated task Establish Platform-Specific Strategies', '2025-02-09 23:55:59', '2025-02-09 23:55:59'),
(838, 3, 1, 'user', 168, 'task', 24, 'project', 'updated', 'Sarah Adams updated task Design and Develop Creative Assets', '2025-02-09 23:57:29', '2025-02-09 23:57:29'),
(839, 3, 1, 'user', 168, 'task', 24, 'project', 'duplicated', 'Sarah Adams duplicated task Design and Develop Creative Assets', '2025-02-09 23:59:23', '2025-02-09 23:59:23'),
(840, 3, 1, 'user', 169, 'task', 24, 'project', 'updated', 'Sarah Adams updated task Launch the Social Media Campaign', '2025-02-10 00:00:10', '2025-02-10 00:00:10'),
(841, 3, 1, 'user', 169, 'task', 24, 'project', 'duplicated', 'Sarah Adams duplicated task Launch the Social Media Campaign', '2025-02-10 00:01:20', '2025-02-10 00:01:20'),
(842, 3, 1, 'user', 170, 'task', 24, 'project', 'updated', 'Sarah Adams updated task Monitor and Optimize Campaign Performance', '2025-02-10 00:01:56', '2025-02-10 00:01:56'),
(843, 3, 1, 'user', 170, 'task', 24, 'project', 'duplicated', 'Sarah Adams duplicated task Monitor and Optimize Campaign Performance', '2025-02-10 00:03:34', '2025-02-10 00:03:34'),
(844, 3, 1, 'user', 171, 'task', 24, 'project', 'updated', 'Sarah Adams updated task Foster Community Engagement', '2025-02-10 00:05:21', '2025-02-10 00:05:21'),
(845, 3, 1, 'user', 171, 'task', 24, 'project', 'duplicated', 'Sarah Adams duplicated task Foster Community Engagement', '2025-02-10 00:08:20', '2025-02-10 00:08:20'),
(846, 3, 1, 'user', 172, 'task', 24, 'project', 'updated', 'Sarah Adams updated task Prepare and Present Final Campaign Report', '2025-02-10 00:08:50', '2025-02-10 00:08:50'),
(847, 3, 1, 'user', 172, 'task', 24, 'project', 'updated', 'Sarah Adams updated task Prepare and Present Final Campaign Report', '2025-02-10 00:09:59', '2025-02-10 00:09:59'),
(848, 3, 1, 'user', 172, 'task', 24, 'project', 'duplicated', 'Sarah Adams duplicated task Prepare and Present Final Campaign Report', '2025-02-10 00:10:19', '2025-02-10 00:10:19'),
(849, 3, 1, 'user', 173, 'task', 24, 'project', 'updated', 'Sarah Adams updated task Conduct Post-Campaign Audience Survey', '2025-02-10 00:12:01', '2025-02-10 00:12:01'),
(850, 3, 1, 'user', 173, 'task', 24, 'project', 'duplicated', 'Sarah Adams duplicated task Conduct Post-Campaign Audience Survey', '2025-02-10 00:12:41', '2025-02-10 00:12:41'),
(851, 3, 1, 'user', 174, 'task', 24, 'project', 'updated', 'Sarah Adams updated task Establish Post-Campaign Engagement Plan', '2025-02-10 00:13:48', '2025-02-10 00:13:48'),
(852, 3, 1, 'user', 25, 'project', NULL, NULL, 'created', 'Sarah Adams created project Sustainable Product Launch Strategy', '2025-02-10 00:59:39', '2025-02-10 00:59:39'),
(853, 3, 1, 'user', 175, 'task', 25, 'project', 'created', 'Sarah Adams created task Conduct Market Research', '2025-02-10 01:06:04', '2025-02-10 01:06:04'),
(854, 3, 1, 'user', 175, 'task', 25, 'project', 'duplicated', 'Sarah Adams duplicated task Conduct Market Research', '2025-02-10 01:12:44', '2025-02-10 01:12:44'),
(855, 3, 1, 'user', 175, 'task', 25, 'project', 'duplicated', 'Sarah Adams duplicated task Conduct Market Research', '2025-02-10 01:12:47', '2025-02-10 01:12:47'),
(856, 3, 1, 'user', 175, 'task', 25, 'project', 'duplicated', 'Sarah Adams duplicated task Conduct Market Research', '2025-02-10 01:12:51', '2025-02-10 01:12:51'),
(857, 3, 1, 'user', 176, 'task', 25, 'project', 'updated', 'Sarah Adams updated task Define Unique Selling Points (USPs)', '2025-02-10 01:13:54', '2025-02-10 01:13:54'),
(858, 3, 1, 'user', 176, 'task', 25, 'project', 'updated', 'Sarah Adams updated task Define Unique Selling Points (USPs)', '2025-02-10 01:14:25', '2025-02-10 01:14:25'),
(859, 3, 1, 'user', 177, 'task', 25, 'project', 'updated', 'Sarah Adams updated task Develop a Brand Story', '2025-02-10 01:15:12', '2025-02-10 01:15:12'),
(860, 3, 1, 'user', 178, 'task', 25, 'project', 'updated', 'Sarah Adams updated task Design a Comprehensive Marketing Strategy', '2025-02-10 01:17:07', '2025-02-10 01:17:07'),
(861, 3, 1, 'user', 179, 'task', 25, 'project', 'created', 'Sarah Adams created task Create Visual Branding Assets', '2025-02-10 01:26:45', '2025-02-10 01:26:45'),
(862, 3, 1, 'user', 179, 'task', 25, 'project', 'deleted', 'Sarah Adams deleted task Create Visual Branding Assets', '2025-02-10 01:28:09', '2025-02-10 01:28:09'),
(863, 3, 1, 'user', 178, 'task', 25, 'project', 'duplicated', 'Sarah Adams duplicated task Design a Comprehensive Marketing Strategy', '2025-02-10 01:28:22', '2025-02-10 01:28:22'),
(864, 3, 1, 'user', 180, 'task', 25, 'project', 'updated', 'Sarah Adams updated task Create Visual Branding Assets', '2025-02-10 01:29:22', '2025-02-10 01:29:22'),
(865, 3, 1, 'user', 180, 'task', 25, 'project', 'duplicated', 'Sarah Adams duplicated task Create Visual Branding Assets', '2025-02-10 01:36:54', '2025-02-10 01:36:54'),
(866, 3, 1, 'user', 181, 'task', 25, 'project', 'updated', 'Sarah Adams updated task Develop a Content Marketing Plan', '2025-02-10 01:37:59', '2025-02-10 01:37:59'),
(867, 3, 1, 'user', 181, 'task', NULL, NULL, 'updated_priority', 'Sarah Adams updated task priority from - to High', '2025-02-10 01:38:11', '2025-02-10 01:38:11'),
(868, 3, 1, 'user', 180, 'task', NULL, NULL, 'updated_priority', 'Sarah Adams updated task priority from - to Medium', '2025-02-10 01:38:15', '2025-02-10 01:38:15'),
(869, 3, 1, 'user', 175, 'task', NULL, NULL, 'updated_priority', 'Sarah Adams updated task priority from - to Medium', '2025-02-10 01:38:19', '2025-02-10 01:38:19'),
(870, 3, 1, 'user', 176, 'task', NULL, NULL, 'updated_priority', 'Sarah Adams updated task priority from - to Urgent', '2025-02-10 01:38:23', '2025-02-10 01:38:23'),
(871, 3, 1, 'user', 178, 'task', NULL, NULL, 'updated_priority', 'Sarah Adams updated task priority from - to Low', '2025-02-10 01:38:27', '2025-02-10 01:38:27'),
(872, 3, 1, 'user', 177, 'task', NULL, NULL, 'updated_priority', 'Sarah Adams updated task priority from - to High', '2025-02-10 01:38:31', '2025-02-10 01:38:31'),
(873, 3, 1, 'user', 182, 'task', 25, 'project', 'created', 'Sarah Adams created task Launch the Marketing Campaign', '2025-02-10 01:40:52', '2025-02-10 01:40:52'),
(874, 3, 1, 'user', 25, 'project', NULL, NULL, 'updated_status', 'Sarah Adams updated project status from Default to Deferred', '2025-02-10 01:43:19', '2025-02-10 01:43:19'),
(875, 3, 1, 'user', 182, 'task', 25, 'project', 'updated', 'Sarah Adams updated task Launch the Marketing Campaign', '2025-02-10 01:44:25', '2025-02-10 01:44:25'),
(876, 3, 1, 'user', 181, 'task', 25, 'project', 'updated', 'Sarah Adams updated task Develop a Content Marketing Plan', '2025-02-10 01:44:41', '2025-02-10 01:44:41'),
(877, 3, 1, 'user', 178, 'task', 25, 'project', 'updated', 'Sarah Adams updated task Design a Comprehensive Marketing Strategy', '2025-02-10 01:44:53', '2025-02-10 01:44:53'),
(878, 3, 1, 'user', 180, 'task', 25, 'project', 'updated', 'Sarah Adams updated task Create Visual Branding Assets', '2025-02-10 01:45:05', '2025-02-10 01:45:05'),
(879, 3, 1, 'user', 177, 'task', 25, 'project', 'updated', 'Sarah Adams updated task Develop a Brand Story', '2025-02-10 01:45:15', '2025-02-10 01:45:15'),
(880, 3, 1, 'user', 176, 'task', 25, 'project', 'updated', 'Sarah Adams updated task Define Unique Selling Points (USPs)', '2025-02-10 01:45:23', '2025-02-10 01:45:23'),
(881, 3, 1, 'user', 26, 'project', NULL, NULL, 'created', 'Sarah Adams created project Brand Revitalization Campaign', '2025-02-10 01:48:19', '2025-02-10 01:48:19'),
(882, 3, 1, 'user', 183, 'task', 26, 'project', 'created', 'Sarah Adams created task Conduct a Brand Audit', '2025-02-10 01:58:01', '2025-02-10 01:58:01'),
(883, 3, 1, 'user', 183, 'task', 26, 'project', 'duplicated', 'Sarah Adams duplicated task Conduct a Brand Audit', '2025-02-10 01:58:17', '2025-02-10 01:58:17'),
(884, 3, 1, 'user', 184, 'task', 26, 'project', 'updated', 'Sarah Adams updated task Conduct a Brand Audit', '2025-02-10 01:58:46', '2025-02-10 01:58:46'),
(885, 3, 1, 'user', 184, 'task', 26, 'project', 'duplicated', 'Sarah Adams duplicated task Conduct a Brand Audit', '2025-02-10 01:59:18', '2025-02-10 01:59:18'),
(886, 3, 1, 'user', 184, 'task', 26, 'project', 'updated', 'Sarah Adams updated task Redefine Brand Identity', '2025-02-10 02:03:45', '2025-02-10 02:03:45'),
(887, 3, 1, 'user', 185, 'task', 26, 'project', 'updated', 'Sarah Adams updated task Design a New Logo and Visual Identity', '2025-02-10 02:05:28', '2025-02-10 02:05:28'),
(888, 3, 1, 'user', 185, 'task', 26, 'project', 'duplicated', 'Sarah Adams duplicated task Design a New Logo and Visual Identity', '2025-02-10 02:06:06', '2025-02-10 02:06:06'),
(889, 3, 1, 'user', 186, 'task', 26, 'project', 'updated', 'Sarah Adams updated task Develop Brand Messaging Framework', '2025-02-10 02:08:26', '2025-02-10 02:08:26'),
(890, 3, 1, 'user', 186, 'task', 26, 'project', 'updated', 'Sarah Adams updated task Develop Brand Messaging Framework', '2025-02-10 02:08:42', '2025-02-10 02:08:42'),
(891, 3, 1, 'user', 186, 'task', 26, 'project', 'duplicated', 'Sarah Adams duplicated task Develop Brand Messaging Framework', '2025-02-10 02:08:51', '2025-02-10 02:08:51'),
(892, 3, 1, 'user', 187, 'task', 26, 'project', 'updated', 'Sarah Adams updated task Launch a Comprehensive Marketing Campaign', '2025-02-10 02:09:47', '2025-02-10 02:09:47'),
(893, 3, 1, 'user', 27, 'project', NULL, NULL, 'created', 'Sarah Adams created project Customer Loyalty Rewards Program', '2025-02-10 02:14:46', '2025-02-10 02:14:46'),
(894, 3, 1, 'user', 188, 'task', 27, 'project', 'created', 'Sarah Adams created task Define Program Objectives and Structure', '2025-02-10 02:27:33', '2025-02-10 02:27:33'),
(895, 3, 1, 'user', 189, 'task', 27, 'project', 'created', 'Sarah Adams created task Research and Select Technology Platform', '2025-02-10 03:16:26', '2025-02-10 03:16:26'),
(896, 3, 1, 'user', 189, 'task', 27, 'project', 'updated', 'Sarah Adams updated task Research and Select Technology Platform', '2025-02-10 03:17:10', '2025-02-10 03:17:10'),
(897, 3, 1, 'user', 188, 'task', 27, 'project', 'duplicated', 'Sarah Adams duplicated task Define Program Objectives and Structure', '2025-02-10 03:17:18', '2025-02-10 03:17:18'),
(898, 3, 1, 'user', 190, 'task', 27, 'project', 'updated', 'Sarah Adams updated task Develop Program Branding and Marketing Materials', '2025-02-10 03:18:23', '2025-02-10 03:18:23'),
(899, 3, 1, 'user', 191, 'task', 27, 'project', 'created', 'Sarah Adams created task Build and Test the Loyalty Program Platform', '2025-02-10 03:20:19', '2025-02-10 03:20:19'),
(900, 3, 1, 'user', 191, 'task', 27, 'project', 'updated', 'Sarah Adams updated task Build and Test the Loyalty Program Platform', '2025-02-10 03:21:12', '2025-02-10 03:21:12'),
(901, 3, 1, 'user', 191, 'task', 27, 'project', 'duplicated', 'Sarah Adams duplicated task Build and Test the Loyalty Program Platform', '2025-02-10 03:21:45', '2025-02-10 03:21:45'),
(902, 3, 1, 'user', 192, 'task', 27, 'project', 'updated', 'Sarah Adams updated task Launch the Loyalty Program', '2025-02-10 03:22:34', '2025-02-10 03:22:34'),
(903, 3, 1, 'user', 192, 'task', 27, 'project', 'updated', 'Sarah Adams updated task Launch the Loyalty Program', '2025-02-10 03:22:52', '2025-02-10 03:22:52'),
(904, 3, 1, 'user', 192, 'task', 27, 'project', 'duplicated', 'Sarah Adams duplicated task Launch the Loyalty Program', '2025-02-10 03:23:30', '2025-02-10 03:23:30'),
(905, 3, 1, 'user', 193, 'task', 27, 'project', 'updated', 'Sarah Adams updated task Monitor Performance and Engagement', '2025-02-10 03:25:10', '2025-02-10 03:25:10'),
(906, 3, 1, 'user', 193, 'task', 27, 'project', 'updated', 'Sarah Adams updated task Monitor Performance and Engagement', '2025-02-10 03:25:36', '2025-02-10 03:25:36'),
(907, 3, 1, 'user', 28, 'project', NULL, NULL, 'created', 'Sarah Adams created project Digital Marketing Mastery Campaign', '2025-02-10 03:27:20', '2025-02-10 03:27:20'),
(908, 3, 1, 'user', 28, 'project', NULL, NULL, 'updated', 'Sarah Adams updated project Digital Marketing Mastery Campaign', '2025-02-10 03:28:40', '2025-02-10 03:28:40'),
(909, 3, 1, 'user', 28, 'project', NULL, NULL, 'updated_priority', 'Sarah Adams updated project priority from - to High', '2025-02-10 03:29:07', '2025-02-10 03:29:07'),
(910, 3, 1, 'user', 28, 'project', NULL, NULL, 'updated_status', 'Sarah Adams updated project status from Default to Not Started', '2025-02-10 03:29:35', '2025-02-10 03:29:35'),
(911, 3, 1, 'user', 194, 'task', 28, 'project', 'created', 'Sarah Adams created task Conduct a Digital Marketing Audit', '2025-02-10 03:39:59', '2025-02-10 03:39:59'),
(912, 3, 1, 'user', 195, 'task', 28, 'project', 'created', 'Sarah Adams created task Define Marketing Goals and KPIs', '2025-02-10 03:42:09', '2025-02-10 03:42:09'),
(913, 3, 1, 'user', 194, 'task', 28, 'project', 'updated', 'Sarah Adams updated task Conduct a Digital Marketing Audit', '2025-02-10 03:43:35', '2025-02-10 03:43:35'),
(914, 3, 1, 'user', 194, 'task', 28, 'project', 'duplicated', 'Sarah Adams duplicated task Conduct a Digital Marketing Audit', '2025-02-10 03:43:44', '2025-02-10 03:43:44'),
(915, 3, 1, 'user', 196, 'task', 28, 'project', 'updated', 'Sarah Adams updated task Define Marketing Goals and KPIs', '2025-02-10 03:46:14', '2025-02-10 03:46:14'),
(916, 3, 1, 'user', 196, 'task', 28, 'project', 'duplicated', 'Sarah Adams duplicated task Define Marketing Goals and KPIs', '2025-02-10 03:47:12', '2025-02-10 03:47:12'),
(917, 3, 1, 'user', 197, 'task', 28, 'project', 'updated', 'Sarah Adams updated task Develop a Comprehensive Marketing Strategy', '2025-02-10 03:48:41', '2025-02-10 03:48:41'),
(918, 3, 1, 'user', 197, 'task', 28, 'project', 'duplicated', 'Sarah Adams duplicated task Develop a Comprehensive Marketing Strategy', '2025-02-10 03:49:05', '2025-02-10 03:49:05'),
(919, 3, 1, 'user', 198, 'task', 28, 'project', 'updated', 'Sarah Adams updated task Create a Content Calendar', '2025-02-10 03:50:10', '2025-02-10 03:50:10'),
(920, 3, 1, 'user', 198, 'task', 28, 'project', 'duplicated', 'Sarah Adams duplicated task Create a Content Calendar', '2025-02-10 03:50:44', '2025-02-10 03:50:44'),
(921, 3, 1, 'user', 199, 'task', 28, 'project', 'updated', 'Sarah Adams updated task Develop Email Marketing Campaigns', '2025-02-10 03:52:48', '2025-02-10 03:52:48'),
(922, 3, 1, 'user', 200, 'task', 28, 'project', 'created', 'Sarah Adams created task Launch Paid Advertising Campaigns', '2025-02-10 03:55:58', '2025-02-10 03:55:58'),
(923, 3, 1, 'user', 196, 'task', 28, 'project', 'updated', 'Sarah Adams updated task Define Marketing Goals and KPIs', '2025-02-10 03:56:24', '2025-02-10 03:56:24'),
(924, 3, 1, 'user', 199, 'task', 28, 'project', 'updated', 'Sarah Adams updated task Develop Email Marketing Campaigns', '2025-02-10 03:56:36', '2025-02-10 03:56:36'),
(925, 3, 1, 'user', 195, 'task', 28, 'project', 'deleted', 'Sarah Adams deleted task Define Marketing Goals and KPIs', '2025-02-10 03:57:17', '2025-02-10 03:57:17'),
(926, 3, 1, 'user', 200, 'task', 28, 'project', 'deleted', 'Sarah Adams deleted task Launch Paid Advertising Campaigns', '2025-02-10 03:58:35', '2025-02-10 03:58:35'),
(927, 3, 1, 'user', 199, 'task', 28, 'project', 'updated', 'Sarah Adams updated task Develop Email Marketing Campaigns', '2025-02-10 03:59:31', '2025-02-10 03:59:31'),
(928, 3, 1, 'user', 28, 'project', NULL, NULL, 'duplicated', 'Sarah Adams duplicated project Digital Marketing Mastery Campaign', '2025-02-10 04:01:15', '2025-02-10 04:01:15'),
(929, 3, 1, 'user', 29, 'project', NULL, NULL, 'updated', 'Sarah Adams updated project Content Marketing Strategy for Brand Awareness', '2025-02-10 04:02:13', '2025-02-10 04:02:13'),
(930, 3, 1, 'user', 24, 'project', NULL, NULL, 'duplicated', 'Sarah Adams duplicated project Global Social Media Strategy Overhaul', '2025-02-10 04:05:51', '2025-02-10 04:05:51'),
(931, 3, 1, 'user', 25, 'project', NULL, NULL, 'duplicated', 'Sarah Adams duplicated project Sustainable Product Launch Strategy', '2025-02-10 04:28:02', '2025-02-10 04:28:02'),
(932, 3, 1, 'user', 31, 'project', NULL, NULL, 'updated', 'Sarah Adams updated project Influencer Marketing Campaign for Product Launch', '2025-02-10 04:30:07', '2025-02-10 04:30:07'),
(933, 3, 1, 'user', 7, 'meeting', NULL, NULL, 'created', 'Sarah Adams created meeting Digital Marketing Mastery Campaign Meeting', '2025-02-10 04:34:16', '2025-02-10 04:34:16'),
(934, 3, 1, 'user', 7, 'meeting', NULL, NULL, 'updated', 'Sarah Adams updated meeting Digital Marketing Mastery Campaign Meeting', '2025-02-10 04:34:51', '2025-02-10 04:34:51'),
(935, 3, 1, 'user', 7, 'meeting', NULL, NULL, 'duplicated', 'Sarah Adams duplicated meeting Digital Marketing Mastery Campaign Meeting', '2025-02-10 04:35:09', '2025-02-10 04:35:09'),
(936, 3, 1, 'user', 8, 'meeting', NULL, NULL, 'updated', 'Sarah Adams updated meeting Customer Loyalty Rewards Program', '2025-02-10 04:35:36', '2025-02-10 04:35:36'),
(937, 3, 1, 'user', 8, 'meeting', NULL, NULL, 'duplicated', 'Sarah Adams duplicated meeting Customer Loyalty Rewards Program', '2025-02-10 04:38:44', '2025-02-10 04:38:44'),
(938, 3, 1, 'user', 7, 'meeting', NULL, NULL, 'duplicated', 'Sarah Adams duplicated meeting Digital Marketing Mastery Campaign Meeting', '2025-02-10 04:38:56', '2025-02-10 04:38:56'),
(939, 3, 1, 'user', 9, 'meeting', NULL, NULL, 'updated', 'Sarah Adams updated meeting Sustainable Product Launch Strategy', '2025-02-10 04:39:48', '2025-02-10 04:39:48'),
(940, 3, 1, 'user', 8, 'meeting', NULL, NULL, 'updated', 'Sarah Adams updated meeting Customer Loyalty Rewards Program', '2025-02-10 04:41:02', '2025-02-10 04:41:02'),
(941, 3, 1, 'user', 10, 'meeting', NULL, NULL, 'updated', 'Sarah Adams updated meeting Brand Revitalization Campaign', '2025-02-10 04:42:45', '2025-02-10 04:42:45'),
(942, 3, 1, 'user', 8, 'meeting', NULL, NULL, 'updated', 'Sarah Adams updated meeting Customer Loyalty Rewards Program', '2025-02-10 04:43:00', '2025-02-10 04:43:00'),
(943, 3, 1, 'user', 9, 'meeting', NULL, NULL, 'updated', 'Sarah Adams updated meeting Sustainable Product Launch Strategy', '2025-02-10 04:43:34', '2025-02-10 04:43:34'),
(944, 3, 1, 'user', 10, 'meeting', NULL, NULL, 'updated', 'Sarah Adams updated meeting Brand Revitalization Campaign', '2025-02-10 04:43:59', '2025-02-10 04:43:59'),
(945, 3, 1, 'user', 9, 'meeting', NULL, NULL, 'updated', 'Sarah Adams updated meeting Sustainable Product Launch Strategy', '2025-02-10 04:44:33', '2025-02-10 04:44:33'),
(946, 3, 1, 'user', 37, 'contract_type', NULL, NULL, 'created', 'Sarah Adams created contract type Service Agreement', '2025-02-10 04:49:11', '2025-02-10 04:49:11'),
(947, 3, 1, 'user', 13, 'contract', NULL, NULL, 'created', 'Sarah Adams created contract Digital Marketing Mastery Campaign Execution Agreement', '2025-02-10 04:51:49', '2025-02-10 04:51:49'),
(948, 3, 1, 'user', 13, 'contract', NULL, NULL, 'duplicated', 'Sarah Adams duplicated contract Digital Marketing Mastery Campaign Execution Agreement', '2025-02-10 04:54:58', '2025-02-10 04:54:58'),
(949, 3, 1, 'user', 14, 'contract', NULL, NULL, 'updated', 'Sarah Adams updated contract Brand Revitalization Campaign Service Agreement', '2025-02-10 04:55:17', '2025-02-10 04:55:17'),
(950, 3, 1, 'user', 14, 'contract', NULL, NULL, 'duplicated', 'Sarah Adams duplicated contract Brand Revitalization Campaign Service Agreement', '2025-02-10 04:58:29', '2025-02-10 04:58:29'),
(951, 3, 1, 'user', 15, 'contract', NULL, NULL, 'updated', 'Sarah Adams updated contract Content Marketing Strategy Development and Implementation Agreement', '2025-02-10 05:09:17', '2025-02-10 05:09:17');
INSERT INTO `activity_logs` (`id`, `workspace_id`, `actor_id`, `actor_type`, `type_id`, `type`, `parent_type_id`, `parent_type`, `activity`, `message`, `created_at`, `updated_at`) VALUES
(952, 3, 1, 'user', 15, 'contract', NULL, NULL, 'updated', 'Sarah Adams updated contract Content Marketing Strategy Development and Implementation Agreement', '2025-02-10 05:09:36', '2025-02-10 05:09:36'),
(953, 3, 1, 'user', 14, 'contract', NULL, NULL, 'updated', 'Sarah Adams updated contract Brand Revitalization Campaign Service Agreement', '2025-02-10 05:10:16', '2025-02-10 05:10:16'),
(954, 3, 1, 'user', 6, 'allowance', NULL, NULL, 'created', 'Sarah Adams created allowance Car Fuel', '2025-02-10 05:19:21', '2025-02-10 05:19:21'),
(955, 3, 1, 'user', 7, 'allowance', NULL, NULL, 'created', 'Sarah Adams created allowance Coffee', '2025-02-10 05:20:44', '2025-02-10 05:20:44'),
(956, 2, 1, 'user', 22, 'project', NULL, NULL, 'updated', 'Sarah Adams updated project Smart Healthcare Monitoring System', '2025-02-10 21:26:34', '2025-02-10 21:26:34'),
(957, 2, 1, 'user', 150, 'task', 22, 'project', 'updated', 'Sarah Adams updated task System Architecture Design', '2025-02-10 21:26:55', '2025-02-10 21:26:55'),
(958, 2, 1, 'user', 149, 'task', 22, 'project', 'updated', 'Sarah Adams updated task IoT Device Selection and Setup', '2025-02-10 21:27:23', '2025-02-10 21:27:23'),
(959, 2, 1, 'user', 3, 'meeting', NULL, NULL, 'duplicated', 'Sarah Adams duplicated meeting Planing with Client', '2025-02-10 21:29:19', '2025-02-10 21:29:19'),
(960, 2, 1, 'user', 11, 'meeting', NULL, NULL, 'duplicated', 'Sarah Adams duplicated meeting Smart Healthcare Monitoring System Meeting', '2025-02-10 21:29:36', '2025-02-10 21:29:36'),
(961, 2, 1, 'user', 12, 'meeting', NULL, NULL, 'duplicated', 'Sarah Adams duplicated meeting AI-Powered Content Generator Plugin Meeting', '2025-02-10 21:29:52', '2025-02-10 21:29:52'),
(962, 2, 1, 'user', 13, 'meeting', NULL, NULL, 'updated', 'Sarah Adams updated meeting Payment Meeting', '2025-02-10 21:30:16', '2025-02-10 21:30:16'),
(963, 2, 1, 'user', 12, 'meeting', NULL, NULL, 'updated', 'Sarah Adams updated meeting AI-Powered Content Generator Plugin Meeting', '2025-02-10 21:30:58', '2025-02-10 21:30:58'),
(964, 2, 1, 'user', 12, 'meeting', NULL, NULL, 'updated', 'Sarah Adams updated meeting AI-Powered Content Generator Plugin Meeting', '2025-02-10 21:31:15', '2025-02-10 21:31:15'),
(965, 2, 1, 'user', 12, 'meeting', NULL, NULL, 'updated', 'Sarah Adams updated meeting AI-Powered Content Generator Plugin Meeting', '2025-02-10 21:31:30', '2025-02-10 21:31:30'),
(966, 2, 1, 'user', 11, 'meeting', NULL, NULL, 'updated', 'Sarah Adams updated meeting Smart Healthcare Monitoring System Meeting', '2025-02-10 21:32:00', '2025-02-10 21:32:00'),
(967, 2, 1, 'user', 3, 'meeting', NULL, NULL, 'updated', 'Sarah Adams updated meeting Planing with Client', '2025-02-10 21:32:22', '2025-02-10 21:32:22'),
(968, 2, 1, 'user', 11, 'meeting', NULL, NULL, 'updated', 'Sarah Adams updated meeting Smart Healthcare Monitoring System Meeting', '2025-02-10 21:32:41', '2025-02-10 21:32:41'),
(969, 2, 1, 'user', 7, 'payslip', NULL, NULL, 'duplicated', 'Sarah Adams duplicated payslip PSL-7', '2025-02-10 21:33:17', '2025-02-10 21:33:17'),
(970, 2, 1, 'user', 24, 'payslip', NULL, NULL, 'updated', 'Sarah Adams updated payslip PSL-24', '2025-02-10 21:33:34', '2025-02-10 21:33:34'),
(971, 2, 1, 'user', 24, 'payslip', NULL, NULL, 'updated', 'Sarah Adams updated payslip PSL-24', '2025-02-10 21:34:33', '2025-02-10 21:34:33'),
(972, 2, 1, 'user', 5, 'contract', NULL, NULL, 'duplicated', 'Sarah Adams duplicated contract Development of AI-Powered Content Generator WordPress Plugin', '2025-02-10 21:35:28', '2025-02-10 21:35:28'),
(973, 2, 1, 'user', 16, 'contract', NULL, NULL, 'updated', 'Sarah Adams updated contract Cloud-Based Inventory Management System Contract', '2025-02-10 21:35:57', '2025-02-10 21:35:57'),
(974, 2, 1, 'user', 16, 'contract', NULL, NULL, 'duplicated', 'Sarah Adams duplicated contract Cloud-Based Inventory Management System Contract', '2025-02-10 21:36:23', '2025-02-10 21:36:23'),
(975, 2, 1, 'user', 17, 'contract', NULL, NULL, 'updated', 'Sarah Adams updated contract Smart Healthcare Monitoring System Contract', '2025-02-10 21:36:41', '2025-02-10 21:36:41'),
(976, 3, 1, 'user', 12, 'todo', NULL, NULL, 'created', 'Sarah Adams created todo System Maintenance', '2025-02-10 21:39:38', '2025-02-10 21:39:38'),
(977, 3, 1, 'user', 13, 'todo', NULL, NULL, 'created', 'Sarah Adams created todo User Management', '2025-02-10 21:40:06', '2025-02-10 21:40:06'),
(978, 3, 1, 'user', 14, 'todo', NULL, NULL, 'created', 'Sarah Adams created todo Task and Workflow Optimization', '2025-02-10 21:40:26', '2025-02-10 21:40:26'),
(979, 3, 1, 'user', 15, 'todo', NULL, NULL, 'created', 'Sarah Adams created todo Reporting and Insights', '2025-02-10 21:40:42', '2025-02-10 21:40:42'),
(980, 3, 1, 'user', 9, 'tax', NULL, NULL, 'created', 'Sarah Adams created tax G.S.T.', '2025-02-10 21:42:06', '2025-02-10 21:42:06'),
(981, 3, 1, 'user', 10, 'tax', NULL, NULL, 'created', 'Sarah Adams created tax N.H.C', '2025-02-10 21:42:33', '2025-02-10 21:42:33'),
(982, 3, 1, 'user', 9, 'unit', NULL, NULL, 'created', 'Sarah Adams created unit 24-Hour', '2025-02-10 21:43:11', '2025-02-10 21:43:11'),
(983, 3, 1, 'user', 10, 'unit', NULL, NULL, 'created', 'Sarah Adams created unit Hour', '2025-02-10 21:43:32', '2025-02-10 21:43:32'),
(984, 3, 1, 'user', 10, 'item', NULL, NULL, 'created', 'Sarah Adams created item 24 Hour Monetize', '2025-02-10 21:45:29', '2025-02-10 21:45:29'),
(985, 3, 1, 'user', 11, 'item', NULL, NULL, 'created', 'Sarah Adams created item 24 Hour Ads Run', '2025-02-10 21:47:45', '2025-02-10 21:47:45'),
(986, 3, 1, 'user', 35, 'expense_type', NULL, NULL, 'created', 'Sarah Adams created expense type Rent Paymnet', '2025-02-10 21:50:51', '2025-02-10 21:50:51'),
(987, 3, 1, 'user', 36, 'expense_type', NULL, NULL, 'created', 'Sarah Adams created expense type Software Purchase', '2025-02-10 21:51:04', '2025-02-10 21:51:04'),
(988, 3, 1, 'user', 37, 'expense_type', NULL, NULL, 'created', 'Sarah Adams created expense type Device Purchase', '2025-02-10 21:51:13', '2025-02-10 21:51:13'),
(989, 3, 1, 'user', 12, 'expense', NULL, NULL, 'created', 'Sarah Adams created expense Marketo Sofware Purhcase', '2025-02-10 21:52:24', '2025-02-10 21:52:24'),
(990, 3, 1, 'user', 13, 'expense', NULL, NULL, 'created', 'Sarah Adams created expense ActiveCampaign', '2025-02-10 21:53:15', '2025-02-10 21:53:15'),
(991, 3, 1, 'user', 14, 'expense', NULL, NULL, 'created', 'Sarah Adams created expense Phone For Marketing team', '2025-02-10 21:53:58', '2025-02-10 21:53:58'),
(992, 3, 1, 'user', 13, 'expense', NULL, NULL, 'updated', 'Sarah Adams updated expense ActiveCampaign', '2025-02-10 21:54:04', '2025-02-10 21:54:04'),
(993, 3, 1, 'user', 13, 'expense', NULL, NULL, 'updated', 'Sarah Adams updated expense ActiveCampaign', '2025-02-10 21:54:12', '2025-02-10 21:54:12'),
(994, 3, 1, 'user', 25, 'payslip', NULL, NULL, 'created', 'Sarah Adams created payslip PSL-25', '2025-02-10 21:58:21', '2025-02-10 21:58:21'),
(995, 3, 1, 'user', 26, 'payment_method', NULL, NULL, 'created', 'Sarah Adams created payment method Bank Transfer Payment', '2025-02-10 21:59:10', '2025-02-10 21:59:10'),
(996, 3, 1, 'user', 25, 'payslip', NULL, NULL, 'updated', 'Sarah Adams updated payslip PSL-25', '2025-02-10 21:59:51', '2025-02-10 21:59:51'),
(997, 3, 1, 'user', 25, 'payslip', NULL, NULL, 'duplicated', 'Sarah Adams duplicated payslip PSL-25', '2025-02-10 22:00:26', '2025-02-10 22:00:26'),
(998, 3, 1, 'user', 26, 'payslip', NULL, NULL, 'duplicated', 'Sarah Adams duplicated payslip PSL-26', '2025-02-10 22:00:30', '2025-02-10 22:00:30'),
(999, 3, 1, 'user', 27, 'payslip', NULL, NULL, 'duplicated', 'Sarah Adams duplicated payslip PSL-27', '2025-02-10 22:00:33', '2025-02-10 22:00:33'),
(1000, 3, 1, 'user', 28, 'payslip', NULL, NULL, 'duplicated', 'Sarah Adams duplicated payslip PSL-28', '2025-02-10 22:00:36', '2025-02-10 22:00:36'),
(1001, 3, 1, 'user', 26, 'payslip', NULL, NULL, 'updated', 'Sarah Adams updated payslip PSL-26', '2025-02-10 22:01:30', '2025-02-10 22:01:30'),
(1002, 3, 1, 'user', 27, 'payslip', NULL, NULL, 'updated', 'Sarah Adams updated payslip PSL-27', '2025-02-10 22:02:17', '2025-02-10 22:02:17'),
(1003, 3, 1, 'user', 28, 'payslip', NULL, NULL, 'updated', 'Sarah Adams updated payslip PSL-28', '2025-02-10 22:02:58', '2025-02-10 22:02:58'),
(1004, 3, 1, 'user', 29, 'payslip', NULL, NULL, 'updated', 'Sarah Adams updated payslip PSL-29', '2025-02-10 22:03:45', '2025-02-10 22:03:45'),
(1005, 3, 1, 'user', 8, 'deduction', NULL, NULL, 'created', 'Sarah Adams created deduction Full Day Off', '2025-02-10 22:04:45', '2025-02-10 22:04:45'),
(1006, 3, 1, 'user', 9, 'deduction', NULL, NULL, 'created', 'Sarah Adams created deduction Half Day Off', '2025-02-10 22:05:10', '2025-02-10 22:05:10'),
(1007, 3, 1, 'user', 12, 'item', NULL, NULL, 'created', 'Sarah Adams created item Digital Marketing Mastery Campaign', '2025-02-10 22:08:42', '2025-02-10 22:08:42'),
(1008, 3, 1, 'user', 13, 'invoice', NULL, NULL, 'created', 'Sarah Adams created invoice INV-13', '2025-02-10 22:09:02', '2025-02-10 22:09:02'),
(1009, 3, 1, 'user', 13, 'invoice', NULL, NULL, 'duplicated', 'Sarah Adams duplicated invoice INV-13', '2025-02-10 22:09:24', '2025-02-10 22:09:24'),
(1010, 3, 1, 'user', 13, 'invoice', NULL, NULL, 'duplicated', 'Sarah Adams duplicated invoice INV-13', '2025-02-10 22:09:28', '2025-02-10 22:09:28'),
(1011, 3, 1, 'user', 14, 'estimate', NULL, NULL, 'updated', 'Sarah Adams updated estimate EST-14', '2025-02-10 22:10:01', '2025-02-10 22:10:01'),
(1012, 3, 1, 'user', 15, 'invoice', NULL, NULL, 'updated', 'Sarah Adams updated invoice INV-15', '2025-02-10 22:10:31', '2025-02-10 22:10:31'),
(1013, 3, 1, 'user', 15, 'invoice', NULL, NULL, 'duplicated', 'Sarah Adams duplicated invoice INV-15', '2025-02-10 22:10:40', '2025-02-10 22:10:40'),
(1014, 3, 1, 'user', 16, 'invoice', NULL, NULL, 'updated', 'Sarah Adams updated invoice INV-16', '2025-02-10 22:10:59', '2025-02-10 22:10:59'),
(1015, 3, 1, 'user', 16, 'invoice', NULL, NULL, 'duplicated', 'Sarah Adams duplicated invoice INV-16', '2025-02-10 22:11:11', '2025-02-10 22:11:11'),
(1016, 3, 1, 'user', 17, 'estimate', NULL, NULL, 'updated', 'Sarah Adams updated estimate EST-17', '2025-02-10 22:11:37', '2025-02-10 22:11:37'),
(1017, 3, 1, 'user', 17, 'estimate', NULL, NULL, 'updated', 'Sarah Adams updated estimate EST-17', '2025-02-10 22:11:54', '2025-02-10 22:11:54'),
(1018, 3, 1, 'user', 16, 'invoice', NULL, NULL, 'updated', 'Sarah Adams updated invoice INV-16', '2025-02-10 22:12:14', '2025-02-10 22:12:14'),
(1019, 3, 1, 'user', 17, 'estimate', NULL, NULL, 'updated', 'Sarah Adams updated estimate EST-17', '2025-02-10 22:12:36', '2025-02-10 22:12:36'),
(1020, 3, 1, 'user', 14, 'leave_request', NULL, NULL, 'created', 'Sarah Adams created leave request ', '2025-02-10 22:14:47', '2025-02-10 22:14:47'),
(1021, 3, 33, 'user', 15, 'leave_request', NULL, NULL, 'created', 'Jessica Taylor created leave request ', '2025-02-10 22:18:17', '2025-02-10 22:18:17'),
(1022, 3, 33, 'user', 15, 'leave_request', NULL, NULL, 'updated', 'Jessica Taylor updated leave request ', '2025-02-10 22:18:41', '2025-02-10 22:18:41'),
(1023, 3, 34, 'user', 16, 'leave_request', NULL, NULL, 'created', 'David Mitchell created leave request ', '2025-02-10 22:21:46', '2025-02-10 22:21:46'),
(1024, 3, 1, 'user', 16, 'leave_request', NULL, NULL, 'updated', 'Sarah Adams updated leave request ', '2025-02-10 22:22:13', '2025-02-10 22:22:13'),
(1025, 1, 1, 'user', 116, 'task', 19, 'project', 'updated', 'Sarah Adams updated task System Design and Planning', '2025-02-11 21:41:39', '2025-02-11 21:41:39'),
(1026, 1, 1, 'user', 117, 'task', 19, 'project', 'updated', 'Sarah Adams updated task IoT Device Procurement', '2025-02-11 21:42:07', '2025-02-11 21:42:07'),
(1027, 1, 1, 'user', 118, 'task', 19, 'project', 'updated', 'Sarah Adams updated task Hardware Installation', '2025-02-11 21:42:32', '2025-02-11 21:42:32'),
(1028, 1, 1, 'user', 119, 'task', 19, 'project', 'updated', 'Sarah Adams updated task Software Development and Integration', '2025-02-11 21:43:02', '2025-02-11 21:43:02'),
(1029, 1, 1, 'user', 120, 'task', 19, 'project', 'updated', 'Sarah Adams updated task Mobile Application Development', '2025-02-11 21:43:18', '2025-02-11 21:43:18'),
(1030, 1, 1, 'user', 121, 'task', 19, 'project', 'updated', 'Sarah Adams updated task Security System Setup', '2025-02-11 21:43:42', '2025-02-11 21:43:42'),
(1031, 1, 1, 'user', 122, 'task', 19, 'project', 'updated', 'Sarah Adams updated task Testing and Quality Assurance', '2025-02-11 21:44:11', '2025-02-11 21:44:11'),
(1032, 1, 1, 'user', 123, 'task', 19, 'project', 'updated', 'Sarah Adams updated task Training and User Onboarding', '2025-02-11 21:44:25', '2025-02-11 21:44:25'),
(1033, 1, 1, 'user', 124, 'task', 19, 'project', 'updated', 'Sarah Adams updated task System Deployment', '2025-02-11 21:44:53', '2025-02-11 21:44:53'),
(1034, 1, 1, 'user', 125, 'task', 19, 'project', 'updated', 'Sarah Adams updated task Maintenance Plan Development', '2025-02-11 21:45:08', '2025-02-11 21:45:08'),
(1035, 1, 1, 'user', 125, 'task', 19, 'project', 'updated', 'Sarah Adams updated task Maintenance Plan Development', '2025-02-11 21:45:36', '2025-02-11 21:45:36');

-- --------------------------------------------------------

--
-- Table structure for table `allowances`
--

CREATE TABLE `allowances` (
  `id` bigint UNSIGNED NOT NULL,
  `workspace_id` bigint UNSIGNED DEFAULT NULL,
  `title` varchar(255) CHARACTER SET utf8mb4 COLLATE utf8mb4_unicode_ci NOT NULL,
  `amount` double NOT NULL,
  `created_at` timestamp NULL DEFAULT NULL,
  `updated_at` timestamp NULL DEFAULT NULL
) ENGINE=InnoDB DEFAULT CHARSET=utf8mb4 COLLATE=utf8mb4_unicode_ci;

--
-- Dumping data for table `allowances`
--

INSERT INTO `allowances` (`id`, `workspace_id`, `title`, `amount`, `created_at`, `updated_at`) VALUES
(1, 1, 'Refreshment', 10, '2025-02-04 02:09:12', '2025-02-04 02:09:12'),
(2, 1, 'Cofee', 10, '2025-02-04 02:09:28', '2025-02-04 02:09:28'),
(3, 1, 'Fuel', 20, '2025-02-04 02:09:39', '2025-02-04 02:09:39'),
(4, 2, 'Fuel payment', 100, '2025-02-05 01:25:33', '2025-02-05 01:25:33'),
(5, 2, 'Tea', 5, '2025-02-05 01:25:51', '2025-02-05 01:25:51'),
(6, 3, 'Car Fuel', 500, '2025-02-10 05:19:21', '2025-02-10 05:19:21'),
(7, 3, 'Coffee', 100, '2025-02-10 05:20:44', '2025-02-10 05:20:44');

-- --------------------------------------------------------

--
-- Table structure for table `allowance_payslip`
--

CREATE TABLE `allowance_payslip` (
  `id` bigint UNSIGNED NOT NULL,
  `allowance_id` bigint UNSIGNED NOT NULL,
  `payslip_id` bigint UNSIGNED NOT NULL
) ENGINE=InnoDB DEFAULT CHARSET=utf8mb4 COLLATE=utf8mb4_unicode_ci;

--
-- Dumping data for table `allowance_payslip`
--

INSERT INTO `allowance_payslip` (`id`, `allowance_id`, `payslip_id`) VALUES
(1, 1, 1),
(2, 2, 1),
(3, 3, 1),
(4, 2, 2),
(5, 1, 2),
(6, 3, 2),
(7, 2, 3),
(8, 2, 4),
(9, 1, 4),
(10, 3, 4),
(11, 2, 5),
(12, 1, 5),
(13, 4, 6),
(14, 3, 9),
(15, 2, 10),
(16, 3, 10),
(17, 2, 11),
(18, 3, 11),
(19, 3, 12),
(20, 3, 13),
(21, 3, 14),
(22, 3, 17),
(23, 3, 18),
(24, 1, 18),
(25, 3, 21),
(26, 4, 24),
(27, 7, 25),
(28, 6, 26);

-- --------------------------------------------------------

--
-- Table structure for table `ch_favorites`
--

CREATE TABLE `ch_favorites` (
  `id` char(36) CHARACTER SET utf8mb4 COLLATE utf8mb4_unicode_ci NOT NULL,
  `workspace_id` bigint UNSIGNED NOT NULL,
  `user_id` bigint NOT NULL,
  `favorite_id` bigint NOT NULL,
  `type_id` bigint DEFAULT NULL,
  `type` varchar(28) CHARACTER SET utf8mb4 COLLATE utf8mb4_unicode_ci DEFAULT NULL,
  `created_at` timestamp NULL DEFAULT NULL,
  `updated_at` timestamp NULL DEFAULT NULL
) ENGINE=InnoDB DEFAULT CHARSET=utf8mb4 COLLATE=utf8mb4_unicode_ci;

-- --------------------------------------------------------

--
-- Table structure for table `ch_messages`
--

CREATE TABLE `ch_messages` (
  `id` char(36) CHARACTER SET utf8mb4 COLLATE utf8mb4_unicode_ci NOT NULL,
  `workspace_id` bigint UNSIGNED NOT NULL,
  `from_id` bigint NOT NULL,
  `to_id` bigint NOT NULL,
  `type_id` bigint DEFAULT NULL,
  `type` varchar(28) CHARACTER SET utf8mb4 COLLATE utf8mb4_unicode_ci DEFAULT NULL,
  `body` varchar(5000) CHARACTER SET utf8mb4 COLLATE utf8mb4_unicode_ci DEFAULT NULL,
  `attachment` varchar(255) CHARACTER SET utf8mb4 COLLATE utf8mb4_unicode_ci DEFAULT NULL,
  `seen` tinyint(1) NOT NULL DEFAULT '0',
  `created_at` timestamp NULL DEFAULT NULL,
  `updated_at` timestamp NULL DEFAULT NULL
) ENGINE=InnoDB DEFAULT CHARSET=utf8mb4 COLLATE=utf8mb4_unicode_ci;

-- --------------------------------------------------------

--
-- Table structure for table `clients`
--

CREATE TABLE `clients` (
  `id` bigint UNSIGNED NOT NULL,
  `first_name` varchar(255) CHARACTER SET utf8mb4 COLLATE utf8mb4_unicode_ci NOT NULL,
  `last_name` varchar(255) CHARACTER SET utf8mb4 COLLATE utf8mb4_unicode_ci NOT NULL,
  `company` varchar(255) CHARACTER SET utf8mb4 COLLATE utf8mb4_unicode_ci DEFAULT NULL,
  `email` varchar(191) CHARACTER SET utf8mb4 COLLATE utf8mb4_unicode_ci NOT NULL,
  `country_code` varchar(28) CHARACTER SET utf8mb4 COLLATE utf8mb4_unicode_ci DEFAULT NULL,
  `country_iso_code` varchar(28) CHARACTER SET utf8mb4 COLLATE utf8mb4_unicode_ci DEFAULT NULL,
  `phone` varchar(255) CHARACTER SET utf8mb4 COLLATE utf8mb4_unicode_ci DEFAULT NULL,
  `password` varchar(255) CHARACTER SET utf8mb4 COLLATE utf8mb4_unicode_ci DEFAULT NULL,
  `dob` date DEFAULT NULL,
  `doj` date DEFAULT NULL,
  `address` varchar(255) CHARACTER SET utf8mb4 COLLATE utf8mb4_unicode_ci DEFAULT NULL,
  `city` varchar(255) CHARACTER SET utf8mb4 COLLATE utf8mb4_unicode_ci DEFAULT NULL,
  `state` varchar(255) CHARACTER SET utf8mb4 COLLATE utf8mb4_unicode_ci DEFAULT NULL,
  `country` varchar(255) CHARACTER SET utf8mb4 COLLATE utf8mb4_unicode_ci DEFAULT NULL,
  `zip` varchar(255) CHARACTER SET utf8mb4 COLLATE utf8mb4_unicode_ci DEFAULT NULL,
  `photo` varchar(255) CHARACTER SET utf8mb4 COLLATE utf8mb4_unicode_ci DEFAULT NULL,
  `status` tinyint NOT NULL DEFAULT '0',
  `lang` varchar(28) CHARACTER SET utf8mb4 COLLATE utf8mb4_unicode_ci NOT NULL DEFAULT 'en',
  `remember_token` text CHARACTER SET utf8mb4 COLLATE utf8mb4_unicode_ci,
  `email_verification_mail_sent` tinyint DEFAULT NULL,
  `email_verified_at` timestamp NULL DEFAULT NULL,
  `acct_create_mail_sent` tinyint NOT NULL DEFAULT '1',
  `internal_purpose` tinyint NOT NULL DEFAULT '0',
  `default_workspace_id` bigint DEFAULT NULL,
  `created_at` timestamp NULL DEFAULT NULL,
  `updated_at` timestamp NULL DEFAULT NULL
) ENGINE=InnoDB DEFAULT CHARSET=utf8mb4 COLLATE=utf8mb4_unicode_ci;

--
-- Dumping data for table `clients`
--

INSERT INTO `clients` (`id`, `first_name`, `last_name`, `company`, `email`, `country_code`, `country_iso_code`, `phone`, `password`, `dob`, `doj`, `address`, `city`, `state`, `country`, `zip`, `photo`, `status`, `lang`, `remember_token`, `email_verification_mail_sent`, `email_verified_at`, `acct_create_mail_sent`, `internal_purpose`, `default_workspace_id`, `created_at`, `updated_at`) VALUES
(1, 'elias', 'ymer', 'Ymer Sports Management', 'eliasymer@gmail.com', '+1', 'us', '201-555-1234', '$2y$10$n0juY2J8ENuQGD5jZKs2WubPnx6Smzh3MSlEIdVo7YkddSDbHNEcy', '1985-02-19', '2022-02-17', '78 Tennisvgen', 'Stockholm', 'Stockholm County', 'Sweden', '11458', 'photos/DIiV11LOPwUB6p3tZgezFPVqk1wDps96ui9JwLeS.jpg', 1, 'en', NULL, 0, '2025-02-03 04:06:02', 0, 0, NULL, '2025-02-02 22:36:02', '2025-02-02 22:36:02'),
(2, 'Elon', 'Musk', 'Tesla & SpaceX Enterprises', 'client@gmail.com', '+1', 'us', '401-788-4555', '$2y$10$n6XRsrBVzGmPT0zxS66Oeud9EvtTbfAzDOZR1NTs9OIg44OgGoyaO', '1986-01-26', '2009-02-04', '350 Space Innovation Way', 'Palo Alto', 'California', 'United States', '94306', 'photos/wu5lCfBU0BmpuJdrcTo6vK8EGxU7jQX44Md7NZ5j.jpg', 1, 'en', NULL, 0, '2025-02-03 04:08:28', 1, 0, NULL, '2025-02-02 22:38:28', '2025-02-05 04:33:25'),
(3, 'Emma', 'Gray', 'Creative Visions Co.', 'emma.gray@creativevisions.com', '+1', 'us', '456-488-5578', '$2y$10$d/sx.cEPF.0cp6ZfgcG4bONtRS4TIhsgIJewPSvD9Yn30kt6QVyWi', '1986-02-05', '2024-02-08', '456 Harborview Drive', 'Seattle', 'Washington', 'United States', '98101', 'photos/kWtfxM3kmb2KJ3y4uja9w7ET48jx8VxIBXBmQ80X.jpg', 1, 'en', NULL, 0, '2025-02-03 04:10:33', 0, 0, NULL, '2025-02-02 22:40:33', '2025-02-02 22:40:33'),
(4, 'Evan', 'Carter', 'NextGen Ventures', 'evan.carter@nextgenventures.com', '+1', 'us', '565-898-9898', '$2y$10$iBnWC06DtN9Bhz5JBnA89u6Qu.lW7wu8ufmgcFSy6kOMwz08uqpyG', '1994-02-22', '2018-02-08', '789 Summit Avenue', 'Denver', 'Colorado', 'United States', '80203', 'photos/SGRn8acmiGxfVQGHQIKtxpa3np2OqIGL3ptMmw1U.png', 1, 'en', NULL, 0, '2025-02-03 04:12:39', 0, 0, NULL, '2025-02-02 22:42:39', '2025-02-02 22:42:39'),
(5, 'Bros', 'James', 'Elite Innovators Inc.', 'bros.james@eliteinnovators.com', '+1', 'us', '789-466-2246', '$2y$10$BfCUQWmvHSXJRx2c3pWYweKyLAccY4rcf/ZW3LP4fouYy.oR2NCZG', '1997-02-11', '2023-02-16', '123 Oceanview Boulevard', 'Miami', 'Florida', 'United States', '33139', 'photos/QXRoxi4vJHmV86ORyg42yjaKXid0IyFYv8VTNqUo.png', 1, 'en', NULL, 0, '2025-02-03 04:14:59', 0, 0, NULL, '2025-02-02 22:44:59', '2025-02-02 22:44:59'),
(6, 'Liam', 'Brooks', 'Brooks Ventures Ltd.', 'liam.brooks@brooksventures.com', '+1', 'us', '568-874-1919', '$2y$10$ZDhb.CUSMYFA4yViIvN.M.M1QGHzzU.eNRr.DUmnTRNlEkJq8UWjK', '2001-02-07', '2010-02-17', '789 Pacific Coast Highway', 'San Diego', 'California', 'United States', '92101', 'photos/cIru9gORgRCK5P5PpOGfDvaCGhPVPV9bGJVucZBq.jpg', 1, 'en', NULL, 0, '2025-02-03 04:17:00', 0, 0, NULL, '2025-02-02 22:47:00', '2025-02-02 22:47:00'),
(7, 'Mark', 'Zuckerberg', 'Meta Platforms, Inc', 'mark.zuckerberg@metaverse.com', '+1', 'us', '205-647-9841', '$2y$10$kw8CA6WYZn9hxY18AudLBuTsJzaF0jS58LXZaW/zyk2QPKb8g2w/K', '1976-02-11', '2009-02-04', '1 Hacker Way', 'Menlo Park', 'California', 'United States', '94025', 'photos/p12vkJaRyuPOrnRFlhLSEwhZ9kL347HbDQunwx7P.jpg', 1, 'en', NULL, 0, '2025-02-03 04:20:17', 0, 0, NULL, '2025-02-02 22:50:17', '2025-02-02 22:50:17'),
(8, 'Noah', 'Reed', 'Reed Innovations LLC', 'noah.reed@reedinnovations.com', '+1', 'us', '565-487-8744', '$2y$10$W5vqINJ8yqPAF3Hi..kG7u4.XqRTdIVwleyApOuq.MVHIsJhhGF5i', '1999-02-18', '2025-02-01', '890 Tech Valley Drive', 'Austin', 'Texas', 'United States', '78701', 'photos/8LOURkDbWWSYPeo3FGZSb3bPVzLpaoQDOMRkbihB.jpg', 1, 'en', NULL, 0, '2025-02-03 04:22:47', 0, 0, NULL, '2025-02-02 22:52:47', '2025-02-02 22:52:47'),
(9, 'Olivia', 'Clark', 'Clark Enterprises Inc.', 'olivia.clark@clarkenterprises.com', '+1', 'us', '255-995-9441', '$2y$10$EtcUQEqeCoHAb6mfdrzoIOMKOplMwztTzVf795scJEgJZQUGr2aR.', '2000-02-10', '2024-02-08', '500 Beacon Street', 'Boston', 'Massachusetts', 'United States', '02116', 'photos/eWJGa5D8nQBnmnStfkqwiHPoU0jyncnhN2cnEMsn.jpg', 1, 'en', NULL, 0, '2025-02-03 04:31:30', 0, 0, NULL, '2025-02-02 23:01:30', '2025-02-02 23:01:30'),
(10, 'Serena', 'Williams', 'Serena Ventures LLC', 'serena.williams@serenaventures.com', '+1', 'us', '457-815-9114', '$2y$10$QXMsYGA8HXtxz2LUPZkY2uDvI5mpabQoXh1WgmMui4YKA/j/DFMSe', '1990-02-08', '2024-02-08', 'United States', 'Palm Beach Gardens', 'Florida', 'United States', '33410', 'photos/M7BFPPJNPQWk8KMACGDvT8aSfyzEtYHk55ss2rtV.jpg', 1, 'en', NULL, 0, '2025-02-03 04:33:45', 0, 0, NULL, '2025-02-02 23:03:45', '2025-02-02 23:03:45');

-- --------------------------------------------------------

--
-- Table structure for table `client_meeting`
--

CREATE TABLE `client_meeting` (
  `id` bigint UNSIGNED NOT NULL,
  `meeting_id` bigint UNSIGNED NOT NULL,
  `client_id` bigint UNSIGNED NOT NULL
) ENGINE=InnoDB DEFAULT CHARSET=utf8mb4 COLLATE=utf8mb4_unicode_ci;

--
-- Dumping data for table `client_meeting`
--

INSERT INTO `client_meeting` (`id`, `meeting_id`, `client_id`) VALUES
(1, 1, 9),
(2, 2, 6),
(23, 3, 1),
(4, 4, 2),
(5, 5, 1),
(6, 6, 6),
(7, 7, 7),
(9, 8, 4),
(14, 9, 9),
(13, 10, 1),
(22, 11, 10),
(21, 12, 3),
(18, 13, 8);

-- --------------------------------------------------------

--
-- Table structure for table `client_notifications`
--

CREATE TABLE `client_notifications` (
  `client_id` bigint UNSIGNED NOT NULL,
  `notification_id` bigint UNSIGNED NOT NULL,
  `is_system` tinyint(1) DEFAULT '0',
  `is_push` tinyint(1) DEFAULT '0',
  `read_at` timestamp NULL DEFAULT NULL
) ENGINE=InnoDB DEFAULT CHARSET=utf8mb4 COLLATE=utf8mb4_unicode_ci;

--
-- Dumping data for table `client_notifications`
--

INSERT INTO `client_notifications` (`client_id`, `notification_id`, `is_system`, `is_push`, `read_at`) VALUES
(1, 139, 1, 1, NULL),
(1, 195, 1, 1, NULL),
(1, 242, 1, 1, NULL),
(1, 243, 1, 1, NULL),
(1, 261, 1, 1, NULL),
(1, 263, 1, 1, NULL),
(1, 275, 1, 1, NULL),
(1, 292, 1, 1, NULL),
(1, 293, 1, 1, NULL),
(1, 303, 1, 1, NULL),
(2, 3, 1, 1, NULL),
(2, 7, 1, 1, NULL),
(2, 13, 1, 1, NULL),
(2, 14, 1, 1, NULL),
(2, 17, 1, 1, NULL),
(2, 18, 1, 1, NULL),
(2, 20, 1, 1, NULL),
(2, 28, 1, 1, NULL),
(2, 159, 1, 1, NULL),
(2, 192, 1, 1, NULL),
(2, 194, 1, 1, NULL),
(2, 261, 1, 1, NULL),
(3, 58, 1, 1, NULL),
(3, 59, 1, 1, NULL),
(3, 65, 1, 1, NULL),
(3, 66, 1, 1, NULL),
(3, 69, 1, 1, NULL),
(3, 72, 1, 1, NULL),
(3, 177, 1, 1, NULL),
(3, 178, 1, 1, NULL),
(3, 261, 1, 1, NULL),
(3, 301, 1, 1, NULL),
(4, 118, 1, 1, NULL),
(4, 121, 1, 1, NULL),
(4, 123, 1, 1, NULL),
(4, 125, 1, 1, NULL),
(4, 127, 1, 1, NULL),
(4, 131, 1, 1, NULL),
(4, 132, 1, 1, NULL),
(4, 133, 1, 1, NULL),
(4, 134, 1, 1, NULL),
(4, 135, 1, 1, NULL),
(4, 136, 1, 1, NULL),
(4, 137, 1, 1, NULL),
(4, 138, 1, 1, NULL),
(4, 193, 1, 1, NULL),
(4, 261, 1, 1, NULL),
(4, 277, 1, 1, NULL),
(4, 289, 1, 1, NULL),
(5, 89, 1, 1, NULL),
(5, 261, 1, 1, NULL),
(5, 265, 1, 1, NULL),
(5, 269, 1, 1, NULL),
(5, 270, 1, 1, NULL),
(6, 39, 1, 1, NULL),
(6, 40, 1, 1, NULL),
(6, 103, 1, 1, NULL),
(6, 141, 1, 1, NULL),
(6, 196, 1, 1, NULL),
(7, 43, 1, 1, NULL),
(7, 47, 1, 1, NULL),
(7, 48, 1, 1, NULL),
(7, 50, 1, 1, NULL),
(7, 57, 1, 1, NULL),
(7, 261, 1, 1, NULL),
(7, 283, 1, 1, NULL),
(7, 284, 1, 1, NULL),
(7, 288, 1, 1, NULL),
(8, 58, 1, 1, NULL),
(8, 73, 1, 1, NULL),
(8, 83, 1, 1, NULL),
(8, 84, 1, 1, NULL),
(8, 85, 1, 1, NULL),
(8, 86, 1, 1, NULL),
(8, 104, 1, 1, NULL),
(8, 225, 1, 1, NULL),
(8, 228, 1, 1, NULL),
(8, 298, 1, 1, NULL),
(8, 299, 1, 1, NULL),
(9, 29, 1, 1, NULL),
(9, 36, 1, 1, NULL),
(9, 38, 1, 1, NULL),
(9, 262, 1, 1, NULL),
(9, 271, 1, 1, NULL),
(9, 273, 1, 1, NULL),
(9, 294, 1, 1, NULL),
(10, 58, 1, 1, NULL),
(10, 87, 1, 1, NULL),
(10, 88, 1, 1, NULL),
(10, 262, 1, 1, NULL),
(10, 295, 1, 1, NULL),
(10, 300, 1, 1, NULL),
(10, 302, 1, 1, NULL);

-- --------------------------------------------------------

--
-- Table structure for table `client_project`
--

CREATE TABLE `client_project` (
  `id` bigint UNSIGNED NOT NULL,
  `project_id` bigint UNSIGNED NOT NULL,
  `client_id` bigint UNSIGNED NOT NULL
) ENGINE=InnoDB DEFAULT CHARSET=utf8mb4 COLLATE=utf8mb4_unicode_ci;

--
-- Dumping data for table `client_project`
--

INSERT INTO `client_project` (`id`, `project_id`, `client_id`) VALUES
(10, 1, 6),
(8, 8, 2),
(9, 9, 9),
(11, 10, 7),
(12, 11, 3),
(13, 12, 8),
(14, 13, 10),
(16, 14, 6),
(17, 15, 4),
(18, 16, 1),
(20, 17, 2),
(21, 18, 3),
(22, 19, 4),
(23, 20, 8),
(24, 21, 1),
(34, 22, 10),
(25, 23, 1),
(26, 24, 5),
(27, 25, 9),
(28, 26, 1),
(29, 27, 4),
(30, 28, 7),
(31, 29, 7),
(32, 30, 5),
(33, 31, 9);

-- --------------------------------------------------------

--
-- Table structure for table `client_workspace`
--

CREATE TABLE `client_workspace` (
  `id` bigint UNSIGNED NOT NULL,
  `workspace_id` bigint UNSIGNED NOT NULL,
  `client_id` bigint UNSIGNED NOT NULL
) ENGINE=InnoDB DEFAULT CHARSET=utf8mb4 COLLATE=utf8mb4_unicode_ci;

--
-- Dumping data for table `client_workspace`
--

INSERT INTO `client_workspace` (`id`, `workspace_id`, `client_id`) VALUES
(1, 1, 1),
(2, 1, 2),
(3, 1, 3),
(4, 1, 4),
(5, 1, 5),
(6, 1, 6),
(7, 1, 7),
(8, 1, 8),
(9, 1, 9),
(10, 1, 10),
(14, 2, 1),
(11, 2, 3),
(12, 2, 8),
(13, 2, 10),
(16, 3, 1),
(15, 3, 2),
(17, 3, 3),
(18, 3, 4),
(19, 3, 5),
(20, 3, 7),
(21, 3, 9),
(22, 3, 10);

-- --------------------------------------------------------

--
-- Table structure for table `comments`
--

CREATE TABLE `comments` (
  `id` bigint UNSIGNED NOT NULL,
  `parent_id` bigint UNSIGNED DEFAULT NULL,
  `commenter_id` bigint UNSIGNED DEFAULT NULL,
  `commenter_type` varchar(255) CHARACTER SET utf8mb4 COLLATE utf8mb4_unicode_ci DEFAULT 'App\\Models\\User',
  `commentable_type` varchar(255) CHARACTER SET utf8mb4 COLLATE utf8mb4_unicode_ci NOT NULL,
  `commentable_id` bigint UNSIGNED NOT NULL,
  `content` longtext CHARACTER SET utf8mb4 COLLATE utf8mb4_unicode_ci NOT NULL,
  `created_at` timestamp NULL DEFAULT NULL,
  `updated_at` timestamp NULL DEFAULT NULL,
  `deleted_at` timestamp NULL DEFAULT NULL
) ENGINE=InnoDB DEFAULT CHARSET=utf8mb4 COLLATE=utf8mb4_unicode_ci;

-- --------------------------------------------------------

--
-- Table structure for table `comment_attachments`
--

CREATE TABLE `comment_attachments` (
  `id` bigint UNSIGNED NOT NULL,
  `comment_id` bigint UNSIGNED NOT NULL,
  `file_name` varchar(255) CHARACTER SET utf8mb4 COLLATE utf8mb4_unicode_ci NOT NULL,
  `file_path` varchar(255) CHARACTER SET utf8mb4 COLLATE utf8mb4_unicode_ci NOT NULL,
  `file_type` varchar(255) CHARACTER SET utf8mb4 COLLATE utf8mb4_unicode_ci NOT NULL,
  `created_at` timestamp NULL DEFAULT NULL,
  `updated_at` timestamp NULL DEFAULT NULL
) ENGINE=InnoDB DEFAULT CHARSET=utf8mb4 COLLATE=utf8mb4_unicode_ci;

-- --------------------------------------------------------

--
-- Table structure for table `contracts`
--

CREATE TABLE `contracts` (
  `id` bigint UNSIGNED NOT NULL,
  `workspace_id` bigint UNSIGNED NOT NULL,
  `project_id` bigint UNSIGNED NOT NULL,
  `client_id` bigint UNSIGNED NOT NULL,
  `title` varchar(255) CHARACTER SET utf8mb4 COLLATE utf8mb4_unicode_ci NOT NULL,
  `value` varchar(255) CHARACTER SET utf8mb4 COLLATE utf8mb4_unicode_ci NOT NULL,
  `contract_type_id` bigint UNSIGNED NOT NULL,
  `description` text CHARACTER SET utf8mb4 COLLATE utf8mb4_unicode_ci,
  `start_date` date NOT NULL,
  `end_date` date NOT NULL,
  `promisor_sign` text CHARACTER SET utf8mb4 COLLATE utf8mb4_unicode_ci,
  `promisee_sign` text CHARACTER SET utf8mb4 COLLATE utf8mb4_unicode_ci,
  `signed_pdf` text CHARACTER SET utf8mb4 COLLATE utf8mb4_unicode_ci,
  `created_by` varchar(56) CHARACTER SET utf8mb4 COLLATE utf8mb4_unicode_ci NOT NULL,
  `created_at` timestamp NULL DEFAULT NULL,
  `updated_at` timestamp NULL DEFAULT NULL
) ENGINE=InnoDB DEFAULT CHARSET=utf8mb4 COLLATE=utf8mb4_unicode_ci;

--
-- Dumping data for table `contracts`
--

INSERT INTO `contracts` (`id`, `workspace_id`, `project_id`, `client_id`, `title`, `value`, `contract_type_id`, `description`, `start_date`, `end_date`, `promisor_sign`, `promisee_sign`, `signed_pdf`, `created_by`, `created_at`, `updated_at`) VALUES
(1, 1, 9, 9, 'Mobile App Development Services Agreement', '40000', 19, '<p class=\"whitespace-pre-wrap break-words\">This agreement outlines the terms and conditions for the development of a custom mobile application for business solutions. The project encompasses:</p>\r\n<ol class=\"[&amp;:not(:last-child)_ul]:pb-1 [&amp;:not(:last-child)_ol]:pb-1 list-decimal space-y-1.5 pl-7\">\r\n<li class=\"whitespace-normal break-words\">Mobile Application Development Services:</li>\r\n</ol>\r\n<ul class=\"[&amp;:not(:last-child)_ul]:pb-1 [&amp;:not(:last-child)_ol]:pb-1 list-disc space-y-1.5 pl-7\">\r\n<li class=\"whitespace-normal break-words\">Native/hybrid app development for iOS and Android platforms</li>\r\n<li class=\"whitespace-normal break-words\">User interface and experience (UI/UX) design</li>\r\n<li class=\"whitespace-normal break-words\">Backend integration and API development</li>\r\n<li class=\"whitespace-normal break-words\">Database design and implementation</li>\r\n<li class=\"whitespace-normal break-words\">Security features implementation</li>\r\n</ul>\r\n<ol class=\"[&amp;:not(:last-child)_ul]:pb-1 [&amp;:not(:last-child)_ol]:pb-1 list-decimal space-y-1.5 pl-7\" start=\"2\">\r\n<li class=\"whitespace-normal break-words\">Deliverables:</li>\r\n</ol>\r\n<ul class=\"[&amp;:not(:last-child)_ul]:pb-1 [&amp;:not(:last-child)_ol]:pb-1 list-disc space-y-1.5 pl-7\">\r\n<li class=\"whitespace-normal break-words\">Functional mobile application for both iOS and Android platforms</li>\r\n<li class=\"whitespace-normal break-words\">Source code and documentation</li>\r\n<li class=\"whitespace-normal break-words\">User manuals and technical documentation</li>\r\n<li class=\"whitespace-normal break-words\">Regular progress reports and updates</li>\r\n</ul>\r\n<ol class=\"[&amp;:not(:last-child)_ul]:pb-1 [&amp;:not(:last-child)_ol]:pb-1 list-decimal space-y-1.5 pl-7\" start=\"3\">\r\n<li class=\"whitespace-normal break-words\">Development Phases:</li>\r\n</ol>\r\n<ul class=\"[&amp;:not(:last-child)_ul]:pb-1 [&amp;:not(:last-child)_ol]:pb-1 list-disc space-y-1.5 pl-7\">\r\n<li class=\"whitespace-normal break-words\">Requirements gathering and analysis</li>\r\n<li class=\"whitespace-normal break-words\">Design and prototyping</li>\r\n<li class=\"whitespace-normal break-words\">Development and coding</li>\r\n<li class=\"whitespace-normal break-words\">Testing and quality assurance</li>\r\n<li class=\"whitespace-normal break-words\">Deployment and launch support</li>\r\n<li class=\"whitespace-normal break-words\">Post-launch maintenance (30 days)</li>\r\n</ul>\r\n<ol class=\"[&amp;:not(:last-child)_ul]:pb-1 [&amp;:not(:last-child)_ol]:pb-1 list-decimal space-y-1.5 pl-7\" start=\"4\">\r\n<li class=\"whitespace-normal break-words\">Timeline:</li>\r\n</ol>\r\n<ul class=\"[&amp;:not(:last-child)_ul]:pb-1 [&amp;:not(:last-child)_ol]:pb-1 list-disc space-y-1.5 pl-7\">\r\n<li class=\"whitespace-normal break-words\">Project kickoff: [Start Date]</li>\r\n<li class=\"whitespace-normal break-words\">Development phase: 3-4 months</li>\r\n<li class=\"whitespace-normal break-words\">Testing phase: 2-3 weeks</li>\r\n<li class=\"whitespace-normal break-words\">Deployment: 1 week</li>\r\n</ul>\r\n<ol class=\"[&amp;:not(:last-child)_ul]:pb-1 [&amp;:not(:last-child)_ol]:pb-1 list-decimal space-y-1.5 pl-7\" start=\"5\">\r\n<li class=\"whitespace-normal break-words\">Payment Schedule:</li>\r\n</ol>\r\n<ul class=\"[&amp;:not(:last-child)_ul]:pb-1 [&amp;:not(:last-child)_ol]:pb-1 list-disc space-y-1.5 pl-7\">\r\n<li class=\"whitespace-normal break-words\">30% upfront payment</li>\r\n<li class=\"whitespace-normal break-words\">40% at development milestone completion</li>\r\n<li class=\"whitespace-normal break-words\">30% upon final delivery and acceptance</li>\r\n</ul>', '2025-02-04', '2026-02-04', 'signature_67a1c01711024.png', 'signature_67a1c0315eaa2.png', NULL, 'u_1', '2025-02-04 01:21:25', '2025-02-04 01:52:25'),
(2, 1, 1, 6, 'Website ReDegine Contract', '5000.00', 33, '<p class=\"whitespace-pre-wrap break-words\">This contract establishes the terms and conditions for comprehensive website redesign services, encompassing:</p>\r\n<p class=\"whitespace-pre-wrap break-words\">Scope of Services:</p>\r\n<ul class=\"[&amp;:not(:last-child)_ul]:pb-1 [&amp;:not(:last-child)_ol]:pb-1 list-disc space-y-1.5 pl-7\">\r\n<li class=\"whitespace-normal break-words\">Complete UI/UX redesign of existing website</li>\r\n<li class=\"whitespace-normal break-words\">Mobile-responsive design implementation</li>\r\n<li class=\"whitespace-normal break-words\">Information architecture restructuring</li>\r\n<li class=\"whitespace-normal break-words\">Content migration and optimization</li>\r\n<li class=\"whitespace-normal break-words\">Performance optimization and speed improvements</li>\r\n<li class=\"whitespace-normal break-words\">SEO-friendly structure implementation</li>\r\n<li class=\"whitespace-normal break-words\">Integration of modern web technologies and frameworks</li>\r\n<li class=\"whitespace-normal break-words\">Cross-browser compatibility assurance</li>\r\n</ul>\r\n<p class=\"whitespace-pre-wrap break-words\">Deliverables:</p>\r\n<ul class=\"[&amp;:not(:last-child)_ul]:pb-1 [&amp;:not(:last-child)_ol]:pb-1 list-disc space-y-1.5 pl-7\">\r\n<li class=\"whitespace-normal break-words\">Responsive website design mockups</li>\r\n<li class=\"whitespace-normal break-words\">Interactive prototypes</li>\r\n<li class=\"whitespace-normal break-words\">Optimized website codebase</li>\r\n<li class=\"whitespace-normal break-words\">Content management system (CMS) setup/migration</li>\r\n<li class=\"whitespace-normal break-words\">Website style guide and documentation</li>\r\n<li class=\"whitespace-normal break-words\">Cross-browser testing reports</li>\r\n<li class=\"whitespace-normal break-words\">Performance optimization report</li>\r\n<li class=\"whitespace-normal break-words\">Training materials for website management</li>\r\n</ul>\r\n<p class=\"whitespace-pre-wrap break-words\">Project Phases:</p>\r\n<ol class=\"[&amp;:not(:last-child)_ul]:pb-1 [&amp;:not(:last-child)_ol]:pb-1 list-decimal space-y-1.5 pl-7\">\r\n<li class=\"whitespace-normal break-words\">Discovery and Analysis\r\n<ul class=\"[&amp;:not(:last-child)_ul]:pb-1 [&amp;:not(:last-child)_ol]:pb-1 list-disc space-y-1.5 pl-7\">\r\n<li class=\"whitespace-normal break-words\">Current website audit</li>\r\n<li class=\"whitespace-normal break-words\">User behavior analysis</li>\r\n<li class=\"whitespace-normal break-words\">Requirements gathering</li>\r\n<li class=\"whitespace-normal break-words\">Competition analysis</li>\r\n</ul>\r\n</li>\r\n<li class=\"whitespace-normal break-words\">Design Phase\r\n<ul class=\"[&amp;:not(:last-child)_ul]:pb-1 [&amp;:not(:last-child)_ol]:pb-1 list-disc space-y-1.5 pl-7\">\r\n<li class=\"whitespace-normal break-words\">Wireframe creation</li>\r\n<li class=\"whitespace-normal break-words\">Visual design concepts</li>\r\n<li class=\"whitespace-normal break-words\">Interactive prototype development</li>\r\n<li class=\"whitespace-normal break-words\">Design revision cycles</li>\r\n</ul>\r\n</li>\r\n<li class=\"whitespace-normal break-words\">Development Phase\r\n<ul class=\"[&amp;:not(:last-child)_ul]:pb-1 [&amp;:not(:last-child)_ol]:pb-1 list-disc space-y-1.5 pl-7\">\r\n<li class=\"whitespace-normal break-words\">Frontend development</li>\r\n<li class=\"whitespace-normal break-words\">Backend integration</li>\r\n<li class=\"whitespace-normal break-words\">CMS implementation</li>\r\n<li class=\"whitespace-normal break-words\">Content migration</li>\r\n<li class=\"whitespace-normal break-words\">Security implementation</li>\r\n</ul>\r\n</li>\r\n<li class=\"whitespace-normal break-words\">Testing and Launch\r\n<ul class=\"[&amp;:not(:last-child)_ul]:pb-1 [&amp;:not(:last-child)_ol]:pb-1 list-disc space-y-1.5 pl-7\">\r\n<li class=\"whitespace-normal break-words\">Quality assurance</li>\r\n<li class=\"whitespace-normal break-words\">User acceptance testing</li>\r\n<li class=\"whitespace-normal break-words\">Performance testing</li>\r\n<li class=\"whitespace-normal break-words\">Security testing</li>\r\n<li class=\"whitespace-normal break-words\">Launch preparation</li>\r\n</ul>\r\n</li>\r\n<li class=\"whitespace-normal break-words\">Post-Launch Support\r\n<ul class=\"[&amp;:not(:last-child)_ul]:pb-1 [&amp;:not(:last-child)_ol]:pb-1 list-disc space-y-1.5 pl-7\">\r\n<li class=\"whitespace-normal break-words\">30-day bug fixing</li>\r\n<li class=\"whitespace-normal break-words\">Performance monitoring</li>\r\n<li class=\"whitespace-normal break-words\">Staff training</li>\r\n<li class=\"whitespace-normal break-words\">Documentation handover</li>\r\n</ul>\r\n</li>\r\n</ol>\r\n<p class=\"whitespace-pre-wrap break-words\">Timeline and Milestones:</p>\r\n<ul class=\"[&amp;:not(:last-child)_ul]:pb-1 [&amp;:not(:last-child)_ol]:pb-1 list-disc space-y-1.5 pl-7\">\r\n<li class=\"whitespace-normal break-words\">Discovery Phase: 1-2 weeks</li>\r\n<li class=\"whitespace-normal break-words\">Design Phase: 2-3 weeks</li>\r\n<li class=\"whitespace-normal break-words\">Development Phase: 4-6 weeks</li>\r\n<li class=\"whitespace-normal break-words\">Testing and Launch: 1-2 weeks</li>\r\n<li class=\"whitespace-normal break-words\">Post-Launch Support: 30 days</li>\r\n</ul>\r\n<p class=\"whitespace-pre-wrap break-words\">Payment Structure:</p>\r\n<ul class=\"[&amp;:not(:last-child)_ul]:pb-1 [&amp;:not(:last-child)_ol]:pb-1 list-disc space-y-1.5 pl-7\">\r\n<li class=\"whitespace-normal break-words\">40% upon contract signing</li>\r\n<li class=\"whitespace-normal break-words\">30% after design approval</li>\r\n<li class=\"whitespace-normal break-words\">30% upon project completion</li>\r\n</ul>', '2025-02-04', '2025-03-04', NULL, NULL, NULL, 'u_1', '2025-02-04 01:32:49', '2025-02-04 01:50:04'),
(3, 1, 8, 2, 'Ecommerce Web Developement Contract', '60000', 33, '<p class=\"whitespace-pre-wrap break-words\">This contract establishes the terms and conditions for comprehensive Ecommerce Web Developement encompassing:</p>\r\n<p class=\"whitespace-pre-wrap break-words\">Scope of Services:</p>\r\n<ul class=\"[&amp;:not(:last-child)_ul]:pb-1 [&amp;:not(:last-child)_ol]:pb-1 list-disc space-y-1.5 pl-7\">\r\n<li class=\"whitespace-normal break-words\">Complete UI/UX redesign of existing website</li>\r\n<li class=\"whitespace-normal break-words\">Mobile-responsive design implementation</li>\r\n<li class=\"whitespace-normal break-words\">Information architecture restructuring</li>\r\n<li class=\"whitespace-normal break-words\">Content migration and optimization</li>\r\n<li class=\"whitespace-normal break-words\">Performance optimization and speed improvements</li>\r\n<li class=\"whitespace-normal break-words\">SEO-friendly structure implementation</li>\r\n<li class=\"whitespace-normal break-words\">Integration of modern web technologies and frameworks</li>\r\n<li class=\"whitespace-normal break-words\">Cross-browser compatibility assurance</li>\r\n</ul>\r\n<p class=\"whitespace-pre-wrap break-words\">Deliverables:</p>\r\n<ul class=\"[&amp;:not(:last-child)_ul]:pb-1 [&amp;:not(:last-child)_ol]:pb-1 list-disc space-y-1.5 pl-7\">\r\n<li class=\"whitespace-normal break-words\">Responsive website design mockups</li>\r\n<li class=\"whitespace-normal break-words\">Interactive prototypes</li>\r\n<li class=\"whitespace-normal break-words\">Optimized website codebase</li>\r\n<li class=\"whitespace-normal break-words\">Content management system (CMS) setup/migration</li>\r\n<li class=\"whitespace-normal break-words\">Website style guide and documentation</li>\r\n<li class=\"whitespace-normal break-words\">Cross-browser testing reports</li>\r\n<li class=\"whitespace-normal break-words\">Performance optimization report</li>\r\n<li class=\"whitespace-normal break-words\">Training materials for website management</li>\r\n</ul>\r\n<p class=\"whitespace-pre-wrap break-words\">Project Phases:</p>\r\n<ol class=\"[&amp;:not(:last-child)_ul]:pb-1 [&amp;:not(:last-child)_ol]:pb-1 list-decimal space-y-1.5 pl-7\">\r\n<li class=\"whitespace-normal break-words\">Discovery and Analysis\r\n<ul class=\"[&amp;:not(:last-child)_ul]:pb-1 [&amp;:not(:last-child)_ol]:pb-1 list-disc space-y-1.5 pl-7\">\r\n<li class=\"whitespace-normal break-words\">Current website audit</li>\r\n<li class=\"whitespace-normal break-words\">User behavior analysis</li>\r\n<li class=\"whitespace-normal break-words\">Requirements gathering</li>\r\n<li class=\"whitespace-normal break-words\">Competition analysis</li>\r\n</ul>\r\n</li>\r\n<li class=\"whitespace-normal break-words\">Design Phase\r\n<ul class=\"[&amp;:not(:last-child)_ul]:pb-1 [&amp;:not(:last-child)_ol]:pb-1 list-disc space-y-1.5 pl-7\">\r\n<li class=\"whitespace-normal break-words\">Wireframe creation</li>\r\n<li class=\"whitespace-normal break-words\">Visual design concepts</li>\r\n<li class=\"whitespace-normal break-words\">Interactive prototype development</li>\r\n<li class=\"whitespace-normal break-words\">Design revision cycles</li>\r\n</ul>\r\n</li>\r\n<li class=\"whitespace-normal break-words\">Development Phase\r\n<ul class=\"[&amp;:not(:last-child)_ul]:pb-1 [&amp;:not(:last-child)_ol]:pb-1 list-disc space-y-1.5 pl-7\">\r\n<li class=\"whitespace-normal break-words\">Frontend development</li>\r\n<li class=\"whitespace-normal break-words\">Backend integration</li>\r\n<li class=\"whitespace-normal break-words\">CMS implementation</li>\r\n<li class=\"whitespace-normal break-words\">Content migration</li>\r\n<li class=\"whitespace-normal break-words\">Security implementation</li>\r\n</ul>\r\n</li>\r\n<li class=\"whitespace-normal break-words\">Testing and Launch\r\n<ul class=\"[&amp;:not(:last-child)_ul]:pb-1 [&amp;:not(:last-child)_ol]:pb-1 list-disc space-y-1.5 pl-7\">\r\n<li class=\"whitespace-normal break-words\">Quality assurance</li>\r\n<li class=\"whitespace-normal break-words\">User acceptance testing</li>\r\n<li class=\"whitespace-normal break-words\">Performance testing</li>\r\n<li class=\"whitespace-normal break-words\">Security testing</li>\r\n<li class=\"whitespace-normal break-words\">Launch preparation</li>\r\n</ul>\r\n</li>\r\n<li class=\"whitespace-normal break-words\">Post-Launch Support\r\n<ul class=\"[&amp;:not(:last-child)_ul]:pb-1 [&amp;:not(:last-child)_ol]:pb-1 list-disc space-y-1.5 pl-7\">\r\n<li class=\"whitespace-normal break-words\">30-day bug fixing</li>\r\n<li class=\"whitespace-normal break-words\">Performance monitoring</li>\r\n<li class=\"whitespace-normal break-words\">Staff training</li>\r\n<li class=\"whitespace-normal break-words\">Documentation handover</li>\r\n</ul>\r\n</li>\r\n</ol>\r\n<p class=\"whitespace-pre-wrap break-words\">Timeline and Milestones:</p>\r\n<ul class=\"[&amp;:not(:last-child)_ul]:pb-1 [&amp;:not(:last-child)_ol]:pb-1 list-disc space-y-1.5 pl-7\">\r\n<li class=\"whitespace-normal break-words\">Discovery Phase: 1-2 weeks</li>\r\n<li class=\"whitespace-normal break-words\">Design Phase: 2-3 weeks</li>\r\n<li class=\"whitespace-normal break-words\">Development Phase: 4-6 weeks</li>\r\n<li class=\"whitespace-normal break-words\">Testing and Launch: 1-2 weeks</li>\r\n<li class=\"whitespace-normal break-words\">Post-Launch Support: 30 days</li>\r\n</ul>\r\n<p class=\"whitespace-pre-wrap break-words\">Payment Structure:</p>\r\n<ul class=\"[&amp;:not(:last-child)_ul]:pb-1 [&amp;:not(:last-child)_ol]:pb-1 list-disc space-y-1.5 pl-7\">\r\n<li class=\"whitespace-normal break-words\">40% upon contract signing</li>\r\n<li class=\"whitespace-normal break-words\">30% after design approval</li>\r\n<li class=\"whitespace-normal break-words\">30% upon project completion\"</li>\r\n</ul>', '2025-02-04', '2026-04-24', 'signature_67a1bff15dafc.png', NULL, NULL, 'u_1', '2025-02-04 01:35:59', '2025-02-04 01:51:22'),
(4, 1, 10, 7, 'Contract Description for Advanced SEO Meta Manager Plugin', '1000', 33, '<h3><strong>Contract Description for Advanced SEO Meta Manager Plugin</strong></h3>\r\n<ol>\r\n<li>\r\n<p><strong>Project Overview</strong></p>\r\n<ul>\r\n<li>Development of a custom WordPress plugin named <strong>Advanced SEO Meta Manager</strong> to enhance SEO management for WordPress websites.</li>\r\n</ul>\r\n</li>\r\n<li>\r\n<p><strong>Key Features</strong></p>\r\n<ul>\r\n<li>Customizable SEO meta data for posts, pages, and custom post types.</li>\r\n<li>Bulk editing functionality for meta data.</li>\r\n<li>Real-time SEO analysis with actionable suggestions.</li>\r\n<li>Integration with Google Search Console for analytics.</li>\r\n<li>Schema markup configuration for enhanced search visibility.</li>\r\n</ul>\r\n</li>\r\n<li>\r\n<p><strong>Scope of Work</strong></p>\r\n<ul>\r\n<li>Requirement analysis and feature planning.</li>\r\n<li>Plugin architecture design and development.</li>\r\n<li>Testing for performance, security, and compatibility.</li>\r\n<li>Deployment of the plugin and post-launch support.</li>\r\n</ul>\r\n</li>\r\n<li>\r\n<p><strong>Deliverables</strong></p>\r\n<ul>\r\n<li>Fully functional WordPress plugin ready for deployment.</li>\r\n<li>Comprehensive user documentation and installation guide.</li>\r\n<li>Developer guide for future customization and scalability.</li>\r\n</ul>\r\n</li>\r\n<li>\r\n<p><strong>Standards and Compatibility</strong></p>\r\n<ul>\r\n<li>Compliance with WordPress coding and security standards.</li>\r\n<li>Compatibility with popular themes, plugins, and WordPress versions.</li>\r\n</ul>\r\n</li>\r\n<li>\r\n<p><strong>Maintenance and Updates</strong></p>\r\n<ul>\r\n<li>Regular updates to ensure compatibility with new WordPress releases.</li>\r\n<li>Addressing bug fixes and incorporating user feedback.</li>\r\n</ul>\r\n</li>\r\n</ol>', '2025-02-05', '2025-08-29', NULL, NULL, NULL, 'u_1', '2025-02-04 22:27:57', '2025-02-04 22:27:57'),
(5, 2, 11, 3, 'Development of AI-Powered Content Generator WordPress Plugin', '5000', 35, '<h3><strong>Contract Description</strong></h3>\r\n<p>This agreement pertains to the design, development, and deployment of a custom <strong>AI-Powered Content Generator WordPress Plugin</strong>, which utilizes advanced artificial intelligence to streamline content creation. The plugin will enable users to generate high-quality blog posts, product descriptions, social media content, and more, tailored to specific requirements such as tone, style, and word count.</p>\r\n<p>The project includes integrating an AI API (e.g., OpenAI) to power content generation, implementing SEO optimization features, and providing multilingual support. Deliverables include a user-friendly admin interface, compatibility with WordPress editors like Gutenberg and Elementor, and robust security measures. The scope covers initial development, testing, deployment, documentation, and post-launch maintenance to ensure a seamless user experience and long-term functionality.</p>\r\n<hr>\r\n<h3><strong>Payment Schedule</strong></h3>\r\n<ol>\r\n<li>\r\n<p><strong>Initial Payment (20%)</strong></p>\r\n<ul>\r\n<li>Payable upon contract signing and before the development phase begins.</li>\r\n</ul>\r\n</li>\r\n<li>\r\n<p><strong>Mid-Project Payment (40%)</strong></p>\r\n<ul>\r\n<li>Payable after completing core features, including API integration and basic content generation functionality.</li>\r\n</ul>\r\n</li>\r\n<li>\r\n<p><strong>Final Payment (40%)</strong></p>\r\n<ul>\r\n<li>Payable upon project completion, after testing, deployment, and delivery of all agreed-upon documentation and features.</li>\r\n</ul>\r\n</li>\r\n</ol>', '2025-02-05', '2025-08-05', NULL, NULL, NULL, 'u_1', '2025-02-05 01:18:39', '2025-02-05 01:18:39'),
(6, 1, 14, 6, 'Luxury Villa Construction Project Contract', '2500000', 36, '<p>This contract is established for the design and construction of a high-end luxury villa, tailored to the client&rsquo;s specific requirements. The project includes architectural planning, site preparation, construction, interior design, landscaping, and the installation of modern amenities.</p>\r\n<p>The total contract amount is <strong>$2,500,000</strong>, which will be paid in the following milestone-based schedule:</p>\r\n<ol>\r\n<li>\r\n<p><strong>Initial Payment:</strong></p>\r\n<ul>\r\n<li><strong>20%</strong> of the total amount (<strong>$500,000</strong>) due at the contract signing to initiate project planning and procurement of materials.</li>\r\n</ul>\r\n</li>\r\n<li>\r\n<p><strong>Mid-Project Payment:</strong></p>\r\n<ul>\r\n<li><strong>40%</strong> of the total amount (<strong>$1,000,000</strong>) payable upon completion of the foundational construction and structural framework.</li>\r\n</ul>\r\n</li>\r\n<li>\r\n<p><strong>Pre-Final Payment:</strong></p>\r\n<ul>\r\n<li><strong>30%</strong> of the total amount (<strong>$750,000</strong>) due upon completion of the villa&rsquo;s exterior, interior design, and landscaping.</li>\r\n</ul>\r\n</li>\r\n<li>\r\n<p><strong>Final Payment:</strong></p>\r\n<ul>\r\n<li><strong>10%</strong> of the total amount (<strong>$250,000</strong>) payable upon final inspection, project handover, and approval by the client.</li>\r\n</ul>\r\n</li>\r\n</ol>\r\n<p><strong>Additional Terms:</strong></p>\r\n<ul>\r\n<li>Any changes or additions to the original project scope will require a formal change order and may affect the contract amount.</li>\r\n<li>The contractor ensures adherence to quality standards and compliance with all relevant regulations.</li>\r\n<li>A warranty period of <strong>12 months</strong> is included to address any structural or design-related issues post-completion.</li>\r\n</ul>\r\n<p>This contract represents a mutual agreement between the client and the contractor, ensuring the successful delivery of a luxurious villa that exceeds expectations.</p>', '2025-02-08', '2025-02-08', NULL, NULL, NULL, 'u_1', '2025-02-07 23:01:23', '2025-02-07 23:01:23'),
(7, 1, 15, 4, 'Annual Corporate Conference Planning Contract', '150000', 36, '<p>This contract is established for the comprehensive planning, coordination, and execution of the <strong>Annual Corporate Conference</strong>, tailored to the client&rsquo;s requirements. The services will cover venue selection, event design, vendor management, guest coordination, speaker arrangements, marketing, and on-site event management.</p>\r\n<p>The total contract amount is <strong>$150,000</strong>, and payment will be structured as follows:</p>\r\n<ol>\r\n<li>\r\n<p><strong>Initial Payment:</strong></p>\r\n<ul>\r\n<li><strong>20%</strong> of the total amount (<strong>$30,000</strong>) due at the contract signing to initiate project planning and booking services.</li>\r\n</ul>\r\n</li>\r\n<li>\r\n<p><strong>Mid-Project Payment:</strong></p>\r\n<ul>\r\n<li><strong>50%</strong> of the total amount (<strong>$75,000</strong>) payable upon finalization of major deliverables, including venue booking, confirmed vendor contracts, and approved event agenda.</li>\r\n</ul>\r\n</li>\r\n<li>\r\n<p><strong>Final Payment:</strong></p>\r\n<ul>\r\n<li><strong>30%</strong> of the total amount (<strong>$45,000</strong>) due after the successful execution of the event and submission of a detailed post-event report.</li>\r\n</ul>\r\n</li>\r\n</ol>\r\n<hr>\r\n<p><strong>Additional Terms:</strong></p>\r\n<ul>\r\n<li>Any changes to the agreed-upon scope will require written approval and may result in additional costs.</li>\r\n<li>The contractor agrees to provide regular updates to the client and address feedback promptly.</li>\r\n<li>The contractor ensures compliance with safety and legal regulations throughout the planning and execution phases.</li>\r\n<li>A cancellation fee of <strong>10% of the contract amount</strong> will apply if the project is terminated after signing.</li>\r\n</ul>\r\n<p>This contract ensures a well-organized and memorable corporate conference, meeting the highest standards of professionalism and client satisfaction.</p>', '2025-02-08', '2025-02-08', NULL, NULL, NULL, 'u_1', '2025-02-07 23:03:31', '2025-02-07 23:03:31'),
(8, 1, 13, 10, 'Residential Sports Complex Construction Contract', '3200000', 36, '<p>This contract is established for the design and construction of a <strong>Residential Sports Complex</strong>, which includes state-of-the-art facilities such as basketball courts, a swimming pool, a fitness center, jogging tracks, and landscaped recreational areas. The contractor agrees to complete the project adhering to high-quality standards and within the agreed-upon timeframe.</p>\r\n<p>The total contract amount of <strong>$3,200,000</strong> will be paid in the following milestone-based schedule:</p>\r\n<ol>\r\n<li>\r\n<p><strong>Initial Payment:</strong></p>\r\n<ul>\r\n<li><strong>15%</strong> of the total amount (<strong>$480,000</strong>) due upon signing the contract to initiate the design phase and procure necessary materials.</li>\r\n</ul>\r\n</li>\r\n<li>\r\n<p><strong>Mid-Project Payment 1:</strong></p>\r\n<ul>\r\n<li><strong>25%</strong> of the total amount (<strong>$800,000</strong>) payable upon completion of foundational work, including site preparation, structural framework, and underground utilities.</li>\r\n</ul>\r\n</li>\r\n<li>\r\n<p><strong>Mid-Project Payment 2:</strong></p>\r\n<ul>\r\n<li><strong>30%</strong> of the total amount (<strong>$960,000</strong>) due after completion of major structural components, including courts, pool structure, and fitness center shell.</li>\r\n</ul>\r\n</li>\r\n<li>\r\n<p><strong>Pre-Final Payment:</strong></p>\r\n<ul>\r\n<li><strong>20%</strong> of the total amount (<strong>$640,000</strong>) payable upon completion of all interior and exterior finishing, including landscaping and equipment installation.</li>\r\n</ul>\r\n</li>\r\n<li>\r\n<p><strong>Final Payment:</strong></p>\r\n<ul>\r\n<li><strong>10%</strong> of the total amount (<strong>$320,000</strong>) due after the final inspection, approval, and handover of the project to the client.</li>\r\n</ul>\r\n</li>\r\n</ol>\r\n<hr>\r\n<p><strong>Additional Terms:</strong></p>\r\n<ul>\r\n<li>Any changes or additions to the original project scope will require a formal change request and may adjust the contract amount.</li>\r\n<li>The contractor ensures compliance with all safety standards, zoning laws, and construction regulations.</li>\r\n<li>The project includes a <strong>warranty period of 18 months</strong>, during which any defects in materials or workmanship will be addressed without additional cost.</li>\r\n<li>The client will provide timely approvals to avoid delays in project timelines.</li>\r\n</ul>\r\n<p>This contract outlines the terms and milestones for delivering a premium sports complex that meets the expectations of the client and community.</p>', '2025-02-08', '2025-02-08', NULL, NULL, NULL, 'u_1', '2025-02-07 23:06:15', '2025-02-07 23:06:15'),
(9, 1, 19, 4, 'Smart Building Management System Development Contract', '450000', 23, '<p>This contract is established for the design, development, and deployment of a <strong>Smart Building Management System (SBMS)</strong> to enhance operational efficiency and automation in building management. The project will include the installation and integration of IoT-enabled devices, software development, and a user-friendly interface for monitoring and controlling various building systems.</p>\r\n<p>The total contract amount of <strong>$450,000</strong> will be disbursed based on the following milestone-based schedule:</p>\r\n<ol>\r\n<li>\r\n<p><strong>Initial Payment:</strong></p>\r\n<ul>\r\n<li><strong>20%</strong> of the total amount (<strong>$90,000</strong>) due at the signing of the contract to initiate system design, requirement analysis, and technology procurement.</li>\r\n</ul>\r\n</li>\r\n<li>\r\n<p><strong>Mid-Project Payment 1:</strong></p>\r\n<ul>\r\n<li><strong>30%</strong> of the total amount (<strong>$135,000</strong>) payable after the completion of hardware installation, including IoT sensors, security cameras, and control systems.</li>\r\n</ul>\r\n</li>\r\n<li>\r\n<p><strong>Mid-Project Payment 2:</strong></p>\r\n<ul>\r\n<li><strong>30%</strong> of the total amount (<strong>$135,000</strong>) due after software development, including the completion of core features like energy monitoring, security system integration, and HVAC control.</li>\r\n</ul>\r\n</li>\r\n<li>\r\n<p><strong>Final Payment:</strong></p>\r\n<ul>\r\n<li><strong>20%</strong> of the total amount (<strong>$90,000</strong>) due after successful system testing, client training, and final handover of the Smart Building Management System.</li>\r\n</ul>\r\n</li>\r\n</ol>\r\n<hr>\r\n<p><strong>Additional Terms:</strong></p>\r\n<ul>\r\n<li>The system will include features for energy efficiency, security management, and real-time monitoring of building functions.</li>\r\n<li>Any additional customizations requested after the initial design phase will require a formal change request and may incur additional costs.</li>\r\n<li>The contractor will ensure compliance with all relevant industry standards and data protection laws.</li>\r\n<li>The contract includes a <strong>12-month warranty period</strong>, covering system updates, troubleshooting, and minor adjustments at no additional cost.</li>\r\n<li>The client agrees to provide timely access to the building premises and facilitate required approvals to avoid project delays.</li>\r\n</ul>\r\n<p>This contract establishes the mutual responsibilities and expectations to deliver a high-quality Smart Building Management System that meets the client&rsquo;s requirements.</p>', '2025-02-08', '2025-02-08', NULL, NULL, NULL, 'u_1', '2025-02-07 23:08:24', '2025-02-07 23:08:24'),
(10, 1, 18, 3, 'AI-Powered Customer Support Chatbot Development Contract', '120000', 23, '<p>This contract is established for the development and deployment of an <strong>AI-Powered Chatbot</strong> to enhance customer support operations. The chatbot will be capable of handling common queries, providing instant responses, and integrating with the client&rsquo;s existing systems to ensure seamless user experiences. The project includes natural language processing (NLP) capabilities, machine learning-based training, and a user-friendly interface for client customization.</p>\r\n<p>The total contract amount of <strong>$120,000</strong> will be disbursed according to the following milestone schedule:</p>\r\n<ol>\r\n<li>\r\n<p><strong>Initial Payment:</strong></p>\r\n<ul>\r\n<li><strong>20%</strong> of the total amount (<strong>$24,000</strong>) due at the contract signing to begin project planning, system design, and data collection for training the AI model.</li>\r\n</ul>\r\n</li>\r\n<li>\r\n<p><strong>Mid-Project Payment 1:</strong></p>\r\n<ul>\r\n<li><strong>30%</strong> of the total amount (<strong>$36,000</strong>) payable upon completion of chatbot development, including conversational flow design, basic NLP training, and initial system integration.</li>\r\n</ul>\r\n</li>\r\n<li>\r\n<p><strong>Mid-Project Payment 2:</strong></p>\r\n<ul>\r\n<li><strong>30%</strong> of the total amount (<strong>$36,000</strong>) due after advanced training of the chatbot for context-based responses and the completion of API integrations with client systems.</li>\r\n</ul>\r\n</li>\r\n<li>\r\n<p><strong>Final Payment:</strong></p>\r\n<ul>\r\n<li><strong>20%</strong> of the total amount (<strong>$24,000</strong>) payable after system testing, final adjustments, user training, and deployment of the chatbot in the production environment.</li>\r\n</ul>\r\n</li>\r\n</ol>\r\n<hr>\r\n<p><strong>Additional Terms:</strong></p>\r\n<ul>\r\n<li>The chatbot will include core functionalities such as FAQ handling, ticket generation, and escalation to human agents when necessary.</li>\r\n<li>Customization requests outside the agreed-upon scope will require a formal change order and may result in additional costs.</li>\r\n<li>The contractor will ensure compliance with data privacy laws, including GDPR or other applicable regulations.</li>\r\n<li>A <strong>6-month support and maintenance period</strong> is included post-deployment for performance monitoring and minor updates.</li>\r\n<li>The client agrees to provide timely feedback, data samples, and access to existing systems to facilitate development.</li>\r\n</ul>\r\n<p>This contract ensures the delivery of a sophisticated AI chatbot that improves customer service efficiency and meets the client&rsquo;s requirements.</p>', '2025-02-08', '2025-06-28', NULL, NULL, NULL, 'u_1', '2025-02-07 23:22:25', '2025-02-07 23:22:25'),
(11, 1, 17, 2, 'Education and Training Program Development Contract', '85000', 23, '<h4><strong>Description:</strong></h4>\r\n<p>This contract is established for the development and delivery of a comprehensive <strong>Education and Training Program</strong> tailored to the client&rsquo;s objectives. The project includes content creation, curriculum design, development of digital learning modules, and the organization of live training sessions. The program is intended to enhance skills, knowledge, and competency in the designated focus areas.</p>\r\n<p>The total contract amount of <strong>$85,000</strong> will be distributed according to the following milestone-based payment schedule:</p>\r\n<ol>\r\n<li>\r\n<p><strong>Initial Payment:</strong></p>\r\n<ul>\r\n<li><strong>20%</strong> of the total amount (<strong>$17,000</strong>) due upon contract signing to initiate the requirement analysis, curriculum design, and procurement of necessary tools or resources.</li>\r\n</ul>\r\n</li>\r\n<li>\r\n<p><strong>Mid-Project Payment 1:</strong></p>\r\n<ul>\r\n<li><strong>30%</strong> of the total amount (<strong>$25,500</strong>) payable after the completion of content development, including digital materials, video tutorials, and assessment tools.</li>\r\n</ul>\r\n</li>\r\n<li>\r\n<p><strong>Mid-Project Payment 2:</strong></p>\r\n<ul>\r\n<li><strong>30%</strong> of the total amount (<strong>$25,500</strong>) due after launching the pilot program, incorporating feedback, and refining the curriculum.</li>\r\n</ul>\r\n</li>\r\n<li>\r\n<p><strong>Final Payment:</strong></p>\r\n<ul>\r\n<li><strong>20%</strong> of the total amount (<strong>$17,000</strong>) payable after the successful delivery of the complete program, final evaluation, and handover of all materials to the client.</li>\r\n</ul>\r\n</li>\r\n</ol>\r\n<hr>\r\n<p><strong>Additional Terms:</strong></p>\r\n<ul>\r\n<li>The contractor will ensure that all training materials are customized to the client&rsquo;s specific needs and objectives.</li>\r\n<li>Any additional customizations or expansions requested beyond the agreed-upon scope will require a formal change order and may incur additional charges.</li>\r\n<li>The program will comply with industry standards and best practices in education and training.</li>\r\n<li>The client agrees to provide timely approvals and access to required resources to facilitate project completion.</li>\r\n<li>The contractor will offer a <strong>3-month support period</strong> post-delivery to address any questions or minor adjustments needed for the program.</li>\r\n</ul>\r\n<p>This contract outlines the responsibilities, milestones, and expectations to deliver a high-quality Education and Training Program that meets the client&rsquo;s goals.</p>', '2025-02-08', '2025-02-08', NULL, NULL, NULL, 'u_1', '2025-02-07 23:24:22', '2025-02-07 23:24:22'),
(12, 1, 10, 7, 'Custom WordPress Plugin Development Contract: Advanced SEO Meta Manager', '30000', 23, '<p>This contract is established for the design, development, and deployment of a custom WordPress plugin titled <strong>\"Advanced SEO Meta Manager\"</strong>. The plugin will be tailored to the client&rsquo;s requirements and will include features such as bulk editing of SEO meta tags, keyword tracking, automated optimization suggestions, and integration with third-party SEO tools.</p>\r\n<p>The total contract amount of <strong>$30,000</strong> will be disbursed as follows:</p>\r\n<ol>\r\n<li>\r\n<p><strong>Initial Payment:</strong></p>\r\n<ul>\r\n<li><strong>20%</strong> of the total amount (<strong>$6,000</strong>) due upon contract signing to begin project planning, requirement analysis, and preliminary design.</li>\r\n</ul>\r\n</li>\r\n<li>\r\n<p><strong>Mid-Project Payment 1:</strong></p>\r\n<ul>\r\n<li><strong>30%</strong> of the total amount (<strong>$9,000</strong>) payable upon completion of core plugin functionalities, including meta tag editing and keyword tracking.</li>\r\n</ul>\r\n</li>\r\n<li>\r\n<p><strong>Mid-Project Payment 2:</strong></p>\r\n<ul>\r\n<li><strong>30%</strong> of the total amount (<strong>$9,000</strong>) due after implementing advanced features, such as automated SEO suggestions and third-party tool integration.</li>\r\n</ul>\r\n</li>\r\n<li>\r\n<p><strong>Final Payment:</strong></p>\r\n<ul>\r\n<li><strong>20%</strong> of the total amount (<strong>$6,000</strong>) payable after successful testing, final revisions, and handover of the fully functional plugin to the client.</li>\r\n</ul>\r\n</li>\r\n</ol>\r\n<hr>\r\n<p><strong>Additional Terms:</strong></p>\r\n<ul>\r\n<li>The contractor will ensure the plugin is compatible with the latest WordPress version and adheres to coding best practices.</li>\r\n<li>Post-delivery, a <strong>3-month maintenance period</strong> will be provided, during which minor bugs and updates will be addressed without additional costs.</li>\r\n<li>Any changes to the agreed-upon scope will require a formal change request and may result in additional charges.</li>\r\n<li>The client agrees to provide timely feedback and access to necessary resources to avoid project delays.</li>\r\n<li>The contractor will deliver comprehensive documentation for the plugin, including setup instructions and user guidelines.</li>\r\n</ul>\r\n<p>This contract outlines the mutual responsibilities and milestones for delivering a high-quality custom WordPress plugin tailored to the client&rsquo;s SEO management needs.</p>', '2025-02-08', '2025-02-08', NULL, NULL, NULL, 'u_1', '2025-02-07 23:26:26', '2025-02-07 23:26:26'),
(13, 3, 28, 7, 'Digital Marketing Mastery Campaign Execution Agreement', '50000', 37, '<p>This Service Agreement outlines the terms and conditions for the execution of marketing projects, including the development, implementation, and management of campaigns by the marketing team. The agreement ensures that all deliverables meet the client&rsquo;s expectations and adhere to the project timelines, budget, and quality standards.</p>\r\n<p>The scope of the agreement includes the following:</p>\r\n<ol>\r\n<li>\r\n<p><strong>Campaign Planning and Strategy:</strong></p>\r\n<ul>\r\n<li>Designing and strategizing marketing campaigns tailored to the client&rsquo;s objectives.</li>\r\n<li>Providing a comprehensive roadmap, including goals, timelines, and resources.</li>\r\n</ul>\r\n</li>\r\n<li>\r\n<p><strong>Content Creation and Branding:</strong></p>\r\n<ul>\r\n<li>Developing creative assets such as graphics, videos, and written content.</li>\r\n<li>Ensuring all materials align with the brand guidelines and campaign themes.</li>\r\n</ul>\r\n</li>\r\n<li>\r\n<p><strong>Execution and Management:</strong></p>\r\n<ul>\r\n<li>Launching and managing campaigns across various platforms (social media, email, events).</li>\r\n<li>Monitoring and optimizing performance throughout the campaign.</li>\r\n</ul>\r\n</li>\r\n<li>\r\n<p><strong>Measurement and Reporting:</strong></p>\r\n<ul>\r\n<li>Delivering performance reports with insights and recommendations post-campaign.</li>\r\n<li>Ensuring transparency through detailed documentation of results.</li>\r\n</ul>\r\n</li>\r\n</ol>\r\n<p><strong>Payment Terms:</strong></p>\r\n<ul>\r\n<li>An initial deposit of 30% of the total project cost upon contract signing.</li>\r\n<li>40% of the total cost upon completion of campaign development and mid-way review.</li>\r\n<li>The remaining 30% upon successful delivery and approval of final reports.</li>\r\n</ul>\r\n<p><strong>Contract Duration:</strong><br>The agreement remains valid throughout the project timeline or until all deliverables are completed, whichever is later.</p>\r\n<p>This contract binds both parties to work collaboratively, ensuring mutual satisfaction and successful project outcomes.</p>', '2025-02-10', '2025-03-01', NULL, NULL, NULL, 'u_1', '2025-02-10 04:51:49', '2025-02-10 04:51:49'),
(14, 3, 28, 1, 'Brand Revitalization Campaign Service Agreement', '30000.00', 37, '<p>This Service Agreement is made between the client and the marketing agency/team for executing a comprehensive <strong>Brand Revitalization Campaign</strong>. The purpose of this agreement is to define the responsibilities, deliverables, and terms under which the campaign will be conducted.</p>\r\n<p>The scope of this project includes:</p>\r\n<ol>\r\n<li>\r\n<p><strong>Brand Audit and Analysis:</strong></p>\r\n<ul>\r\n<li>Conducting an in-depth review of the current brand image, audience perception, and market positioning.</li>\r\n<li>Providing a detailed report with recommendations for improvement.</li>\r\n</ul>\r\n</li>\r\n<li>\r\n<p><strong>Brand Identity Redesign:</strong></p>\r\n<ul>\r\n<li>Updating brand assets, including logo, color schemes, typography, and tone of voice, to align with revitalization goals.</li>\r\n<li>Ensuring consistency across all marketing materials and platforms.</li>\r\n</ul>\r\n</li>\r\n<li>\r\n<p><strong>Marketing Strategy Development:</strong></p>\r\n<ul>\r\n<li>Crafting a revitalization roadmap with short- and long-term goals.</li>\r\n<li>Identifying key channels and tactics to reach the target audience effectively.</li>\r\n</ul>\r\n</li>\r\n<li>\r\n<p><strong>Implementation:</strong></p>\r\n<ul>\r\n<li>Launching campaigns to promote the new brand identity across online and offline channels.</li>\r\n<li>Engaging with customers through targeted content, advertisements, and PR initiatives.</li>\r\n</ul>\r\n</li>\r\n<li>\r\n<p><strong>Performance Measurement and Adjustment:</strong></p>\r\n<ul>\r\n<li>Tracking key performance indicators (KPIs) to assess campaign success.</li>\r\n<li>Providing a post-campaign report with analytics, insights, and recommendations.</li>\r\n</ul>\r\n</li>\r\n</ol>\r\n<p><strong>Payment Terms:</strong></p>\r\n<ul>\r\n<li>An initial payment of 20% of the total contract amount upon signing.</li>\r\n<li>50% due upon completion of brand identity redesign and strategy development.</li>\r\n<li>Remaining 30% to be paid after the final campaign implementation and report delivery.</li>\r\n</ul>\r\n<p><strong>Contract Duration:</strong><br>This agreement covers a period of 6 months, starting from the date of signing, or until all deliverables are completed to the client&rsquo;s satisfaction.</p>\r\n<p>Both parties agree to collaborate effectively, ensuring timely communication and adherence to the agreed-upon milestones. This agreement protects the interests of both the client and the marketing team, ensuring a successful and impactful brand revitalization.</p>', '2025-02-10', '2025-03-01', NULL, NULL, NULL, 'u_1', '2025-02-10 04:54:58', '2025-02-10 05:10:16'),
(15, 3, 28, 9, 'Content Marketing Strategy Development and Implementation Agreement', '30000.00', 37, '<div class=\"m-auto text-base py-[18px] px-6\">\r\n<div class=\"mx-auto flex flex-1 gap-4 text-base md:gap-5 lg:gap-6 md:max-w-3xl lg:max-w-[40rem] xl:max-w-[48rem]\">\r\n<div class=\"group/conversation-turn relative flex w-full min-w-0 flex-col agent-turn @xs/thread:px-0 @sm/thread:px-1.5 @md/thread:px-4\">\r\n<div class=\"flex-col gap-1 md:gap-3\">\r\n<div class=\"flex max-w-full flex-col flex-grow\">\r\n<div class=\"min-h-8 text-message flex w-full flex-col items-end gap-2 whitespace-normal break-words text-start [.text-message+&amp;]:mt-5\" dir=\"auto\" data-message-author-role=\"assistant\" data-message-id=\"e7a57c0f-dd4a-4a47-acea-2d4f37968c58\" data-message-model-slug=\"gpt-4o\">\r\n<div class=\"flex w-full flex-col gap-1 empty:hidden first:pt-[3px]\">\r\n<div class=\"markdown prose w-full break-words dark:prose-invert dark\">\r\n<p>This agreement establishes the terms and conditions between the client and the marketing team for the development and execution of a <strong>Content Marketing Strategy</strong> aimed at enhancing brand awareness and engagement. The focus will be on creating and distributing high-quality content to build the brand&rsquo;s presence and attract a wider audience.</p>\r\n<p>The scope of the project includes:</p>\r\n<ol>\r\n<li>\r\n<p><strong>Content Strategy Development:</strong></p>\r\n<ul>\r\n<li>Conducting a brand and audience analysis to align content with the target market&rsquo;s preferences.</li>\r\n<li>Creating a detailed content plan, including objectives, themes, platforms, and timelines.</li>\r\n</ul>\r\n</li>\r\n<li>\r\n<p><strong>Content Creation:</strong></p>\r\n<ul>\r\n<li>Developing a mix of content types such as blog posts, videos, infographics, newsletters, and social media posts.</li>\r\n<li>Ensuring all content reflects the brand&rsquo;s voice, values, and goals.</li>\r\n</ul>\r\n</li>\r\n<li>\r\n<p><strong>Distribution and Promotion:</strong></p>\r\n<ul>\r\n<li>Publishing content on relevant platforms to maximize reach and visibility.</li>\r\n<li>Leveraging SEO, social media ads, and email campaigns to amplify the content&rsquo;s impact.</li>\r\n</ul>\r\n</li>\r\n<li>\r\n<p><strong>Engagement and Interaction:</strong></p>\r\n<ul>\r\n<li>Monitoring audience responses and fostering engagement through comments, replies, and interactive campaigns.</li>\r\n<li>Building a community around the brand through consistent communication.</li>\r\n</ul>\r\n</li>\r\n<li>\r\n<p><strong>Performance Analysis:</strong></p>\r\n<ul>\r\n<li>Tracking key metrics such as website traffic, social media engagement, and conversion rates.</li>\r\n<li>Providing detailed reports with insights and recommendations for ongoing improvement.</li>\r\n</ul>\r\n</li>\r\n</ol>\r\n<p><strong>Payment Terms:</strong></p>\r\n<ul>\r\n<li>30% of the total project fee upon signing the agreement.</li>\r\n<li>40% to be paid after content strategy approval and initial content creation.</li>\r\n<li>The remaining 30% after the final delivery of performance reports and project completion.</li>\r\n</ul>\r\n<p><strong>Contract Duration:</strong><br>This agreement will cover a period of 4 months, from the start of the strategy development to the delivery of the final report, or until all deliverables are fulfilled.</p>\r\n<p>Both parties agree to maintain open communication and adhere to the milestones outlined in the project plan. This agreement ensures a collaborative approach to achieving the client&rsquo;s brand awareness objectives through innovative content marketing strategies.</p>\r\n</div>\r\n</div>\r\n</div>\r\n</div>\r\n</div>\r\n<div class=\"absolute\">&nbsp;</div>\r\n</div>\r\n</div>\r\n</div>', '2025-02-10', '2025-03-01', NULL, NULL, NULL, 'u_1', '2025-02-10 04:58:29', '2025-02-10 05:09:36'),
(16, 2, 20, 8, 'Cloud-Based Inventory Management System Contract', '5000.00', 35, '<h3><strong>Contract Description</strong></h3>\r\n<p>This agreement pertains to the design, development, and deployment of a custom <strong>AI-Powered Content Generator WordPress Plugin</strong>, which utilizes advanced artificial intelligence to streamline content creation. The plugin will enable users to generate high-quality blog posts, product descriptions, social media content, and more, tailored to specific requirements such as tone, style, and word count.</p>\r\n<p>The project includes integrating an AI API (e.g., OpenAI) to power content generation, implementing SEO optimization features, and providing multilingual support. Deliverables include a user-friendly admin interface, compatibility with WordPress editors like Gutenberg and Elementor, and robust security measures. The scope covers initial development, testing, deployment, documentation, and post-launch maintenance to ensure a seamless user experience and long-term functionality.</p>\r\n<hr>\r\n<h3><strong>Payment Schedule</strong></h3>\r\n<ol>\r\n<li>\r\n<p><strong>Initial Payment (20%)</strong></p>\r\n<ul>\r\n<li>Payable upon contract signing and before the development phase begins.</li>\r\n</ul>\r\n</li>\r\n<li>\r\n<p><strong>Mid-Project Payment (40%)</strong></p>\r\n<ul>\r\n<li>Payable after completing core features, including API integration and basic content generation functionality.</li>\r\n</ul>\r\n</li>\r\n<li>\r\n<p><strong>Final Payment (40%)</strong></p>\r\n<ul>\r\n<li>Payable upon project completion, after testing, deployment, and delivery of all agreed-upon documentation and features.</li>\r\n</ul>\r\n</li>\r\n</ol>', '2025-02-05', '2025-08-05', NULL, NULL, NULL, 'u_1', '2025-02-10 21:35:28', '2025-02-10 21:35:57');
INSERT INTO `contracts` (`id`, `workspace_id`, `project_id`, `client_id`, `title`, `value`, `contract_type_id`, `description`, `start_date`, `end_date`, `promisor_sign`, `promisee_sign`, `signed_pdf`, `created_by`, `created_at`, `updated_at`) VALUES
(17, 2, 22, 10, 'Smart Healthcare Monitoring System Contract', '50000.00', 35, '<h3><strong>Contract Description</strong></h3>\r\n<p>This agreement pertains to the design, development, and deployment of a custom <strong>AI-Powered Content Generator WordPress Plugin</strong>, which utilizes advanced artificial intelligence to streamline content creation. The plugin will enable users to generate high-quality blog posts, product descriptions, social media content, and more, tailored to specific requirements such as tone, style, and word count.</p>\r\n<p>The project includes integrating an AI API (e.g., OpenAI) to power content generation, implementing SEO optimization features, and providing multilingual support. Deliverables include a user-friendly admin interface, compatibility with WordPress editors like Gutenberg and Elementor, and robust security measures. The scope covers initial development, testing, deployment, documentation, and post-launch maintenance to ensure a seamless user experience and long-term functionality.</p>\r\n<hr>\r\n<h3><strong>Payment Schedule</strong></h3>\r\n<ol>\r\n<li>\r\n<p><strong>Initial Payment (20%)</strong></p>\r\n<ul>\r\n<li>Payable upon contract signing and before the development phase begins.</li>\r\n</ul>\r\n</li>\r\n<li>\r\n<p><strong>Mid-Project Payment (40%)</strong></p>\r\n<ul>\r\n<li>Payable after completing core features, including API integration and basic content generation functionality.</li>\r\n</ul>\r\n</li>\r\n<li>\r\n<p><strong>Final Payment (40%)</strong></p>\r\n<ul>\r\n<li>Payable upon project completion, after testing, deployment, and delivery of all agreed-upon documentation and features.</li>\r\n</ul>\r\n</li>\r\n</ol>', '2025-02-05', '2025-08-05', NULL, NULL, NULL, 'u_1', '2025-02-10 21:36:23', '2025-02-10 21:36:41');

-- --------------------------------------------------------

--
-- Table structure for table `contract_types`
--

CREATE TABLE `contract_types` (
  `id` bigint UNSIGNED NOT NULL,
  `workspace_id` bigint UNSIGNED DEFAULT NULL,
  `type` varchar(255) CHARACTER SET utf8mb4 COLLATE utf8mb4_unicode_ci NOT NULL,
  `created_at` timestamp NULL DEFAULT NULL,
  `updated_at` timestamp NULL DEFAULT NULL
) ENGINE=InnoDB DEFAULT CHARSET=utf8mb4 COLLATE=utf8mb4_unicode_ci;

--
-- Dumping data for table `contract_types`
--

INSERT INTO `contract_types` (`id`, `workspace_id`, `type`, `created_at`, `updated_at`) VALUES
(0, NULL, 'Default', NULL, NULL),
(19, 1, 'Development Services Agreement', '2025-02-04 01:17:45', '2025-02-04 01:17:45'),
(20, 1, 'Maintenance Contract', '2025-02-04 01:17:52', '2025-02-04 01:17:52'),
(21, 1, 'Service Level Agreement (SLA)', '2025-02-04 01:18:04', '2025-02-04 01:18:04'),
(22, 1, 'Time and Materials Contract', '2025-02-04 01:18:11', '2025-02-04 01:18:11'),
(23, 1, 'Fixed Price Contract', '2025-02-04 01:18:17', '2025-02-04 01:18:17'),
(24, 1, 'Software License Agreement', '2025-02-04 01:18:23', '2025-02-04 01:18:23'),
(25, 1, 'Non-Disclosure Agreement (NDA)', '2025-02-04 01:18:29', '2025-02-04 01:18:29'),
(26, 1, 'Milestone-Based Contract', '2025-02-04 01:18:42', '2025-02-04 01:18:42'),
(27, 1, 'Retainer Agreement', '2025-02-04 01:18:49', '2025-02-04 01:18:49'),
(28, 1, 'Change Order Agreement', '2025-02-04 01:18:57', '2025-02-04 01:18:57'),
(29, 1, 'Project Support Contract', '2025-02-04 01:19:05', '2025-02-04 01:19:05'),
(30, 1, 'Technical Services Agreement', '2025-02-04 01:19:12', '2025-02-04 01:19:12'),
(31, 1, 'Quality Assurance Contract', '2025-02-04 01:19:19', '2025-02-04 01:19:19'),
(32, 1, 'System Integration Agreement', '2025-02-04 01:19:25', '2025-02-04 01:19:25'),
(33, 1, 'Project Service Contract', '2025-02-04 01:31:36', '2025-02-04 01:31:36'),
(34, 2, 'Project Development Contract', '2025-02-05 01:12:18', '2025-02-05 01:12:18'),
(35, 2, 'Plugin Development', '2025-02-05 01:14:11', '2025-02-05 01:14:11'),
(36, 1, 'Fixed Price with Milestone Payments', '2025-02-07 22:59:35', '2025-02-07 22:59:35'),
(37, 3, 'Service Agreement', '2025-02-10 04:49:11', '2025-02-10 04:49:11');

-- --------------------------------------------------------

--
-- Table structure for table `deductions`
--

CREATE TABLE `deductions` (
  `id` bigint UNSIGNED NOT NULL,
  `workspace_id` bigint UNSIGNED DEFAULT NULL,
  `title` varchar(255) CHARACTER SET utf8mb4 COLLATE utf8mb4_unicode_ci NOT NULL,
  `type` varchar(512) CHARACTER SET utf8mb4 COLLATE utf8mb4_unicode_ci NOT NULL DEFAULT 'amount',
  `percentage` double DEFAULT NULL,
  `amount` double DEFAULT NULL,
  `created_at` timestamp NULL DEFAULT NULL,
  `updated_at` timestamp NULL DEFAULT NULL
) ENGINE=InnoDB DEFAULT CHARSET=utf8mb4 COLLATE=utf8mb4_unicode_ci;

--
-- Dumping data for table `deductions`
--

INSERT INTO `deductions` (`id`, `workspace_id`, `title`, `type`, `percentage`, `amount`, `created_at`, `updated_at`) VALUES
(1, 1, 'Half Day Leave', 'amount', 5, 5, '2025-02-04 02:11:45', '2025-02-04 02:11:45'),
(5, 1, 'Half Day Leave based on salary', 'percentage', 5, NULL, '2025-02-04 03:04:01', '2025-02-04 03:04:01'),
(6, 1, 'Full Day Leave', 'percentage', 7, NULL, '2025-02-04 03:05:23', '2025-02-04 03:05:23'),
(7, 2, 'leave Deduction', 'percentage', 2, NULL, '2025-02-05 01:26:34', '2025-02-05 01:26:34'),
(8, 3, 'Full Day Off', 'percentage', 2, NULL, '2025-02-10 22:04:45', '2025-02-10 22:04:45'),
(9, 3, 'Half Day Off', 'amount', NULL, 50, '2025-02-10 22:05:10', '2025-02-10 22:05:10');

-- --------------------------------------------------------

--
-- Table structure for table `deduction_payslip`
--

CREATE TABLE `deduction_payslip` (
  `id` bigint UNSIGNED NOT NULL,
  `deduction_id` bigint UNSIGNED NOT NULL,
  `payslip_id` bigint UNSIGNED NOT NULL
) ENGINE=InnoDB DEFAULT CHARSET=utf8mb4 COLLATE=utf8mb4_unicode_ci;

--
-- Dumping data for table `deduction_payslip`
--

INSERT INTO `deduction_payslip` (`id`, `deduction_id`, `payslip_id`) VALUES
(1, 5, 1),
(2, 5, 2),
(3, 6, 3),
(4, 6, 4),
(5, 5, 4),
(6, 6, 5),
(7, 7, 6),
(8, 1, 9),
(9, 6, 10),
(10, 6, 11);

-- --------------------------------------------------------

--
-- Table structure for table `estimates_invoices`
--

CREATE TABLE `estimates_invoices` (
  `id` bigint UNSIGNED NOT NULL,
  `workspace_id` bigint UNSIGNED NOT NULL,
  `client_id` bigint UNSIGNED NOT NULL,
  `name` varchar(255) CHARACTER SET utf8mb4 COLLATE utf8mb4_unicode_ci NOT NULL,
  `address` varchar(255) CHARACTER SET utf8mb4 COLLATE utf8mb4_unicode_ci DEFAULT NULL,
  `city` varchar(255) CHARACTER SET utf8mb4 COLLATE utf8mb4_unicode_ci DEFAULT NULL,
  `state` varchar(255) CHARACTER SET utf8mb4 COLLATE utf8mb4_unicode_ci DEFAULT NULL,
  `country` varchar(255) CHARACTER SET utf8mb4 COLLATE utf8mb4_unicode_ci DEFAULT NULL,
  `zip_code` varchar(50) CHARACTER SET utf8mb4 COLLATE utf8mb4_unicode_ci DEFAULT NULL,
  `phone` varchar(50) CHARACTER SET utf8mb4 COLLATE utf8mb4_unicode_ci DEFAULT NULL,
  `type` varchar(255) CHARACTER SET utf8mb4 COLLATE utf8mb4_unicode_ci NOT NULL,
  `status` varchar(255) CHARACTER SET utf8mb4 COLLATE utf8mb4_unicode_ci NOT NULL,
  `note` longtext CHARACTER SET utf8mb4 COLLATE utf8mb4_unicode_ci,
  `personal_note` longtext CHARACTER SET utf8mb4 COLLATE utf8mb4_unicode_ci,
  `from_date` date NOT NULL,
  `to_date` date NOT NULL,
  `total` double NOT NULL,
  `tax_amount` double DEFAULT NULL,
  `final_total` double NOT NULL,
  `created_by` varchar(56) CHARACTER SET utf8mb4 COLLATE utf8mb4_unicode_ci NOT NULL,
  `created_at` timestamp NULL DEFAULT NULL,
  `updated_at` timestamp NULL DEFAULT NULL
) ENGINE=InnoDB DEFAULT CHARSET=utf8mb4 COLLATE=utf8mb4_unicode_ci;

--
-- Dumping data for table `estimates_invoices`
--

INSERT INTO `estimates_invoices` (`id`, `workspace_id`, `client_id`, `name`, `address`, `city`, `state`, `country`, `zip_code`, `phone`, `type`, `status`, `note`, `personal_note`, `from_date`, `to_date`, `total`, `tax_amount`, `final_total`, `created_by`, `created_at`, `updated_at`) VALUES
(1, 1, 2, 'Elon Musk', NULL, 'Palo Alto', 'California', 'United States', '94306', '401-788-4555', 'invoice', 'due', 'Home page UI/UX Complte', NULL, '2025-02-04', '2025-02-04', 540, 0, 540, 'u_1', '2025-02-04 03:49:01', '2025-02-04 05:14:49'),
(2, 1, 9, 'Olivia Clark', NULL, 'Boston', 'Massachusetts', 'United States', '02116', '255-995-9441', 'invoice', 'draft', 'Home page UI/UX Complte', NULL, '2025-02-04', '2025-02-04', 708, 0, 708, 'u_1', '2025-02-04 05:06:19', '2025-02-04 22:44:25'),
(3, 1, 9, 'Olivia Clark', NULL, 'Boston', 'Massachusetts', 'United States', '02116', '255-995-9441', 'invoice', 'fully_paid', 'Server Setup', NULL, '2025-02-05', '2025-02-05', 100, 5, 105, 'u_1', '2025-02-04 05:13:43', '2025-02-04 05:14:29'),
(4, 1, 5, 'Bros James', NULL, 'Miami', 'Florida', 'United States', '33139', '789-466-2246', 'invoice', 'partially_paid', 'Server Setup', NULL, '2025-02-05', '2025-02-05', 600, 0, 600, 'u_1', '2025-02-04 21:18:24', '2025-02-08 01:14:31'),
(5, 1, 7, 'Mark Zuckerberg', NULL, 'Menlo Park', 'California', 'United States', '94025', '205-647-9841', 'estimate', 'sent', 'This is Estimate of Meta App', NULL, '2025-02-05', '2025-02-05', 100, 0, 100, 'u_1', '2025-02-04 22:41:08', '2025-02-04 22:41:08'),
(6, 1, 2, 'Elon Musk', NULL, 'Palo Alto', 'California', 'United States', '94306', '401-788-4555', 'estimate', 'declined', 'This is For estimate of Referal Feature in Ecommerce Website Project', NULL, '2025-02-05', '2025-02-05', 200, 0, 200, 'u_1', '2025-02-04 22:48:39', '2025-02-04 22:48:39'),
(7, 2, 3, 'Emma Gray', NULL, 'Seattle', 'Washington', 'United States', '98101', '456-488-5578', 'invoice', 'partially_paid', 'AI Plugin development', NULL, '2025-02-05', '2025-02-05', 500, 0, 500, 'u_1', '2025-02-05 01:44:06', '2025-02-05 01:46:45'),
(8, 2, 10, 'Serena Williams', NULL, 'Palm Beach Gardens', 'Florida', 'United States', '33410', '457-815-9114', 'estimate', 'draft', NULL, NULL, '2025-02-05', '2025-02-05', 800, 0, 800, 'u_1', '2025-02-05 01:46:25', '2025-02-05 01:46:25'),
(9, 1, 10, 'Serena Williams', NULL, 'Palm Beach Gardens', 'Florida', 'United States', '33410', '457-815-9114', 'estimate', 'accepted', 'This is For estimate of Referal Feature in Ecommerce Website Project', NULL, '2025-02-05', '2025-02-05', 500000, 0, 500000, 'u_1', '2025-02-08 00:39:22', '2025-02-08 00:50:59'),
(10, 1, 9, 'Olivia Clark', NULL, 'Boston', 'Massachusetts', 'United States', '02116', '255-995-9441', 'invoice', 'cancelled', 'Server Setup', NULL, '2025-02-05', '2025-02-05', 100, 15, 115, 'u_1', '2025-02-08 00:52:13', '2025-02-08 01:09:34'),
(11, 1, 3, 'Emma Gray', NULL, 'Seattle', 'Washington', 'United States', '98101', '456-488-5578', 'invoice', 'draft', 'AI Model Setup', NULL, '2025-02-05', '2025-02-05', 1000, 0, 1000, 'u_1', '2025-02-08 01:15:38', '2025-02-08 01:18:19'),
(12, 1, 3, 'Emma Gray', NULL, 'Seattle', 'Washington', 'United States', '98101', '456-488-5578', 'invoice', 'draft', 'AI Model Setup', NULL, '2025-02-05', '2025-02-05', 1000, 0, 1000, 'u_1', '2025-02-08 01:19:02', '2025-02-08 01:19:02'),
(13, 3, 7, 'Mark Zuckerberg', NULL, 'Menlo Park', 'California', 'United States', '94025', '205-647-9841', 'invoice', 'fully_paid', NULL, NULL, '2025-02-11', '2025-02-11', 5000, 0, 5000, 'u_1', '2025-02-10 22:09:02', '2025-02-10 22:09:02'),
(14, 3, 2, 'Elon Musk', NULL, 'Palo Alto', 'California', 'United States', '94306', '401-788-4555', 'estimate', 'draft', NULL, NULL, '2025-02-11', '2025-02-11', 30, 0, 30, 'u_1', '2025-02-10 22:09:24', '2025-02-10 22:10:01'),
(15, 3, 3, 'Emma Gray', NULL, 'Seattle', 'Washington', 'United States', '98101', '456-488-5578', 'invoice', 'due', NULL, NULL, '2025-02-11', '2025-02-11', 500, 0, 500, 'u_1', '2025-02-10 22:09:28', '2025-02-10 22:10:31'),
(16, 3, 1, 'elias ymer', NULL, 'Stockholm', 'Stockholm County', 'Sweden', '11458', '201-555-1234', 'invoice', 'cancelled', NULL, NULL, '2025-02-20', '2025-02-28', 30, 0, 30, 'u_1', '2025-02-10 22:10:40', '2025-02-10 22:12:14'),
(17, 3, 10, 'Serena Williams', NULL, 'Palm Beach Gardens', 'Florida', 'United States', '33410', '457-815-9114', 'estimate', 'accepted', NULL, NULL, '2025-02-20', '2025-02-28', 500, 0, 500, 'u_1', '2025-02-10 22:11:11', '2025-02-10 22:12:36');

-- --------------------------------------------------------

--
-- Table structure for table `estimates_invoice_item`
--

CREATE TABLE `estimates_invoice_item` (
  `id` bigint UNSIGNED NOT NULL,
  `item_id` bigint UNSIGNED NOT NULL,
  `estimates_invoice_id` bigint UNSIGNED NOT NULL,
  `qty` double NOT NULL,
  `unit_id` bigint DEFAULT NULL,
  `rate` double NOT NULL,
  `tax_id` bigint DEFAULT NULL,
  `amount` double NOT NULL
) ENGINE=InnoDB DEFAULT CHARSET=utf8mb4 COLLATE=utf8mb4_unicode_ci;

--
-- Dumping data for table `estimates_invoice_item`
--

INSERT INTO `estimates_invoice_item` (`id`, `item_id`, `estimates_invoice_id`, `qty`, `unit_id`, `rate`, `tax_id`, `amount`) VALUES
(1, 1, 1, 1, 1, 500, 5, 540),
(2, 1, 2, 1, 1, 500, 1, 590),
(3, 2, 2, 1, 2, 100, 1, 118),
(4, 2, 3, 1, 2, 100, 4, 105),
(5, 3, 4, 1, 1, 600, NULL, 600),
(6, 4, 5, 1, 4, 100, NULL, 100),
(7, 5, 6, 1, NULL, 200, NULL, 200),
(8, 6, 7, 1, 6, 500, NULL, 500),
(9, 7, 8, 1, NULL, 800, NULL, 800),
(10, 8, 9, 1, NULL, 500000, NULL, 500000),
(11, 2, 10, 1, 2, 100, 2, 115),
(12, 9, 11, 1, 5, 800, NULL, 800),
(13, 2, 11, 1, 2, 100, NULL, 100),
(14, 4, 11, 1, 4, 100, NULL, 100),
(15, 12, 13, 1, 10, 5000, NULL, 5000),
(16, 11, 14, 1, 9, 30, NULL, 30),
(17, 10, 15, 1, 9, 500, NULL, 500),
(18, 11, 16, 1, 9, 30, NULL, 30),
(19, 10, 17, 1, 9, 500, NULL, 500);

-- --------------------------------------------------------

--
-- Table structure for table `expenses`
--

CREATE TABLE `expenses` (
  `id` bigint UNSIGNED NOT NULL,
  `workspace_id` bigint UNSIGNED NOT NULL,
  `user_id` bigint UNSIGNED DEFAULT NULL,
  `title` varchar(255) CHARACTER SET utf8mb4 COLLATE utf8mb4_unicode_ci NOT NULL,
  `expense_type_id` bigint UNSIGNED NOT NULL,
  `amount` double NOT NULL,
  `note` text CHARACTER SET utf8mb4 COLLATE utf8mb4_unicode_ci,
  `expense_date` date NOT NULL,
  `created_by` varchar(56) CHARACTER SET utf8mb4 COLLATE utf8mb4_unicode_ci NOT NULL,
  `created_at` timestamp NULL DEFAULT NULL,
  `updated_at` timestamp NULL DEFAULT NULL
) ENGINE=InnoDB DEFAULT CHARSET=utf8mb4 COLLATE=utf8mb4_unicode_ci;

--
-- Dumping data for table `expenses`
--

INSERT INTO `expenses` (`id`, `workspace_id`, `user_id`, `title`, `expense_type_id`, `amount`, `note`, `expense_date`, `created_by`, `created_at`, `updated_at`) VALUES
(1, 1, 2, 'Salary', 31, 500, 'Salary Pay', '2025-01-31', 'u_1', '2025-02-04 03:34:23', '2025-02-04 03:34:23'),
(2, 1, 1, 'January Rent Pay', 23, 5000, 'Montly Rent Pay', '2025-02-04', 'u_1', '2025-02-04 03:37:33', '2025-02-08 01:30:35'),
(3, 1, 7, 'Salary to the karen', 31, 5000, 'Salary Pay', '2025-01-31', 'u_1', '2025-02-04 03:38:27', '2025-02-04 03:38:53'),
(4, 1, 1, 'Internet Bill Payment', 22, 300, 'Internet Bill Pay', '2025-01-31', 'u_1', '2025-02-04 03:39:39', '2025-02-08 01:30:21'),
(5, 1, NULL, 'Office Refreshment Items', 20, 1000, 'Office Refreshments', '2025-01-31', 'u_1', '2025-02-04 03:40:33', '2025-02-04 03:40:33'),
(6, 2, NULL, 'Office Refreshment Supply', 32, 500, 'For Office use', '2025-02-05', 'u_1', '2025-02-05 01:35:40', '2025-02-05 01:35:40'),
(7, 2, NULL, 'Water Supply', 33, 50, 'Office use', '2025-02-10', 'u_1', '2025-02-05 01:37:24', '2025-02-05 01:38:29'),
(8, 2, 9, 'Medical', 34, 20, NULL, '2025-02-15', 'u_1', '2025-02-05 01:38:20', '2025-02-05 01:38:20'),
(9, 1, 17, 'Transportation Fuel', 25, 2000, 'Transportation expense', '2025-02-08', 'u_1', '2025-02-08 00:37:22', '2025-02-08 00:37:22'),
(10, 1, 1, 'Coporate Tax', 29, 1200, NULL, '2025-02-08', 'u_1', '2025-02-08 01:34:56', '2025-02-08 01:34:56'),
(11, 1, 1, 'Event Sponsorships', 26, 5000, NULL, '2025-02-08', 'u_1', '2025-02-08 01:35:43', '2025-02-08 01:35:43'),
(12, 3, 35, 'Marketo Sofware Purhcase', 36, 200, NULL, '2025-03-11', 'u_1', '2025-02-10 21:52:24', '2025-02-10 21:52:24'),
(13, 3, 36, 'ActiveCampaign', 36, 305, NULL, '2025-01-23', 'u_1', '2025-02-10 21:53:15', '2025-02-10 21:54:12'),
(14, 3, 37, 'Phone For Marketing team', 37, 600, NULL, '2025-02-11', 'u_1', '2025-02-10 21:53:58', '2025-02-10 21:53:58');

-- --------------------------------------------------------

--
-- Table structure for table `expense_types`
--

CREATE TABLE `expense_types` (
  `id` bigint UNSIGNED NOT NULL,
  `workspace_id` bigint UNSIGNED DEFAULT NULL,
  `title` varchar(255) CHARACTER SET utf8mb4 COLLATE utf8mb4_unicode_ci NOT NULL,
  `description` text CHARACTER SET utf8mb4 COLLATE utf8mb4_unicode_ci,
  `created_at` timestamp NULL DEFAULT NULL,
  `updated_at` timestamp NULL DEFAULT NULL
) ENGINE=InnoDB DEFAULT CHARSET=utf8mb4 COLLATE=utf8mb4_unicode_ci;

--
-- Dumping data for table `expense_types`
--

INSERT INTO `expense_types` (`id`, `workspace_id`, `title`, `description`, `created_at`, `updated_at`) VALUES
(0, NULL, 'Default', NULL, NULL, NULL),
(16, 1, 'Medical', 'This is for Medical', '2025-02-04 03:21:40', '2025-02-04 03:21:40'),
(17, 1, 'Goods Purchase', 'This For Goods Purchasement', '2025-02-04 03:23:50', '2025-02-04 03:23:50'),
(18, 1, 'Overtime', NULL, '2025-02-04 03:28:26', '2025-02-04 03:28:26'),
(19, 1, 'Freelancer Payments', NULL, '2025-02-04 03:29:06', '2025-02-04 03:29:06'),
(20, 1, 'Office Supplies', NULL, '2025-02-04 03:29:20', '2025-02-04 03:29:20'),
(21, 1, 'Software and Tools Subscriptions', NULL, '2025-02-04 03:29:31', '2025-02-04 03:29:31'),
(22, 1, 'Utilities', NULL, '2025-02-04 03:29:39', '2025-02-04 03:29:39'),
(23, 1, 'Rent', NULL, '2025-02-04 03:29:52', '2025-02-04 03:29:52'),
(24, 1, 'Business Travel', NULL, '2025-02-04 03:30:15', '2025-02-04 03:30:15'),
(25, 1, 'Local Transportation', NULL, '2025-02-04 03:30:22', '2025-02-04 03:30:22'),
(26, 1, 'Event Sponsorships', NULL, '2025-02-04 03:30:33', '2025-02-04 03:30:33'),
(27, 1, 'Workshops and Seminars', NULL, '2025-02-04 03:30:44', '2025-02-04 03:30:44'),
(28, 1, 'Legal Consultation Fees', NULL, '2025-02-04 03:31:04', '2025-02-04 03:31:04'),
(29, 1, 'Taxes and Filing Fees', NULL, '2025-02-04 03:31:11', '2025-02-04 03:31:11'),
(30, 1, 'Refunds or Adjustments', NULL, '2025-02-04 03:31:18', '2025-02-04 03:31:18'),
(31, 1, 'Extra Salary', NULL, '2025-02-04 03:33:45', '2025-02-08 00:35:08'),
(32, 2, 'Supply Goods', 'Anytype of Good purchase for office use.', '2025-02-05 01:34:38', '2025-02-05 01:34:59'),
(33, 2, 'Drinking Water Supply', 'For water Supply', '2025-02-05 01:36:53', '2025-02-05 01:36:53'),
(34, 2, 'Medical Goods', NULL, '2025-02-05 01:37:45', '2025-02-05 01:37:45'),
(35, 3, 'Rent Paymnet', 'Office Rent', '2025-02-10 21:50:51', '2025-02-10 21:50:51'),
(36, 3, 'Software Purchase', NULL, '2025-02-10 21:51:04', '2025-02-10 21:51:04'),
(37, 3, 'Device Purchase', NULL, '2025-02-10 21:51:13', '2025-02-10 21:51:13');

-- --------------------------------------------------------

--
-- Table structure for table `failed_jobs`
--

CREATE TABLE `failed_jobs` (
  `id` bigint UNSIGNED NOT NULL,
  `uuid` varchar(191) CHARACTER SET utf8mb4 COLLATE utf8mb4_unicode_ci NOT NULL,
  `connection` text CHARACTER SET utf8mb4 COLLATE utf8mb4_unicode_ci NOT NULL,
  `queue` text CHARACTER SET utf8mb4 COLLATE utf8mb4_unicode_ci NOT NULL,
  `payload` longtext CHARACTER SET utf8mb4 COLLATE utf8mb4_unicode_ci NOT NULL,
  `exception` longtext CHARACTER SET utf8mb4 COLLATE utf8mb4_unicode_ci NOT NULL,
  `failed_at` timestamp NOT NULL DEFAULT CURRENT_TIMESTAMP
) ENGINE=InnoDB DEFAULT CHARSET=utf8mb4 COLLATE=utf8mb4_unicode_ci;

-- --------------------------------------------------------

--
-- Table structure for table `favorites`
--

CREATE TABLE `favorites` (
  `id` bigint UNSIGNED NOT NULL,
  `user_id` bigint UNSIGNED DEFAULT NULL,
  `client_id` bigint UNSIGNED DEFAULT NULL,
  `favoritable_type` varchar(255) CHARACTER SET utf8mb4 COLLATE utf8mb4_unicode_ci NOT NULL,
  `favoritable_id` bigint UNSIGNED NOT NULL,
  `created_at` timestamp NULL DEFAULT NULL,
  `updated_at` timestamp NULL DEFAULT NULL
) ENGINE=InnoDB DEFAULT CHARSET=utf8mb4 COLLATE=utf8mb4_unicode_ci;

--
-- Dumping data for table `favorites`
--

INSERT INTO `favorites` (`id`, `user_id`, `client_id`, `favoritable_type`, `favoritable_id`, `created_at`, `updated_at`) VALUES
(1, 1, NULL, 'App\\Models\\Project', 8, '2025-02-03 03:31:31', '2025-02-03 03:31:31'),
(2, 1, NULL, 'App\\Models\\Task', 26, '2025-02-04 23:36:28', '2025-02-04 23:36:28'),
(3, 1, NULL, 'App\\Models\\Task', 20, '2025-02-04 23:36:32', '2025-02-04 23:36:32'),
(4, 1, NULL, 'App\\Models\\Task', 21, '2025-02-04 23:36:35', '2025-02-04 23:36:35'),
(5, 1, NULL, 'App\\Models\\Project', 14, '2025-02-06 06:24:15', '2025-02-06 06:24:15'),
(6, 1, NULL, 'App\\Models\\Project', 18, '2025-02-07 05:41:41', '2025-02-07 05:41:41'),
(7, 1, NULL, 'App\\Models\\Project', 15, '2025-02-07 05:41:42', '2025-02-07 05:41:42'),
(8, 1, NULL, 'App\\Models\\Task', 111, '2025-02-07 05:43:32', '2025-02-07 05:43:32'),
(9, 1, NULL, 'App\\Models\\Task', 108, '2025-02-07 05:43:35', '2025-02-07 05:43:35'),
(10, 1, NULL, 'App\\Models\\Task', 105, '2025-02-07 05:43:36', '2025-02-07 05:43:36'),
(11, 1, NULL, 'App\\Models\\Task', 71, '2025-02-07 05:43:40', '2025-02-07 05:43:40'),
(12, 1, NULL, 'App\\Models\\Task', 67, '2025-02-07 05:43:42', '2025-02-07 05:43:42'),
(13, 1, NULL, 'App\\Models\\Task', 66, '2025-02-07 05:43:43', '2025-02-07 05:43:43'),
(14, 1, NULL, 'App\\Models\\Task', 73, '2025-02-07 05:43:45', '2025-02-07 05:43:45'),
(15, 1, NULL, 'App\\Models\\Task', 72, '2025-02-07 05:43:46', '2025-02-07 05:43:46'),
(16, 1, NULL, 'App\\Models\\Task', 3, '2025-02-07 05:43:49', '2025-02-07 05:43:49'),
(17, 1, NULL, 'App\\Models\\Task', 1, '2025-02-07 05:43:50', '2025-02-07 05:43:50'),
(18, 1, NULL, 'App\\Models\\Task', 106, '2025-02-07 05:44:20', '2025-02-07 05:44:20'),
(19, 1, NULL, 'App\\Models\\Task', 107, '2025-02-07 05:44:21', '2025-02-07 05:44:21'),
(20, 1, NULL, 'App\\Models\\Task', 81, '2025-02-07 05:44:26', '2025-02-07 05:44:26'),
(21, 1, NULL, 'App\\Models\\Task', 79, '2025-02-07 05:44:27', '2025-02-07 05:44:27'),
(22, 1, NULL, 'App\\Models\\Task', 121, '2025-02-07 21:44:17', '2025-02-07 21:44:17'),
(23, 1, NULL, 'App\\Models\\Task', 119, '2025-02-07 21:44:22', '2025-02-07 21:44:22'),
(24, 1, NULL, 'App\\Models\\Task', 116, '2025-02-07 21:44:43', '2025-02-07 21:44:43'),
(25, 1, NULL, 'App\\Models\\Task', 129, '2025-02-08 04:13:43', '2025-02-08 04:13:43'),
(26, 1, NULL, 'App\\Models\\Task', 131, '2025-02-08 04:13:44', '2025-02-08 04:13:44'),
(27, 1, NULL, 'App\\Models\\Task', 132, '2025-02-08 04:13:45', '2025-02-08 04:13:45'),
(28, 1, NULL, 'App\\Models\\Task', 135, '2025-02-08 04:13:48', '2025-02-08 04:13:48'),
(29, 1, NULL, 'App\\Models\\Task', 127, '2025-02-08 04:26:15', '2025-02-08 04:26:15'),
(30, 1, NULL, 'App\\Models\\Task', 141, '2025-02-08 04:52:44', '2025-02-08 04:52:44'),
(31, 1, NULL, 'App\\Models\\Task', 140, '2025-02-08 04:52:45', '2025-02-08 04:52:45'),
(32, 1, NULL, 'App\\Models\\Task', 146, '2025-02-08 04:57:51', '2025-02-08 04:57:51'),
(33, 1, NULL, 'App\\Models\\Task', 171, '2025-02-10 00:18:13', '2025-02-10 00:18:13'),
(34, 1, NULL, 'App\\Models\\Task', 168, '2025-02-10 00:18:14', '2025-02-10 00:18:14'),
(35, 1, NULL, 'App\\Models\\Task', 167, '2025-02-10 00:18:15', '2025-02-10 00:18:15'),
(36, 1, NULL, 'App\\Models\\Task', 173, '2025-02-10 00:18:28', '2025-02-10 00:18:28');

-- --------------------------------------------------------

--
-- Table structure for table `fcm_tokens`
--

CREATE TABLE `fcm_tokens` (
  `id` bigint UNSIGNED NOT NULL,
  `user_id` bigint UNSIGNED DEFAULT NULL,
  `client_id` bigint UNSIGNED DEFAULT NULL,
  `fcm_token` varchar(255) CHARACTER SET utf8mb4 COLLATE utf8mb4_unicode_ci NOT NULL,
  `created_at` timestamp NULL DEFAULT NULL,
  `updated_at` timestamp NULL DEFAULT NULL
) ENGINE=InnoDB DEFAULT CHARSET=utf8mb4 COLLATE=utf8mb4_unicode_ci;

-- --------------------------------------------------------

--
-- Table structure for table `items`
--

CREATE TABLE `items` (
  `id` bigint UNSIGNED NOT NULL,
  `workspace_id` bigint UNSIGNED NOT NULL,
  `unit_id` bigint UNSIGNED DEFAULT NULL,
  `title` varchar(255) CHARACTER SET utf8mb4 COLLATE utf8mb4_unicode_ci NOT NULL,
  `price` double NOT NULL,
  `description` text CHARACTER SET utf8mb4 COLLATE utf8mb4_unicode_ci,
  `created_at` timestamp NULL DEFAULT NULL,
  `updated_at` timestamp NULL DEFAULT NULL
) ENGINE=InnoDB DEFAULT CHARSET=utf8mb4 COLLATE=utf8mb4_unicode_ci;

--
-- Dumping data for table `items`
--

INSERT INTO `items` (`id`, `workspace_id`, `unit_id`, `title`, `price`, `description`, `created_at`, `updated_at`) VALUES
(1, 1, 1, 'Page UI/UX', 500, 'For Home Page Degine Complete', '2025-02-04 03:45:21', '2025-02-04 03:54:55'),
(2, 1, 2, 'Server Setup', 100, 'Server Setup', '2025-02-04 03:54:29', '2025-02-04 03:54:29'),
(3, 1, 1, 'Page Development', 600, 'Page Development..', '2025-02-04 21:19:34', '2025-02-04 21:20:03'),
(4, 1, 4, 'App Development Estimate', 100, 'This is For Estimation of App Development', '2025-02-04 22:40:48', '2025-02-04 22:40:48'),
(5, 1, 5, 'Referal Feature', 200, 'This is Referal Feature', '2025-02-04 22:48:03', '2025-02-04 22:48:03'),
(6, 2, 6, 'Ai Plugin', 500, 'Plugin Development', '2025-02-05 01:41:32', '2025-02-05 01:41:32'),
(7, 2, 7, 'website Development', 800, NULL, '2025-02-05 01:46:12', '2025-02-05 01:46:12'),
(8, 1, 8, 'Construction Item', 500000, NULL, '2025-02-08 00:47:42', '2025-02-08 00:47:42'),
(9, 1, 5, 'AI Model Setup', 800, NULL, '2025-02-08 01:17:34', '2025-02-08 03:10:02'),
(10, 3, 9, '24 Hour Monetize', 500, NULL, '2025-02-10 21:45:29', '2025-02-10 21:45:29'),
(11, 3, 9, '24 Hour Ads Run', 30, NULL, '2025-02-10 21:47:45', '2025-02-10 21:47:45'),
(12, 3, 10, 'Digital Marketing Mastery Campaign', 5000, NULL, '2025-02-10 22:08:42', '2025-02-10 22:08:42');

-- --------------------------------------------------------

--
-- Table structure for table `languages`
--

CREATE TABLE `languages` (
  `id` bigint UNSIGNED NOT NULL,
  `name` varchar(255) CHARACTER SET utf8mb4 COLLATE utf8mb4_unicode_ci NOT NULL,
  `code` varchar(255) CHARACTER SET utf8mb4 COLLATE utf8mb4_unicode_ci NOT NULL,
  `created_at` timestamp NULL DEFAULT NULL,
  `updated_at` timestamp NULL DEFAULT NULL
) ENGINE=InnoDB DEFAULT CHARSET=utf8mb4 COLLATE=utf8mb4_unicode_ci;

--
-- Dumping data for table `languages`
--

INSERT INTO `languages` (`id`, `name`, `code`, `created_at`, `updated_at`) VALUES
(4, 'English', 'en', '2023-06-29 09:37:47', '2023-06-29 09:37:47'),
(30, 'Hindi', 'hn', '2024-04-09 04:12:36', '2024-04-09 04:12:36'),
(31, 'Amharic', 'am', '2024-04-10 01:32:04', '2024-04-10 01:32:04'),
(32, 'Korean', 'ko', '2024-04-10 04:00:08', '2024-04-10 04:00:08'),
(33, 'Vietnamese', 'vn', '2024-04-10 04:45:26', '2024-04-10 04:45:26'),
(34, 'Portuguese', 'pt', '2024-04-10 23:11:05', '2024-04-10 23:11:05'),
(35, 'Espaol', 'es', '2024-04-11 05:03:18', '2024-04-11 05:03:18'),
(36, 'Franais', 'fr', '2024-04-11 05:07:52', '2024-04-11 05:07:52'),
(37, 'Arabic', 'ar', '2024-04-11 05:37:27', '2024-04-11 05:37:27'),
(38, 'Dutch', 'nl', '2024-04-11 05:44:31', '2024-04-11 05:44:31'),
(39, 'Turkish', 'tr', '2024-04-11 05:52:41', '2024-04-11 05:52:41'),
(40, 'Indonesia', 'Ina', '2024-04-11 05:57:20', '2024-04-11 05:57:20'),
(41, 'Thai', 'TH', '2024-04-11 06:01:59', '2024-04-11 06:01:59'),
(42, 'Hrvatski', 'hr', '2024-04-11 06:06:25', '2024-04-11 06:06:25'),
(43, 'Italian', 'it', '2024-04-11 06:16:08', '2024-04-11 06:16:08');

-- --------------------------------------------------------

--
-- Table structure for table `leave_editors`
--

CREATE TABLE `leave_editors` (
  `id` bigint UNSIGNED NOT NULL,
  `user_id` bigint UNSIGNED NOT NULL,
  `created_at` timestamp NULL DEFAULT NULL,
  `updated_at` timestamp NULL DEFAULT NULL
) ENGINE=InnoDB DEFAULT CHARSET=utf8mb4 COLLATE=utf8mb4_unicode_ci;

-- --------------------------------------------------------

--
-- Table structure for table `leave_requests`
--

CREATE TABLE `leave_requests` (
  `id` bigint UNSIGNED NOT NULL,
  `user_id` bigint UNSIGNED NOT NULL,
  `workspace_id` bigint UNSIGNED NOT NULL,
  `from_date` date NOT NULL,
  `to_date` date NOT NULL,
  `from_time` time DEFAULT NULL,
  `to_time` time DEFAULT NULL,
  `reason` text CHARACTER SET utf8mb4 COLLATE utf8mb4_unicode_ci NOT NULL,
  `status` enum('pending','approved','rejected') CHARACTER SET utf8mb4 COLLATE utf8mb4_unicode_ci NOT NULL DEFAULT 'pending',
  `visible_to_all` tinyint NOT NULL DEFAULT '0',
  `action_by` bigint UNSIGNED DEFAULT NULL,
  `comment` text CHARACTER SET utf8mb4 COLLATE utf8mb4_unicode_ci COMMENT 'For admin and leave editor',
  `created_at` timestamp NULL DEFAULT NULL,
  `updated_at` timestamp NULL DEFAULT NULL
) ENGINE=InnoDB DEFAULT CHARSET=utf8mb4 COLLATE=utf8mb4_unicode_ci;

--
-- Dumping data for table `leave_requests`
--

INSERT INTO `leave_requests` (`id`, `user_id`, `workspace_id`, `from_date`, `to_date`, `from_time`, `to_time`, `reason`, `status`, `visible_to_all`, `action_by`, `comment`, `created_at`, `updated_at`) VALUES
(1, 3, 1, '2025-01-30', '2025-01-31', NULL, NULL, 'Going To Out of Town', 'approved', 0, 1, 'Travel Safely', '2025-02-04 05:18:14', '2025-02-04 05:18:57'),
(2, 4, 1, '2025-02-08', '2025-02-08', NULL, NULL, 'Going to Out Of Town', 'pending', 1, NULL, NULL, '2025-02-08 01:43:10', '2025-02-08 01:43:10'),
(3, 4, 1, '2025-03-19', '2025-03-21', NULL, NULL, 'Personal Reason', 'pending', 0, NULL, NULL, '2025-02-08 01:44:27', '2025-02-08 01:44:27'),
(4, 5, 1, '2025-02-20', '2025-02-25', NULL, NULL, 'Going to Germany(Dutchland) for Family Event', 'approved', 1, 1, 'Enjoy ! Travel Safely !', '2025-02-08 01:49:22', '2025-02-08 02:30:34'),
(5, 6, 1, '2025-02-10', '2025-02-11', NULL, NULL, 'Health is not Well', 'approved', 1, 1, 'Take Rest', '2025-02-08 01:51:29', '2025-02-08 02:29:11'),
(6, 6, 1, '2025-02-27', '2025-02-27', NULL, NULL, 'To Attend the Marriage..', 'approved', 0, 1, 'Enjoy!', '2025-02-08 01:52:48', '2025-02-08 02:28:46'),
(7, 7, 1, '2025-02-19', '2025-02-19', NULL, NULL, 'Health is Not Well !', 'approved', 0, 1, 'Ok, Take Rest', '2025-02-08 01:55:13', '2025-02-08 02:28:16'),
(8, 8, 1, '2025-02-25', '2025-02-25', NULL, NULL, 'Family Meeting', 'approved', 0, 1, NULL, '2025-02-08 02:00:39', '2025-02-08 02:27:25'),
(9, 9, 1, '2025-02-01', '2025-02-01', NULL, NULL, 'Going to Sydney', 'approved', 0, 1, 'Travel Safely', '2025-02-08 02:08:33', '2025-02-08 02:27:03'),
(10, 11, 1, '2025-02-08', '2025-02-08', NULL, NULL, 'Going to Out of Town', 'approved', 0, 1, NULL, '2025-02-08 02:09:46', '2025-02-08 02:24:48'),
(11, 31, 1, '2025-02-18', '2025-02-19', NULL, NULL, 'Going to Out of State', 'rejected', 1, 1, 'We have Important Meeting! Sorry to Reject!', '2025-02-08 02:13:21', '2025-02-08 02:24:28'),
(12, 20, 1, '2025-02-12', '2025-02-27', NULL, NULL, 'Visiting the Maha kumbh Mela in India', 'approved', 0, 1, 'Congratulations For visiting the great event !', '2025-02-08 02:21:31', '2025-02-08 02:23:28'),
(13, 29, 1, '2025-02-14', '2025-02-14', NULL, NULL, 'Going to Morning Ceremony', 'pending', 0, NULL, NULL, '2025-02-08 03:05:25', '2025-02-08 03:05:25'),
(14, 1, 3, '2025-02-11', '2025-02-11', NULL, NULL, 'Out Of Town', 'approved', 1, 1, NULL, '2025-02-10 22:14:20', '2025-02-10 22:14:20'),
(15, 33, 3, '2025-02-12', '2025-02-12', '09:17:00', '15:02:00', 'Going to Out Of Town', 'pending', 1, NULL, NULL, '2025-02-10 22:18:13', '2025-02-10 22:18:41'),
(16, 34, 3, '2025-02-21', '2025-02-21', NULL, NULL, 'Health is Not well', 'approved', 0, 1, NULL, '2025-02-10 22:21:42', '2025-02-10 22:22:05');

-- --------------------------------------------------------

--
-- Table structure for table `leave_request_visibility`
--

CREATE TABLE `leave_request_visibility` (
  `id` bigint UNSIGNED NOT NULL,
  `leave_request_id` bigint UNSIGNED DEFAULT NULL,
  `user_id` bigint UNSIGNED DEFAULT NULL,
  `created_at` timestamp NULL DEFAULT CURRENT_TIMESTAMP,
  `updated_at` timestamp NULL DEFAULT CURRENT_TIMESTAMP ON UPDATE CURRENT_TIMESTAMP
) ENGINE=InnoDB DEFAULT CHARSET=utf8mb4 COLLATE=utf8mb4_unicode_ci;

--
-- Dumping data for table `leave_request_visibility`
--

INSERT INTO `leave_request_visibility` (`id`, `leave_request_id`, `user_id`, `created_at`, `updated_at`) VALUES
(1, 3, 30, '2025-02-08 07:14:27', '2025-02-08 07:14:27'),
(2, 3, 20, '2025-02-08 07:14:27', '2025-02-08 07:14:27'),
(3, 3, 6, '2025-02-08 07:14:27', '2025-02-08 07:14:27'),
(4, 3, 11, '2025-02-08 07:14:27', '2025-02-08 07:14:27'),
(5, 8, 7, '2025-02-08 07:30:39', '2025-02-08 07:30:39'),
(6, 8, 19, '2025-02-08 07:30:39', '2025-02-08 07:30:39'),
(7, 8, 16, '2025-02-08 07:30:39', '2025-02-08 07:30:39'),
(8, 8, 17, '2025-02-08 07:30:39', '2025-02-08 07:30:39'),
(9, 10, 7, '2025-02-08 07:39:46', '2025-02-08 07:39:46'),
(10, 12, 2, '2025-02-08 07:51:31', '2025-02-08 07:51:31'),
(11, 12, 3, '2025-02-08 07:51:31', '2025-02-08 07:51:31'),
(12, 12, 5, '2025-02-08 07:51:31', '2025-02-08 07:51:31'),
(13, 12, 7, '2025-02-08 07:51:31', '2025-02-08 07:51:31'),
(14, 12, 8, '2025-02-08 07:51:31', '2025-02-08 07:51:31'),
(15, 12, 14, '2025-02-08 07:51:31', '2025-02-08 07:51:31'),
(16, 12, 16, '2025-02-08 07:51:31', '2025-02-08 07:51:31'),
(17, 16, 33, '2025-02-11 03:51:42', '2025-02-11 03:51:42'),
(18, 16, 32, '2025-02-11 03:51:42', '2025-02-11 03:51:42');

-- --------------------------------------------------------

--
-- Table structure for table `media`
--

CREATE TABLE `media` (
  `id` bigint UNSIGNED NOT NULL,
  `model_type` varchar(255) CHARACTER SET utf8mb4 COLLATE utf8mb4_unicode_ci NOT NULL,
  `model_id` bigint UNSIGNED NOT NULL,
  `uuid` char(36) CHARACTER SET utf8mb4 COLLATE utf8mb4_unicode_ci DEFAULT NULL,
  `collection_name` varchar(255) CHARACTER SET utf8mb4 COLLATE utf8mb4_unicode_ci NOT NULL,
  `name` varchar(255) CHARACTER SET utf8mb4 COLLATE utf8mb4_unicode_ci NOT NULL,
  `file_name` varchar(255) CHARACTER SET utf8mb4 COLLATE utf8mb4_unicode_ci NOT NULL,
  `mime_type` varchar(255) CHARACTER SET utf8mb4 COLLATE utf8mb4_unicode_ci DEFAULT NULL,
  `disk` varchar(255) CHARACTER SET utf8mb4 COLLATE utf8mb4_unicode_ci NOT NULL,
  `conversions_disk` varchar(255) CHARACTER SET utf8mb4 COLLATE utf8mb4_unicode_ci DEFAULT NULL,
  `size` bigint UNSIGNED NOT NULL,
  `manipulations` longtext CHARACTER SET utf8mb4 COLLATE utf8mb4_bin NOT NULL,
  `custom_properties` longtext CHARACTER SET utf8mb4 COLLATE utf8mb4_bin NOT NULL,
  `generated_conversions` longtext CHARACTER SET utf8mb4 COLLATE utf8mb4_bin NOT NULL,
  `responsive_images` longtext CHARACTER SET utf8mb4 COLLATE utf8mb4_bin NOT NULL,
  `order_column` int UNSIGNED DEFAULT NULL,
  `created_at` timestamp NULL DEFAULT NULL,
  `updated_at` timestamp NULL DEFAULT NULL
) ENGINE=InnoDB DEFAULT CHARSET=utf8mb4 COLLATE=utf8mb4_unicode_ci;

-- --------------------------------------------------------

--
-- Table structure for table `meetings`
--

CREATE TABLE `meetings` (
  `id` bigint UNSIGNED NOT NULL,
  `workspace_id` bigint UNSIGNED NOT NULL,
  `user_id` varchar(255) CHARACTER SET utf8mb4 COLLATE utf8mb4_unicode_ci NOT NULL,
  `title` varchar(255) CHARACTER SET utf8mb4 COLLATE utf8mb4_unicode_ci NOT NULL,
  `start_date_time` timestamp NULL DEFAULT NULL,
  `end_date_time` timestamp NULL DEFAULT NULL,
  `created_at` timestamp NULL DEFAULT NULL,
  `updated_at` timestamp NULL DEFAULT NULL
) ENGINE=InnoDB DEFAULT CHARSET=utf8mb4 COLLATE=utf8mb4_unicode_ci;

--
-- Dumping data for table `meetings`
--

INSERT INTO `meetings` (`id`, `workspace_id`, `user_id`, `title`, `start_date_time`, `end_date_time`, `created_at`, `updated_at`) VALUES
(1, 1, '1', 'Project Planning & Requirement Gathering', '2030-02-06 06:30:00', '2030-03-16 08:30:00', '2025-02-04 00:59:55', '2025-02-07 05:07:59'),
(2, 1, '1', 'Degine Discussion Meeting', '2025-02-04 03:30:00', '2025-02-04 04:30:00', '2025-02-04 02:02:35', '2025-02-04 02:02:35'),
(3, 2, '1', 'Planing with Client', '2025-02-04 18:35:00', '2025-02-05 06:35:00', '2025-02-05 01:06:16', '2025-02-05 01:06:16'),
(4, 1, '1', 'Education and Training ( Project meeting)', '2027-02-23 16:30:00', '2027-02-23 17:30:00', '2025-02-07 22:11:51', '2025-02-07 22:11:51'),
(5, 1, '1', 'Local Community Health Camp Meeting', '2025-02-08 03:45:00', '2025-02-07 19:31:00', '2025-02-07 22:19:42', '2025-02-07 22:19:42'),
(6, 1, '1', 'Luxury Villa Construction Project Metting', '2027-02-08 03:30:00', '2027-02-08 04:30:00', '2025-02-07 22:23:11', '2025-02-07 22:23:11'),
(7, 3, '1', 'Digital Marketing Mastery Campaign Meeting', '2026-02-06 04:30:00', '2026-02-06 10:03:00', '2025-02-10 04:34:04', '2025-02-10 04:34:51'),
(8, 3, '1', 'Customer Loyalty Rewards Program', '2025-05-22 09:33:00', '2025-05-22 11:33:00', '2025-02-10 04:35:09', '2025-02-10 04:41:02'),
(9, 3, '1', 'Sustainable Product Launch Strategy', '2025-02-13 04:30:00', '2025-02-13 05:30:00', '2025-02-10 04:38:44', '2025-02-10 04:39:43'),
(10, 3, '1', 'Brand Revitalization Campaign', '2025-02-03 04:30:00', '2025-02-10 10:03:00', '2025-02-10 04:38:56', '2025-02-10 04:42:45'),
(11, 2, '1', 'Smart Healthcare Monitoring System Meeting', '2026-01-29 18:35:00', '2026-01-30 06:35:00', '2025-02-10 21:29:19', '2025-02-10 21:32:41'),
(12, 2, '1', 'AI-Powered Content Generator Plugin Meeting', '2026-02-06 18:35:00', '2026-02-07 07:35:00', '2025-02-10 21:29:36', '2025-02-10 21:30:54'),
(13, 2, '1', 'Payment Meeting', '2025-02-04 18:35:00', '2025-02-05 06:35:00', '2025-02-10 21:29:52', '2025-02-10 21:29:52');

-- --------------------------------------------------------

--
-- Table structure for table `meeting_user`
--

CREATE TABLE `meeting_user` (
  `id` bigint UNSIGNED NOT NULL,
  `meeting_id` bigint UNSIGNED NOT NULL,
  `user_id` bigint UNSIGNED NOT NULL
) ENGINE=InnoDB DEFAULT CHARSET=utf8mb4 COLLATE=utf8mb4_unicode_ci;

--
-- Dumping data for table `meeting_user`
--

INSERT INTO `meeting_user` (`id`, `meeting_id`, `user_id`) VALUES
(1, 1, 1),
(2, 1, 7),
(3, 2, 1),
(4, 2, 2),
(5, 2, 7),
(6, 3, 1),
(7, 3, 9),
(8, 3, 10),
(9, 4, 1),
(10, 4, 16),
(11, 4, 19),
(12, 5, 1),
(13, 5, 16),
(14, 6, 1),
(15, 6, 11),
(16, 7, 1),
(17, 7, 32),
(18, 7, 33),
(19, 8, 1),
(20, 8, 32),
(21, 8, 33),
(29, 8, 37),
(22, 9, 1),
(23, 9, 32),
(24, 9, 33),
(28, 9, 35),
(25, 10, 1),
(26, 10, 32),
(27, 10, 33),
(30, 11, 1),
(31, 11, 9),
(32, 11, 10),
(33, 12, 1),
(35, 12, 10),
(36, 13, 1),
(37, 13, 9),
(38, 13, 10);

-- --------------------------------------------------------

--
-- Table structure for table `menu_orders`
--

CREATE TABLE `menu_orders` (
  `id` bigint UNSIGNED NOT NULL,
  `user_id` bigint UNSIGNED DEFAULT NULL,
  `client_id` bigint UNSIGNED DEFAULT NULL,
  `menu_order` longtext CHARACTER SET utf8mb4 COLLATE utf8mb4_bin,
  `created_at` timestamp NOT NULL DEFAULT CURRENT_TIMESTAMP,
  `updated_at` timestamp NULL DEFAULT CURRENT_TIMESTAMP
) ENGINE=InnoDB DEFAULT CHARSET=utf8mb4 COLLATE=utf8mb4_unicode_ci;

-- --------------------------------------------------------

--
-- Table structure for table `migrations`
--

CREATE TABLE `migrations` (
  `id` int UNSIGNED NOT NULL,
  `migration` varchar(255) CHARACTER SET utf8mb4 COLLATE utf8mb4_unicode_ci NOT NULL,
  `batch` int NOT NULL
) ENGINE=InnoDB DEFAULT CHARSET=utf8mb4 COLLATE=utf8mb4_unicode_ci;

--
-- Dumping data for table `migrations`
--

INSERT INTO `migrations` (`id`, `migration`, `batch`) VALUES
(1, '2014_10_12_000000_create_users_table', 1),
(2, '2014_10_12_100000_create_password_resets_table', 1),
(3, '2019_08_19_000000_create_failed_jobs_table', 1),
(4, '2019_12_14_000001_create_personal_access_tokens_table', 1),
(5, '2023_01_05_044027_create_clients_table', 2),
(6, '2023_01_09_041709_create_projects_table', 3),
(7, '2023_01_12_095035_create_tasks_table', 4),
(8, '2023_01_25_061517_create_project_user_table', 5),
(9, '2023_01_27_044336_create_project_client_table', 6),
(10, '2023_01_30_050742_create_task_user_table', 7),
(11, '2023_01_30_060853_create_task_user_table', 8),
(12, '2023_03_02_051733_create_todo_table', 9),
(13, '2023_03_06_043616_create_status_table', 9),
(14, '2023_03_14_045106_create_permission_tables', 10),
(15, '2023_06_14_074411_create_settings_table', 11),
(16, '2023_06_15_074941_create_meetings_table', 12),
(19, '2023_06_15_073618_create_meeting_users_table', 13),
(21, '2023_06_15_074054_create_meeting_clients_table', 14),
(22, '2023_06_15_111007_create_meetings_table', 15),
(23, '2023_06_15_121717_create_meeting_user_table', 16),
(24, '2023_06_15_121752_create_client_meeting_table', 16),
(25, '2023_06_16_999999_add_active_status_to_users', 17),
(26, '2023_06_16_999999_add_avatar_to_users', 17),
(27, '2023_06_16_999999_add_dark_mode_to_users', 17),
(28, '2023_06_16_999999_add_messenger_color_to_users', 17),
(29, '2023_06_16_999999_create_chatify_favorites_table', 17),
(30, '2023_06_16_999999_create_chatify_messages_table', 17),
(34, '2023_06_16_132714_create_workspaces_table', 18),
(36, '2023_06_16_133749_create_workspace_client_table', 18),
(37, '2023_06_16_133505_create_workspace_user_table', 19),
(39, '2023_06_19_100748_alter_projects_table_add_column_workspace_id', 20),
(40, '2023_06_19_111816_alter_projects_table_add_column_created_by', 21),
(41, '2023_06_19_124749_alter_tasks_table_add_columns', 22),
(42, '2023_06_19_134537_alter_meeting_and_todo_tables_add_columns', 23),
(44, '2023_06_20_152434_alter_ch_messages_add_column_workspace_id', 24),
(45, '2023_06_24_162358_alter_ch_messages_add_column_workspace_id', 25),
(46, '2023_06_28_101921_alter_ch_favorites_table_add_column_workspace_id', 25),
(47, '2023_06_29_105758_create_languages_table', 26),
(48, '2023_08_22_124156_create_tags_table', 27),
(49, '2023_08_22_175355_create_project_tags_table', 28),
(50, '2023_08_22_180431_create_project_tag_table', 29),
(51, '2023_08_22_181203_create_project_tag_table', 30),
(52, '2023_08_24_050550_create_project_tag_table', 31),
(53, '2023_09_11_140028_create_todos_table', 32),
(54, '2023_09_11_085224_create_todos_table', 33),
(55, '2023_09_19_063727_create_leave_requests_table', 34),
(56, '2023_09_19_134017_create_leave_editors_table', 35),
(59, '2023_09_20_124013_create_contract_types_table', 36),
(60, '2023_09_20_123424_create_contracts_table', 37),
(61, '2023_09_25_084705_create_payment_methods_table', 38),
(62, '2023_09_25_070729_create_payslips_table', 39),
(63, '2023_09_25_094532_create_allowances_table', 40),
(64, '2023_09_25_094632_create_deductions_table', 40),
(65, '2023_09_27_124345_create_allowance_payslip_table', 41),
(66, '2023_09_27_124747_create_deduction_payslip_table', 41),
(67, '2023_09_29_131131_create_notes_table', 42),
(68, '2023_10_03_115025_create_updates_table', 43),
(69, '2023_10_03_115438_create_updates_table', 44),
(70, '2023_12_18_100056_create_time_trackers_table', 45),
(71, '2023_12_19_044413_create_time_trackers_table', 46),
(74, '2023_12_19_065522_create_time_trackers_table', 47),
(75, '2024_01_17_121328_create_media_table', 48),
(76, '2024_01_24_135513_create_activity_logs_table', 49),
(77, '2024_01_29_135126_create_taxes_table', 50),
(78, '2024_01_30_070848_create_units_table', 51),
(79, '2024_01_31_045129_create_items_table', 52),
(80, '2024_02_02_142029_create_estimates_invoices_table', 53),
(81, '2024_02_02_162343_create_estimates_invoice_item_table', 53),
(82, '2024_02_12_093738_create_expense_types_table', 54),
(83, '2024_02_12_094118_create_expenses_table', 54),
(84, '2024_02_16_043457_create_payments_table', 55),
(85, '2024_02_26_101512_create_milestones_table', 56),
(87, '2024_03_05_074505_create_notifications_table', 57),
(88, '2024_03_05_092120_create_client_notifications_table', 57),
(89, '2024_03_05_092139_create_notification_user_table', 57),
(91, '2024_03_11_120312_create_templates_table', 58),
(92, '2024_04_13_142557_create_priorities_table', 59),
(93, '2024_04_29_122911_create_role_status_table', 60),
(94, '2024_05_02_074714_create_leave_request_visibility_table', 61),
(95, '2024_05_17_054155_create_user_client_preferences_table', 62),
(96, '2024_07_09_100000_create_comments_table', 63),
(97, '2024_08_09_090054_create_comment_attachments_table', 63),
(98, '2024_10_09_050915_create_menu_orders_table', 63),
(99, '2024_10_21_132437_create_fcm_tokens_table', 63),
(100, '2024_11_28_055136_create_favorites_table', 64),
(101, '2024_11_30_044132_create_pinned_table', 64),
(102, '2025_01_24_042906_create_status_timelines_table', 65),
(103, '2025_01_25_055631_create_reminders_table', 66),
(104, '2025_01_16_085659_create_recuring_tasks', 67),
(105, '2025_02_11_053441_add_parent_id_to_tasks_table', 68);

-- --------------------------------------------------------

--
-- Table structure for table `milestones`
--

CREATE TABLE `milestones` (
  `id` bigint UNSIGNED NOT NULL,
  `workspace_id` bigint UNSIGNED NOT NULL,
  `project_id` bigint UNSIGNED NOT NULL,
  `title` varchar(255) CHARACTER SET utf8mb4 COLLATE utf8mb4_unicode_ci NOT NULL,
  `status` varchar(255) CHARACTER SET utf8mb4 COLLATE utf8mb4_unicode_ci NOT NULL,
  `start_date` date DEFAULT NULL,
  `end_date` date DEFAULT NULL,
  `cost` double NOT NULL,
  `progress` double NOT NULL DEFAULT '0',
  `description` longtext CHARACTER SET utf8mb4 COLLATE utf8mb4_unicode_ci,
  `created_by` varchar(56) CHARACTER SET utf8mb4 COLLATE utf8mb4_unicode_ci NOT NULL,
  `created_at` timestamp NULL DEFAULT NULL,
  `updated_at` timestamp NULL DEFAULT NULL
) ENGINE=InnoDB DEFAULT CHARSET=utf8mb4 COLLATE=utf8mb4_unicode_ci;

-- --------------------------------------------------------

--
-- Table structure for table `model_has_permissions`
--

CREATE TABLE `model_has_permissions` (
  `permission_id` bigint UNSIGNED NOT NULL,
  `model_type` varchar(191) CHARACTER SET utf8mb4 COLLATE utf8mb4_unicode_ci NOT NULL,
  `model_id` bigint UNSIGNED NOT NULL
) ENGINE=InnoDB DEFAULT CHARSET=utf8mb4 COLLATE=utf8mb4_unicode_ci;

-- --------------------------------------------------------

--
-- Table structure for table `model_has_roles`
--

CREATE TABLE `model_has_roles` (
  `role_id` bigint UNSIGNED NOT NULL,
  `model_type` varchar(191) CHARACTER SET utf8mb4 COLLATE utf8mb4_unicode_ci NOT NULL,
  `model_id` bigint UNSIGNED NOT NULL
) ENGINE=InnoDB DEFAULT CHARSET=utf8mb4 COLLATE=utf8mb4_unicode_ci;

--
-- Dumping data for table `model_has_roles`
--

INSERT INTO `model_has_roles` (`role_id`, `model_type`, `model_id`) VALUES
(21, 'App\\Models\\Client', 1),
(1, 'App\\Models\\User', 1),
(21, 'App\\Models\\Client', 2),
(26, 'App\\Models\\User', 2),
(21, 'App\\Models\\Client', 3),
(25, 'App\\Models\\User', 3),
(21, 'App\\Models\\Client', 4),
(28, 'App\\Models\\User', 4),
(21, 'App\\Models\\Client', 5),
(29, 'App\\Models\\User', 5),
(21, 'App\\Models\\Client', 6),
(27, 'App\\Models\\User', 6),
(21, 'App\\Models\\Client', 7),
(9, 'App\\Models\\User', 7),
(21, 'App\\Models\\Client', 8),
(30, 'App\\Models\\User', 8),
(21, 'App\\Models\\Client', 9),
(31, 'App\\Models\\User', 9),
(21, 'App\\Models\\Client', 10),
(9, 'App\\Models\\User', 10),
(33, 'App\\Models\\User', 11),
(32, 'App\\Models\\User', 12),
(34, 'App\\Models\\User', 13),
(35, 'App\\Models\\User', 14),
(36, 'App\\Models\\User', 15),
(37, 'App\\Models\\User', 16),
(38, 'App\\Models\\User', 17),
(39, 'App\\Models\\User', 18),
(40, 'App\\Models\\User', 19),
(41, 'App\\Models\\User', 20),
(42, 'App\\Models\\User', 29),
(42, 'App\\Models\\User', 30),
(42, 'App\\Models\\User', 31),
(9, 'App\\Models\\User', 32),
(40, 'App\\Models\\User', 33),
(33, 'App\\Models\\User', 34),
(43, 'App\\Models\\User', 35),
(43, 'App\\Models\\User', 36),
(43, 'App\\Models\\User', 37),
(43, 'App\\Models\\User', 38),
(43, 'App\\Models\\User', 39),
(43, 'App\\Models\\User', 40),
(43, 'App\\Models\\User', 41);

-- --------------------------------------------------------

--
-- Table structure for table `notes`
--

CREATE TABLE `notes` (
  `id` bigint UNSIGNED NOT NULL,
  `workspace_id` bigint UNSIGNED NOT NULL,
  `creator_id` varchar(255) CHARACTER SET utf8mb4 COLLATE utf8mb4_unicode_ci NOT NULL,
  `title` varchar(255) CHARACTER SET utf8mb4 COLLATE utf8mb4_unicode_ci NOT NULL,
  `description` text CHARACTER SET utf8mb4 COLLATE utf8mb4_unicode_ci,
  `color` varchar(255) CHARACTER SET utf8mb4 COLLATE utf8mb4_unicode_ci NOT NULL,
  `created_at` timestamp NULL DEFAULT NULL,
  `updated_at` timestamp NULL DEFAULT NULL
) ENGINE=InnoDB DEFAULT CHARSET=utf8mb4 COLLATE=utf8mb4_unicode_ci;

--
-- Dumping data for table `notes`
--

INSERT INTO `notes` (`id`, `workspace_id`, `creator_id`, `title`, `description`, `color`, `created_at`, `updated_at`) VALUES
(1, 1, 'u_1', 'To Complete Elon Musk\'s Website', '<ul>\r\n<li>Need to finish the landing page design and add contact forms.</li>\r\n</ul>', 'warning', '2025-02-04 05:43:31', '2025-02-04 05:43:31'),
(2, 1, 'u_1', 'Review Team Meeting Notes', '<p>Go through sprint planning points and assign tasks</p>', 'warning', '2025-02-04 05:45:04', '2025-02-04 05:45:04'),
(3, 1, 'u_1', 'Urgent: Server Maintenance', '<p>Schedule downtime for database updates</p>', 'danger', '2025-02-04 05:45:31', '2025-02-04 05:45:31'),
(4, 1, 'u_1', 'Client Follow-up', '<ul>\r\n<li>Send project status update to client.</li>\r\n</ul>', 'info', '2025-02-04 05:46:09', '2025-02-04 05:46:09'),
(5, 1, 'u_1', 'Update Documentation', '<ul>\r\n<li>Add new API endpoints to the docs</li>\r\n</ul>', 'info', '2025-02-04 05:46:35', '2025-02-04 05:46:35'),
(6, 1, 'u_1', 'Team Training Session', '<p>Prepare materials for React advanced concepts training</p>', 'info', '2025-02-04 05:47:03', '2025-02-04 05:47:03'),
(7, 1, 'u_1', 'Critical: Security Update', '<p>Apply latest security patches to all production servers</p>', 'danger', '2025-02-04 05:47:21', '2025-02-04 05:47:21'),
(8, 1, 'u_1', 'Weekly Report Due', '<p>Compile sprint metrics and team progress updates</p>', 'warning', '2025-02-04 05:47:42', '2025-02-04 05:47:42'),
(9, 1, 'u_1', 'Database Backup Check', '<p>Verify automated backup systems are working correctly</p>', 'info', '2025-02-04 05:48:46', '2025-02-04 05:48:46');

-- --------------------------------------------------------

--
-- Table structure for table `notifications`
--

CREATE TABLE `notifications` (
  `id` bigint UNSIGNED NOT NULL,
  `workspace_id` bigint UNSIGNED NOT NULL,
  `from_id` varchar(255) CHARACTER SET utf8mb4 COLLATE utf8mb4_unicode_ci NOT NULL,
  `type` varchar(255) CHARACTER SET utf8mb4 COLLATE utf8mb4_unicode_ci NOT NULL,
  `type_id` bigint UNSIGNED NOT NULL,
  `action` varchar(255) CHARACTER SET utf8mb4 COLLATE utf8mb4_unicode_ci NOT NULL,
  `title` varchar(255) CHARACTER SET utf8mb4 COLLATE utf8mb4_unicode_ci NOT NULL,
  `message` varchar(255) CHARACTER SET utf8mb4 COLLATE utf8mb4_unicode_ci NOT NULL,
  `created_at` timestamp NULL DEFAULT NULL,
  `updated_at` timestamp NULL DEFAULT NULL
) ENGINE=InnoDB DEFAULT CHARSET=utf8mb4 COLLATE=utf8mb4_unicode_ci;

--
-- Dumping data for table `notifications`
--

INSERT INTO `notifications` (`id`, `workspace_id`, `from_id`, `type`, `type_id`, `action`, `title`, `message`, `created_at`, `updated_at`) VALUES
(2, 1, 'u_1', 'task', 1, 'assigned', 'New Task Assigned', 'Sarah Adams assigned you new task: Design new homepage layout, ID:#1.', '2025-02-03 02:15:57', '2025-02-03 02:15:57'),
(3, 1, 'u_1', 'task', 1, 'status_updated', 'Task Status Updated', 'Sarah Adams has updated the status of task Design new homepage layout, ID:#1, from Default to Not Started.', '2025-02-03 02:16:35', '2025-02-03 02:16:35'),
(4, 1, 'u_1', 'task', 2, 'assigned', 'New Task Assigned', 'Sarah Adams assigned you new task: Implement Responsive Design, ID:#2.', '2025-02-03 02:25:11', '2025-02-03 02:25:11'),
(5, 1, 'u_1', 'project', 1, 'assigned', 'New Project Assigned', 'Sarah Adams assigned you new project: Website Redesign, ID:#1.', '2025-02-03 02:28:21', '2025-02-03 02:28:21'),
(7, 1, 'u_1', 'project', 8, 'assigned', 'New Project Assigned', 'Sarah Adams assigned you new project: Ecommerce Web Developement, ID:#8.', '2025-02-03 03:18:36', '2025-02-03 03:18:36'),
(8, 1, 'u_1', 'project', 8, 'assigned', 'New Project Assigned', 'Sarah Adams assigned you new project: Ecommerce Web Developement, ID:#8.', '2025-02-03 03:24:51', '2025-02-03 03:24:51'),
(9, 1, 'u_1', 'task', 3, 'assigned', 'New Task Assigned', 'Sarah Adams assigned you new task: Home Page Degine, ID:#3.', '2025-02-03 03:30:11', '2025-02-03 03:30:11'),
(10, 1, 'u_1', 'task', 4, 'assigned', 'New Task Assigned', 'Sarah Adams assigned you new task: Category Page Degine, ID:#4.', '2025-02-03 03:40:38', '2025-02-03 03:40:38'),
(11, 1, 'u_1', 'task', 4, 'assigned', 'New Task Assigned', 'Sarah Adams assigned you new task: Category Page Degine, ID:#4.', '2025-02-03 03:40:50', '2025-02-03 03:40:50'),
(12, 1, 'u_1', 'task', 3, 'assigned', 'New Task Assigned', 'Sarah Adams assigned you new task: Home Page Degine, ID:#3.', '2025-02-03 03:41:19', '2025-02-03 03:41:19'),
(13, 1, 'u_1', 'task', 3, 'status_updated', 'Task Status Updated', 'Sarah Adams has updated the status of task Home Page Degine, ID:#3, from Not Started to Deferred.', '2025-02-03 03:47:15', '2025-02-03 03:47:15'),
(14, 1, 'u_1', 'task', 3, 'status_updated', 'Task Status Updated', 'Sarah Adams has updated the status of task Home Page Degine, ID:#3, from Deferred to Not Started.', '2025-02-03 03:47:17', '2025-02-03 03:47:17'),
(15, 1, 'u_1', 'task', 5, 'assigned', 'New Task Assigned', 'Sarah Adams assigned you new task: Products Page, ID:#5.', '2025-02-03 03:54:08', '2025-02-03 03:54:08'),
(16, 1, 'u_1', 'task', 6, 'assigned', 'New Task Assigned', 'Sarah Adams assigned you new task: Cart Page Degine, ID:#6.', '2025-02-03 21:37:51', '2025-02-03 21:37:51'),
(17, 1, 'u_1', 'task', 4, 'status_updated', 'Task Status Updated', 'Sarah Adams has updated the status of task Category Page Degine, ID:#4, from Default to Not Started.', '2025-02-03 21:39:05', '2025-02-03 21:39:05'),
(18, 1, 'u_1', 'task', 5, 'status_updated', 'Task Status Updated', 'Sarah Adams has updated the status of task Products Page Degine, ID:#5, from Default to Not Started.', '2025-02-03 21:39:11', '2025-02-03 21:39:11'),
(19, 1, 'u_1', 'task', 7, 'assigned', 'New Task Assigned', 'Sarah Adams assigned you new task: Profile Page Degine, ID:#7.', '2025-02-03 21:41:15', '2025-02-03 21:41:15'),
(20, 1, 'u_1', 'task', 7, 'status_updated', 'Task Status Updated', 'Sarah Adams has updated the status of task Profile Page Degine, ID:#7, from Default to Not Started.', '2025-02-03 21:43:08', '2025-02-03 21:43:08'),
(21, 1, 'u_1', 'task', 8, 'assigned', 'New Task Assigned', 'Sarah Adams assigned you new task: Improve Responsiveness, ID:#8.', '2025-02-03 21:46:46', '2025-02-03 21:46:46'),
(23, 1, 'u_1', 'project', 8, 'assigned', 'New Project Assigned', 'Sarah Adams assigned you new project: Ecommerce Web Developement, ID:#8.', '2025-02-03 22:07:10', '2025-02-03 22:07:10'),
(24, 1, 'u_1', 'task', 10, 'assigned', 'New Task Assigned', 'Sarah Adams assigned you new task: Testing the Web, ID:#10.', '2025-02-03 22:09:11', '2025-02-03 22:09:11'),
(25, 1, 'u_1', 'task', 11, 'assigned', 'New Task Assigned', 'Sarah Adams assigned you new task: Resolve the Bug Sheet, ID:#11.', '2025-02-03 22:17:54', '2025-02-03 22:17:54'),
(26, 1, 'u_1', 'task', 12, 'assigned', 'New Task Assigned', 'Sarah Adams assigned you new task: Verification of the Functionality and Bug List, ID:#12.', '2025-02-03 22:41:20', '2025-02-03 22:41:20'),
(27, 1, 'u_1', 'task', 13, 'assigned', 'New Task Assigned', 'Sarah Adams assigned you new task: Deployment to the Production Server, ID:#13.', '2025-02-03 22:43:26', '2025-02-03 22:43:26'),
(28, 1, 'u_1', 'project', 1, 'status_updated', 'Project Status Updated', 'Sarah Adams has updated the status of project Website Redesign, ID:#1, from Default to Not Started.', '2025-02-03 22:59:30', '2025-02-03 22:59:30'),
(29, 1, 'u_1', 'project', 9, 'assigned', 'New Project Assigned', 'Sarah Adams assigned you new project: Mobile App Development for Business Solutions, ID:#9.', '2025-02-04 00:06:10', '2025-02-04 00:06:10'),
(30, 1, 'u_1', 'task', 14, 'assigned', 'New Task Assigned', 'Sarah Adams assigned you new task: Project Planning & Requirement Gathering, ID:#14.', '2025-02-04 00:15:16', '2025-02-04 00:15:16'),
(31, 1, 'u_1', 'project', 9, 'assigned', 'New Project Assigned', 'Sarah Adams assigned you new project: Mobile App Development for Business Solutions, ID:#9.', '2025-02-04 00:20:03', '2025-02-04 00:20:03'),
(32, 1, 'u_1', 'task', 15, 'assigned', 'New Task Assigned', 'Sarah Adams assigned you new task: Wireframing & UI/UX Design, ID:#15.', '2025-02-04 00:23:10', '2025-02-04 00:23:10'),
(33, 1, 'u_1', 'project', 9, 'assigned', 'New Project Assigned', 'Sarah Adams assigned you new project: Mobile App Development for Business Solutions, ID:#9.', '2025-02-04 00:33:39', '2025-02-04 00:33:39'),
(34, 1, 'u_1', 'task', 16, 'assigned', 'New Task Assigned', 'Sarah Adams assigned you new task: Backend Development & Database Setup, ID:#16.', '2025-02-04 00:35:46', '2025-02-04 00:35:46'),
(35, 1, 'u_1', 'task', 17, 'assigned', 'New Task Assigned', 'Sarah Adams assigned you new task: App Testing & Quality Assurance, ID:#17.', '2025-02-04 00:38:56', '2025-02-04 00:38:56'),
(36, 1, 'u_1', 'task', 16, 'status_updated', 'Task Status Updated', 'Sarah Adams has updated the status of task Backend Development & Database Setup, ID:#16, from Default to Not Started.', '2025-02-04 00:39:51', '2025-02-04 00:39:51'),
(37, 1, 'u_1', 'task', 18, 'assigned', 'New Task Assigned', 'Sarah Adams assigned you new task: App Deployment & Launch, ID:#18.', '2025-02-04 00:46:18', '2025-02-04 00:46:18'),
(38, 1, 'u_1', 'meeting', 1, 'assigned', 'New Meeting Assigned', 'Sarah Adams added you in a new meeting Project Planning & Requirement Gathering, ID:#1.', '2025-02-04 00:59:55', '2025-02-04 00:59:55'),
(39, 1, 'u_1', 'project', 1, 'assigned', 'New Project Assigned', 'Sarah Adams assigned you new project: Website Redesign, ID:#1.', '2025-02-04 01:22:17', '2025-02-04 01:22:17'),
(40, 1, 'u_1', 'meeting', 2, 'assigned', 'New Meeting Assigned', 'Sarah Adams added you in a new meeting Degine Discussion Meeting, ID:#2.', '2025-02-04 02:02:35', '2025-02-04 02:02:35'),
(41, 1, 'u_3', 'leave_request', 1, 'created', 'Leave Requested', 'New Leave Request ID:#1 Has Been Created By Ava Raine.', '2025-02-04 05:18:14', '2025-02-04 05:18:14'),
(42, 1, 'u_1', 'leave_request', 1, 'status_updated', 'Leave Request Status Updated', 'Leave Request ID:#1 Status Updated From Pending To Approved.', '2025-02-04 05:18:57', '2025-02-04 05:18:57'),
(43, 1, 'u_1', 'project', 10, 'assigned', 'New Project Assigned', 'Sarah Adams assigned you new project: Custom WordPress Plugin: \"Advanced SEO Meta Manager\", ID:#10.', '2025-02-04 21:30:37', '2025-02-04 21:30:37'),
(44, 1, 'u_1', 'task', 19, 'assigned', 'New Task Assigned', 'Sarah Adams assigned you new task: Planning & Requirement Analysis, ID:#19.', '2025-02-04 21:36:44', '2025-02-04 21:36:44'),
(45, 1, 'u_1', 'task', 20, 'assigned', 'New Task Assigned', 'Sarah Adams assigned you new task: Plugin Setup, ID:#20.', '2025-02-04 22:07:34', '2025-02-04 22:07:34'),
(46, 1, 'u_1', 'task', 21, 'assigned', 'New Task Assigned', 'Sarah Adams assigned you new task: Admin Panel Development, ID:#21.', '2025-02-04 22:10:41', '2025-02-04 22:10:41'),
(47, 1, 'u_1', 'task', 19, 'status_updated', 'Task Status Updated', 'Sarah Adams has updated the status of task Planning & Requirement Analysis, ID:#19, from Default to Not Started.', '2025-02-04 22:11:57', '2025-02-04 22:11:57'),
(48, 1, 'u_1', 'task', 21, 'status_updated', 'Task Status Updated', 'Sarah Adams has updated the status of task Admin Panel Development, ID:#21, from Default to Not Started.', '2025-02-04 22:12:01', '2025-02-04 22:12:01'),
(49, 1, 'u_1', 'task', 22, 'assigned', 'New Task Assigned', 'Sarah Adams assigned you new task: Meta Data Handling, ID:#22.', '2025-02-04 22:16:40', '2025-02-04 22:16:40'),
(50, 1, 'u_1', 'task', 22, 'status_updated', 'Task Status Updated', 'Sarah Adams has updated the status of task Meta Data Handling, ID:#22, from Default to Not Started.', '2025-02-04 22:16:55', '2025-02-04 22:16:55'),
(51, 1, 'u_1', 'task', 23, 'assigned', 'New Task Assigned', 'Sarah Adams assigned you new task: SEO Analysis Features, ID:#23.', '2025-02-04 22:18:24', '2025-02-04 22:18:24'),
(52, 1, 'u_1', 'project', 10, 'assigned', 'New Project Assigned', 'Sarah Adams assigned you new project: Custom WordPress Plugin: \"Advanced SEO Meta Manager\", ID:#10.', '2025-02-04 22:20:53', '2025-02-04 22:20:53'),
(53, 1, 'u_1', 'project', 10, 'assigned', 'New Project Assigned', 'Sarah Adams assigned you new project: Custom WordPress Plugin: \"Advanced SEO Meta Manager\", ID:#10.', '2025-02-04 22:21:15', '2025-02-04 22:21:15'),
(54, 1, 'u_1', 'task', 24, 'assigned', 'New Task Assigned', 'Sarah Adams assigned you new task: Testing & Debugging, ID:#24.', '2025-02-04 22:22:39', '2025-02-04 22:22:39'),
(55, 1, 'u_1', 'task', 25, 'assigned', 'New Task Assigned', 'Sarah Adams assigned you new task: Documentation, ID:#25.', '2025-02-04 22:23:46', '2025-02-04 22:23:46'),
(56, 1, 'u_1', 'task', 26, 'assigned', 'New Task Assigned', 'Sarah Adams assigned you new task: Deployment, ID:#26.', '2025-02-04 22:24:34', '2025-02-04 22:24:34'),
(57, 1, 'u_1', 'task', 26, 'status_updated', 'Task Status Updated', 'Sarah Adams has updated the status of task Deployment, ID:#26, from Default to Not Started.', '2025-02-04 22:24:40', '2025-02-04 22:24:40'),
(58, 1, 'u_1', 'workspace', 2, 'assigned', 'WorkSpace Assignment', 'Sarah Adams added you in a new workspace Secondary WorkSpace, ID:#2.', '2025-02-04 23:48:02', '2025-02-04 23:48:02'),
(59, 2, 'u_1', 'project', 11, 'assigned', 'Project Assignment', 'Sarah Adams assigned you new project: AI-Powered Content Generator Plugin, ID:#11.', '2025-02-05 00:14:03', '2025-02-05 00:14:03'),
(60, 2, 'u_1', 'task', 27, 'assigned', 'Task Assignment', 'Sarah Adams assigned you new task: Planning and Research, ID:#27.', '2025-02-05 00:18:12', '2025-02-05 00:18:12'),
(61, 2, 'u_1', 'task', 28, 'assigned', 'Task Assignment', 'Sarah Adams assigned you new task: Project Setup, ID:#28.', '2025-02-05 00:32:35', '2025-02-05 00:32:35'),
(62, 2, 'u_1', 'task', 29, 'assigned', 'Task Assignment', 'Sarah Adams assigned you new task: API Integration, ID:#29.', '2025-02-05 00:34:22', '2025-02-05 00:34:22'),
(63, 2, 'u_1', 'task', 30, 'assigned', 'Task Assignment', 'Sarah Adams assigned you new task: Content Generation Features, ID:#30.', '2025-02-05 00:36:50', '2025-02-05 00:36:50'),
(64, 2, 'u_1', 'task', 31, 'assigned', 'Task Assignment', 'Sarah Adams assigned you new task: Admin Panel Development, ID:#31.', '2025-02-05 00:41:41', '2025-02-05 00:41:41'),
(65, 2, 'u_1', 'task', 31, 'status_updated', 'Status Updation of a Task', 'Sarah Adams has updated the status of task Admin Panel Development, ID:#31, from Default to Not Started.', '2025-02-05 00:42:20', '2025-02-05 00:42:20'),
(66, 2, 'u_1', 'task', 30, 'status_updated', 'Status Updation of a Task', 'Sarah Adams has updated the status of task Content Generation Features, ID:#30, from Default to Not Started.', '2025-02-05 00:42:59', '2025-02-05 00:42:59'),
(67, 2, 'u_1', 'task', 32, 'assigned', 'Task Assignment', 'Sarah Adams assigned you new task: Integration with WordPress Editors, ID:#32.', '2025-02-05 00:55:26', '2025-02-05 00:55:26'),
(68, 2, 'u_1', 'task', 33, 'assigned', 'Task Assignment', 'Sarah Adams assigned you new task: Testing and Debugging, ID:#33.', '2025-02-05 00:55:59', '2025-02-05 00:55:59'),
(69, 2, 'u_1', 'task', 33, 'status_updated', 'Status Updation of a Task', 'Sarah Adams has updated the status of task Testing and Debugging, ID:#33, from Default to Not Started.', '2025-02-05 00:56:26', '2025-02-05 00:56:26'),
(70, 2, 'u_1', 'task', 34, 'assigned', 'Task Assignment', 'Sarah Adams assigned you new task: Documentation, ID:#34.', '2025-02-05 00:58:42', '2025-02-05 00:58:42'),
(71, 2, 'u_1', 'task', 35, 'assigned', 'Task Assignment', 'Sarah Adams assigned you new task: Deployment, ID:#35.', '2025-02-05 00:59:59', '2025-02-05 00:59:59'),
(72, 2, 'u_1', 'meeting', 3, 'assigned', 'Meeting Assignment', 'Sarah Adams added you in a new meeting Planing with Client, ID:#3.', '2025-02-05 01:06:16', '2025-02-05 01:06:16'),
(73, 1, 'u_1', 'project', 12, 'assigned', 'Project Assignment', 'Sarah Adams assigned you new project: Custom Learning Management System (LMS) Plugin, ID:#12.', '2025-02-05 23:44:06', '2025-02-05 23:44:06'),
(74, 1, 'u_1', 'project', 12, 'assigned', 'Project Assignment', 'Sarah Adams assigned you new project: Custom Learning Management System (LMS) Plugin, ID:#12.', '2025-02-05 23:48:20', '2025-02-05 23:48:20'),
(75, 1, 'u_1', 'task', 36, 'assigned', 'Task Assignment', 'Sarah Adams assigned you new task: Planning and Requirement Analysis, ID:#36.', '2025-02-05 23:50:16', '2025-02-05 23:50:16'),
(76, 1, 'u_1', 'task', 37, 'assigned', 'Task Assignment', 'Sarah Adams assigned you new task: Project Setup, ID:#37.', '2025-02-05 23:51:39', '2025-02-05 23:51:39'),
(77, 1, 'u_1', 'task', 38, 'assigned', 'Task Assignment', 'Sarah Adams assigned you new task: Make Course Management Module, ID:#38.', '2025-02-05 23:53:20', '2025-02-05 23:53:20'),
(78, 1, 'u_1', 'task', 41, 'assigned', 'Task Assignment', 'Sarah Adams assigned you new task: Interactive Learning Features, ID:#41.', '2025-02-05 23:57:35', '2025-02-05 23:57:35'),
(79, 1, 'u_1', 'task', 40, 'assigned', 'Task Assignment', 'Sarah Adams assigned you new task: Progress Tracking and Analytics, ID:#40.', '2025-02-05 23:58:48', '2025-02-05 23:58:48'),
(80, 1, 'u_1', 'task', 44, 'assigned', 'Task Assignment', 'Sarah Adams assigned you new task: Testing and Debugging, ID:#44.', '2025-02-06 00:06:05', '2025-02-06 00:06:05'),
(81, 1, 'u_1', 'task', 45, 'assigned', 'Task Assignment', 'Sarah Adams assigned you new task: Deployment, ID:#45.', '2025-02-06 00:07:57', '2025-02-06 00:07:57'),
(82, 1, 'u_1', 'task', 44, 'assigned', 'Task Assignment', 'Sarah Adams assigned you new task: Testing and Debugging, ID:#44.', '2025-02-06 00:08:26', '2025-02-06 00:08:26'),
(83, 1, 'u_1', 'task', 36, 'status_updated', 'Status Updation of a Task', 'Sarah Adams has updated the status of task Planning and Requirement Analysis, ID:#36, from Not Started to Completed.', '2025-02-06 00:09:40', '2025-02-06 00:09:40'),
(84, 1, 'u_1', 'task', 38, 'status_updated', 'Status Updation of a Task', 'Sarah Adams has updated the status of task Make Course Management Module, ID:#38, from Default to In Progress.', '2025-02-06 00:10:09', '2025-02-06 00:10:09'),
(85, 1, 'u_1', 'task', 39, 'status_updated', 'Status Updation of a Task', 'Sarah Adams has updated the status of task User Roles and Permission, ID:#39, from Default to On Hold.', '2025-02-06 00:10:35', '2025-02-06 00:10:35'),
(86, 1, 'u_1', 'task', 40, 'status_updated', 'Status Updation of a Task', 'Sarah Adams has updated the status of task Progress Tracking and Analytics, ID:#40, from Default to Completed.', '2025-02-06 00:11:01', '2025-02-06 00:11:01'),
(87, 1, 'u_1', 'project', 13, 'assigned', 'Project Assignment', 'Sarah Adams assigned you new project: Residential Apartment Complex Construction, ID:#13.', '2025-02-06 01:07:17', '2025-02-06 01:07:17'),
(88, 1, 'u_1', 'project', 13, 'status_updated', 'Status Updation', 'Sarah Adams has updated the status of project Residential Apartment Complex Construction, ID:#13, from Default to In Progress.', '2025-02-06 01:09:07', '2025-02-06 01:09:07'),
(89, 1, 'u_1', 'project', 13, 'assigned', 'Project Assignment', 'Sarah Adams assigned you new project: Residential Apartment Complex Construction, ID:#13.', '2025-02-06 01:10:33', '2025-02-06 01:10:33'),
(90, 1, 'u_1', 'task', 46, 'assigned', 'Task Assignment', 'Sarah Adams assigned you new task: Planning and Feasibility Study, ID:#46.', '2025-02-06 01:13:52', '2025-02-06 01:13:52'),
(91, 1, 'u_1', 'task', 47, 'assigned', 'Task Assignment', 'Sarah Adams assigned you new task: Design and Architecture, ID:#47.', '2025-02-06 01:15:53', '2025-02-06 01:15:53'),
(92, 1, 'u_1', 'task', 48, 'assigned', 'Task Assignment', 'Sarah Adams assigned you new task: Budgeting and Cost Estimation, ID:#48.', '2025-02-06 01:17:33', '2025-02-06 01:17:33'),
(93, 1, 'u_1', 'task', 49, 'assigned', 'Task Assignment', 'Sarah Adams assigned you new task: Procurement of Materials, ID:#49.', '2025-02-06 01:20:42', '2025-02-06 01:20:42'),
(94, 1, 'u_1', 'task', 50, 'assigned', 'Task Assignment', 'Sarah Adams assigned you new task: Site Preparation, ID:#50.', '2025-02-06 01:22:59', '2025-02-06 01:22:59'),
(95, 1, 'u_1', 'task', 51, 'assigned', 'Task Assignment', 'Sarah Adams assigned you new task: Foundation Construction, ID:#51.', '2025-02-06 01:24:45', '2025-02-06 01:24:45'),
(96, 1, 'u_1', 'task', 52, 'assigned', 'Task Assignment', 'Sarah Adams assigned you new task: Structural Work, ID:#52.', '2025-02-06 01:26:16', '2025-02-06 01:26:16'),
(97, 1, 'u_1', 'task', 53, 'assigned', 'Task Assignment', 'Sarah Adams assigned you new task: Electrical and Plumbing Installation, ID:#53.', '2025-02-06 01:28:10', '2025-02-06 01:28:10'),
(98, 1, 'u_1', 'task', 55, 'assigned', 'Task Assignment', 'Sarah Adams assigned you new task: Interior Finishing, ID:#55.', '2025-02-06 01:32:15', '2025-02-06 01:32:15'),
(99, 1, 'u_1', 'project', 13, 'assigned', 'Project Assignment', 'Sarah Adams assigned you new project: Residential Apartment Complex Construction, ID:#13.', '2025-02-06 01:34:33', '2025-02-06 01:34:33'),
(100, 1, 'u_1', 'task', 56, 'assigned', 'Task Assignment', 'Sarah Adams assigned you new task: Testing and Quality Assurance, ID:#56.', '2025-02-06 01:36:33', '2025-02-06 01:36:33'),
(101, 1, 'u_1', 'task', 57, 'assigned', 'Task Assignment', 'Sarah Adams assigned you new task: Marketing and Sales, ID:#57.', '2025-02-06 01:37:43', '2025-02-06 01:37:43'),
(102, 1, 'u_1', 'task', 58, 'assigned', 'Task Assignment', 'Sarah Adams assigned you new task: Post-Construction Maintenance, ID:#58.', '2025-02-06 01:46:10', '2025-02-06 01:46:10'),
(103, 1, 'u_1', 'project', 14, 'assigned', 'Project Assignment', 'Sarah Adams assigned you new project: Luxury Villa Construction Project, ID:#14.', '2025-02-06 01:54:51', '2025-02-06 01:54:51'),
(104, 1, 'u_1', 'project', 12, 'status_updated', 'Status Updation', 'Sarah Adams has updated the status of project Custom Learning Management System (LMS) Plugin, ID:#12, from Default to In Progress.', '2025-02-06 01:56:26', '2025-02-06 01:56:26'),
(105, 1, 'u_1', 'task', 59, 'assigned', 'Task Assignment', 'Sarah Adams assigned you new task: Project Planning and Design, ID:#59.', '2025-02-06 01:59:50', '2025-02-06 01:59:50'),
(106, 1, 'u_1', 'task', 60, 'assigned', 'Task Assignment', 'Sarah Adams assigned you new task: Permits and Approvals, ID:#60.', '2025-02-06 02:08:54', '2025-02-06 02:08:54'),
(107, 1, 'u_1', 'task', 61, 'assigned', 'Task Assignment', 'Sarah Adams assigned you new task: Budgeting and Procurement, ID:#61.', '2025-02-06 02:10:51', '2025-02-06 02:10:51'),
(108, 1, 'u_1', 'task', 62, 'assigned', 'Task Assignment', 'Sarah Adams assigned you new task: Site Preparation, ID:#62.', '2025-02-06 02:17:01', '2025-02-06 02:17:01'),
(109, 1, 'u_1', 'task', 63, 'assigned', 'Task Assignment', 'Sarah Adams assigned you new task: Roofing and Exterior Construction, ID:#63.', '2025-02-06 02:31:41', '2025-02-06 02:31:41'),
(110, 1, 'u_1', 'task', 64, 'assigned', 'Task Assignment', 'Sarah Adams assigned you new task: Plumbing and Electrical Systems, ID:#64.', '2025-02-06 03:18:23', '2025-02-06 03:18:23'),
(111, 1, 'u_1', 'task', 65, 'assigned', 'Task Assignment', 'Sarah Adams assigned you new task: Smart Home Integration, ID:#65.', '2025-02-06 03:20:06', '2025-02-06 03:20:06'),
(112, 1, 'u_1', 'task', 66, 'assigned', 'Task Assignment', 'Sarah Adams assigned you new task: Safety and Security Systems, ID:#66.', '2025-02-06 03:22:22', '2025-02-06 03:22:22'),
(113, 1, 'u_1', 'task', 68, 'assigned', 'Task Assignment', 'Sarah Adams assigned you new task: Handover Preparation, ID:#68.', '2025-02-06 03:24:36', '2025-02-06 03:24:36'),
(114, 1, 'u_1', 'project', 14, 'assigned', 'Project Assignment', 'Sarah Adams assigned you new project: Luxury Villa Construction Project, ID:#14.', '2025-02-06 03:25:51', '2025-02-06 03:25:51'),
(115, 1, 'u_1', 'task', 67, 'assigned', 'Task Assignment', 'Sarah Adams assigned you new task: Quality Control and Testing, ID:#67.', '2025-02-06 03:26:33', '2025-02-06 03:26:33'),
(116, 1, 'u_1', 'task', 69, 'assigned', 'Task Assignment', 'Sarah Adams assigned you new task: Post-Construction Support, ID:#69.', '2025-02-06 03:29:06', '2025-02-06 03:29:06'),
(117, 1, 'u_1', 'project', 15, 'assigned', 'Project Assignment', 'Sarah Adams assigned you new project: Annual Corporate Conference Planning, ID:#15.', '2025-02-06 04:14:15', '2025-02-06 04:14:15'),
(118, 1, 'u_1', 'project', 15, 'assigned', 'Project Assignment', 'Sarah Adams assigned you new project: Annual Corporate Conference Planning, ID:#15.', '2025-02-06 06:08:44', '2025-02-06 06:08:44'),
(119, 1, 'u_1', 'task', 70, 'assigned', 'Task Assignment', 'Sarah Adams assigned you new task: Initial Planning and Strategy, ID:#70.', '2025-02-06 06:27:29', '2025-02-06 06:27:29'),
(120, 1, 'u_1', 'task', 71, 'assigned', 'Task Assignment', 'Sarah Adams assigned you new task: Venue and Logistics Management, ID:#71.', '2025-02-06 21:49:01', '2025-02-06 21:49:01'),
(121, 1, 'u_1', 'task', 71, 'status_updated', 'Status Updation of a Task', 'Sarah Adams has updated the status of task Venue and Logistics Management, ID:#71, from Default to Not Started.', '2025-02-06 21:49:15', '2025-02-06 21:49:15'),
(122, 1, 'u_1', 'task', 72, 'assigned', 'Task Assignment', 'Sarah Adams assigned you new task: Program Design and Coordination, ID:#72.', '2025-02-06 21:49:55', '2025-02-06 21:49:55'),
(123, 1, 'u_1', 'task', 72, 'status_updated', 'Status Updation of a Task', 'Sarah Adams has updated the status of task Program Design and Coordination, ID:#72, from Default to Not Started.', '2025-02-06 21:50:04', '2025-02-06 21:50:04'),
(124, 1, 'u_1', 'task', 73, 'assigned', 'Task Assignment', 'Sarah Adams assigned you new task: Marketing and Promotion, ID:#73.', '2025-02-06 21:50:42', '2025-02-06 21:50:42'),
(125, 1, 'u_1', 'task', 73, 'status_updated', 'Status Updation of a Task', 'Sarah Adams has updated the status of task Marketing and Promotion, ID:#73, from Default to Not Started.', '2025-02-06 21:50:50', '2025-02-06 21:50:50'),
(126, 1, 'u_1', 'task', 74, 'assigned', 'Task Assignment', 'Sarah Adams assigned you new task: Registration and Guest Management, ID:#74.', '2025-02-06 21:51:14', '2025-02-06 21:51:14'),
(127, 1, 'u_1', 'task', 74, 'status_updated', 'Status Updation of a Task', 'Sarah Adams has updated the status of task Registration and Guest Management, ID:#74, from Default to Not Started.', '2025-02-06 21:51:18', '2025-02-06 21:51:18'),
(128, 1, 'u_1', 'task', 74, 'assigned', 'Task Assignment', 'Sarah Adams assigned you new task: Registration and Guest Management, ID:#74.', '2025-02-06 21:51:40', '2025-02-06 21:51:40'),
(129, 1, 'u_1', 'task', 75, 'assigned', 'Task Assignment', 'Sarah Adams assigned you new task: Event Execution, ID:#75.', '2025-02-06 21:52:12', '2025-02-06 21:52:12'),
(130, 1, 'u_1', 'task', 76, 'assigned', 'Task Assignment', 'Sarah Adams assigned you new task: Feedback Collection and Follow-Up, ID:#76.', '2025-02-06 21:52:41', '2025-02-06 21:52:41'),
(131, 1, 'u_1', 'task', 70, 'status_updated', 'Status Updation of a Task', 'Sarah Adams has updated the status of task Initial Planning and Strategy, ID:#70, from Default to In Progress.', '2025-02-06 21:53:04', '2025-02-06 21:53:04'),
(132, 1, 'u_1', 'task', 70, 'status_updated', 'Status Updation of a Task', 'Sarah Adams has updated the status of task Initial Planning and Strategy, ID:#70, from In Progress to Completed.', '2025-02-06 21:53:38', '2025-02-06 21:53:38'),
(133, 1, 'u_1', 'task', 76, 'status_updated', 'Status Updation of a Task', 'Sarah Adams has updated the status of task Feedback Collection and Follow-Up, ID:#76, from Default to Canceled.', '2025-02-06 21:53:51', '2025-02-06 21:53:51'),
(134, 1, 'u_1', 'task', 75, 'status_updated', 'Status Updation of a Task', 'Sarah Adams has updated the status of task Event Execution, ID:#75, from Default to In Progress.', '2025-02-06 21:54:19', '2025-02-06 21:54:19'),
(135, 1, 'u_1', 'task', 73, 'status_updated', 'Status Updation of a Task', 'Sarah Adams has updated the status of task Marketing and Promotion, ID:#73, from Not Started to On Hold.', '2025-02-06 21:54:55', '2025-02-06 21:54:55'),
(136, 1, 'u_1', 'task', 71, 'status_updated', 'Status Updation of a Task', 'Sarah Adams has updated the status of task Venue and Logistics Management, ID:#71, from Not Started to Completed.', '2025-02-06 21:55:33', '2025-02-06 21:55:33'),
(137, 1, 'u_1', 'task', 72, 'status_updated', 'Status Updation of a Task', 'Sarah Adams has updated the status of task Program Design and Coordination, ID:#72, from Not Started to Completed.', '2025-02-06 21:56:05', '2025-02-06 21:56:05'),
(138, 1, 'u_1', 'task', 74, 'status_updated', 'Status Updation of a Task', 'Sarah Adams has updated the status of task Registration and Guest Management, ID:#74, from Not Started to Completed.', '2025-02-06 21:56:45', '2025-02-06 21:56:45'),
(139, 1, 'u_1', 'project', 16, 'assigned', 'Project Assignment', 'Sarah Adams assigned you new project: Local Community Health Camp, ID:#16.', '2025-02-06 22:04:10', '2025-02-06 22:04:10'),
(140, 1, 'u_1', 'project', 16, 'assigned', 'Project Assignment', 'Sarah Adams assigned you new project: Local Community Health Camp, ID:#16.', '2025-02-06 22:11:43', '2025-02-06 22:11:43'),
(141, 1, 'u_1', 'project', 13, 'assigned', 'Project Assignment', 'Sarah Adams assigned you new project: Residential Sports Complex Construction, ID:#13.', '2025-02-06 22:12:50', '2025-02-06 22:12:50'),
(142, 1, 'u_1', 'task', 77, 'assigned', 'Task Assignment', 'Sarah Adams assigned you new task: Planning and Strategy, ID:#77.', '2025-02-06 22:24:03', '2025-02-06 22:24:03'),
(143, 1, 'u_1', 'project', 16, 'assigned', 'Project Assignment', 'Sarah Adams assigned you new project: Local Community Health Camp, ID:#16.', '2025-02-06 22:25:13', '2025-02-06 22:25:13'),
(144, 1, 'u_1', 'task', 78, 'assigned', 'Task Assignment', 'Sarah Adams assigned you new task: Partner and Volunteer Coordination, ID:#78.', '2025-02-06 22:27:05', '2025-02-06 22:27:05'),
(145, 1, 'u_1', 'project', 16, 'assigned', 'Project Assignment', 'Sarah Adams assigned you new project: Local Community Health Camp, ID:#16.', '2025-02-06 22:40:51', '2025-02-06 22:40:51'),
(146, 1, 'u_1', 'task', 79, 'assigned', 'Task Assignment', 'Sarah Adams assigned you new task: Logistics and Setup, ID:#79.', '2025-02-06 22:45:12', '2025-02-06 22:45:12'),
(147, 1, 'u_1', 'project', 16, 'assigned', 'Project Assignment', 'Sarah Adams assigned you new project: Local Community Health Camp, ID:#16.', '2025-02-06 23:00:36', '2025-02-06 23:00:36'),
(148, 1, 'u_1', 'task', 80, 'assigned', 'Task Assignment', 'Sarah Adams assigned you new task: Promotion and Outreach, ID:#80.', '2025-02-06 23:01:20', '2025-02-06 23:01:20'),
(149, 1, 'u_1', 'task', 81, 'assigned', 'Task Assignment', 'Sarah Adams assigned you new task: Registration and Attendance Management, ID:#81.', '2025-02-06 23:06:44', '2025-02-06 23:06:44'),
(150, 1, 'u_1', 'task', 82, 'assigned', 'Task Assignment', 'Sarah Adams assigned you new task: Service Execution, ID:#82.', '2025-02-06 23:12:16', '2025-02-06 23:12:16'),
(151, 1, 'u_1', 'task', 83, 'assigned', 'Task Assignment', 'Sarah Adams assigned you new task: Community Engagement and Distribution, ID:#83.', '2025-02-06 23:13:15', '2025-02-06 23:13:15'),
(152, 1, 'u_1', 'task', 84, 'assigned', 'Task Assignment', 'Sarah Adams assigned you new task: Post-Event Follow-Up, ID:#84.', '2025-02-06 23:17:03', '2025-02-06 23:17:03'),
(153, 1, 'u_1', 'task', 85, 'assigned', 'Task Assignment', 'Sarah Adams assigned you new task: Post-Event Health Support (1-3 Weeks After the Event), ID:#85.', '2025-02-06 23:17:31', '2025-02-06 23:17:31'),
(154, 1, 'u_1', 'project', 16, 'assigned', 'Project Assignment', 'Sarah Adams assigned you new project: Local Community Health Camp, ID:#16.', '2025-02-06 23:18:09', '2025-02-06 23:18:09'),
(155, 1, 'u_1', 'task', 86, 'assigned', 'Task Assignment', 'Sarah Adams assigned you new task: Data Analysis and Reporting (2-4 Weeks After the Event), ID:#86.', '2025-02-06 23:19:07', '2025-02-06 23:19:07'),
(156, 1, 'u_1', 'task', 87, 'assigned', 'Task Assignment', 'Sarah Adams assigned you new task: Community Engagement (1-3 Months After the Event), ID:#87.', '2025-02-06 23:20:43', '2025-02-06 23:20:43'),
(157, 1, 'u_1', 'task', 88, 'assigned', 'Task Assignment', 'Sarah Adams assigned you new task: Sustainable Partnerships (Ongoing), ID:#88.', '2025-02-06 23:21:35', '2025-02-06 23:21:35'),
(158, 1, 'u_1', 'task', 89, 'assigned', 'Task Assignment', 'Sarah Adams assigned you new task: Continuous Improvement (Ongoing), ID:#89.', '2025-02-06 23:22:19', '2025-02-06 23:22:19'),
(159, 1, 'u_1', 'project', 17, 'assigned', 'Project Assignment', 'Sarah Adams assigned you new project: Education and Training, ID:#17.', '2025-02-06 23:44:44', '2025-02-06 23:44:44'),
(160, 1, 'u_1', 'task', 90, 'assigned', 'Task Assignment', 'Sarah Adams assigned you new task: Planning and Strategy Development, ID:#90.', '2025-02-06 23:47:20', '2025-02-06 23:47:20'),
(161, 1, 'u_1', 'project', 17, 'assigned', 'Project Assignment', 'Sarah Adams assigned you new project: Education and Training, ID:#17.', '2025-02-07 00:36:30', '2025-02-07 00:36:30'),
(162, 1, 'u_1', 'project', 17, 'assigned', 'Project Assignment', 'Sarah Adams assigned you new project: Education and Training, ID:#17.', '2025-02-07 00:38:58', '2025-02-07 00:38:58'),
(163, 1, 'u_1', 'task', 90, 'assigned', 'Task Assignment', 'Sarah Adams assigned you new task: Planning and Strategy Development, ID:#90.', '2025-02-07 00:39:26', '2025-02-07 00:39:26'),
(164, 1, 'u_1', 'task', 94, 'assigned', 'Task Assignment', 'Sarah Adams assigned you new task: Outreach and Registration, ID:#94.', '2025-02-07 00:57:45', '2025-02-07 00:57:45'),
(165, 1, 'u_1', 'task', 91, 'assigned', 'Task Assignment', 'Sarah Adams assigned you new task: Resource and Content Development, ID:#91.', '2025-02-07 01:11:16', '2025-02-07 01:11:16'),
(166, 1, 'u_1', 'task', 92, 'assigned', 'Task Assignment', 'Sarah Adams assigned you new task: Venue and Technology Setup, ID:#92.', '2025-02-07 01:11:51', '2025-02-07 01:11:51'),
(167, 1, 'u_1', 'task', 91, 'assigned', 'Task Assignment', 'Sarah Adams assigned you new task: Resource and Content Development, ID:#91.', '2025-02-07 01:12:08', '2025-02-07 01:12:08'),
(168, 1, 'u_1', 'task', 93, 'assigned', 'Task Assignment', 'Sarah Adams assigned you new task: Recruitment and Training of Trainers, ID:#93.', '2025-02-07 01:12:54', '2025-02-07 01:12:54'),
(169, 1, 'u_1', 'task', 95, 'assigned', 'Task Assignment', 'Sarah Adams assigned you new task: Training Execution, ID:#95.', '2025-02-07 01:13:40', '2025-02-07 01:13:40'),
(170, 1, 'u_1', 'task', 96, 'assigned', 'Task Assignment', 'Sarah Adams assigned you new task: Post-Training Support, ID:#96.', '2025-02-07 01:14:36', '2025-02-07 01:14:36'),
(171, 1, 'u_1', 'task', 97, 'assigned', 'Task Assignment', 'Sarah Adams assigned you new task: Impact Evaluation and Reporting, ID:#97.', '2025-02-07 02:11:06', '2025-02-07 02:11:06'),
(172, 1, 'u_1', 'task', 99, 'assigned', 'Task Assignment', 'Sarah Adams assigned you new task: Program Expansion, ID:#99.', '2025-02-07 02:12:05', '2025-02-07 02:12:05'),
(173, 1, 'u_1', 'task', 100, 'assigned', 'Task Assignment', 'Sarah Adams assigned you new task: Sustainability Initiatives (Ongoing), ID:#100.', '2025-02-07 02:16:59', '2025-02-07 02:16:59'),
(174, 1, 'u_1', 'project', 17, 'assigned', 'Project Assignment', 'Sarah Adams assigned you new project: Education and Training, ID:#17.', '2025-02-07 02:17:38', '2025-02-07 02:17:38'),
(175, 1, 'u_1', 'task', 101, 'assigned', 'Task Assignment', 'Sarah Adams assigned you new task: Stakeholder Engagement, ID:#101.', '2025-02-07 02:18:56', '2025-02-07 02:18:56'),
(176, 1, 'u_1', 'task', 102, 'assigned', 'Task Assignment', 'Sarah Adams assigned you new task: Monitor Long-Term Impact, ID:#102.', '2025-02-07 02:19:27', '2025-02-07 02:19:27'),
(177, 1, 'u_1', 'project', 18, 'assigned', 'Project Assignment', 'Sarah Adams assigned you new project: AI-Powered Chatbot for Customer Support, ID:#18.', '2025-02-07 02:29:19', '2025-02-07 02:29:19'),
(178, 1, 'u_1', 'project', 18, 'status_updated', 'Status Updation', 'Sarah Adams has updated the status of project AI-Powered Chatbot for Customer Support, ID:#18, from Default to In Progress.', '2025-02-07 02:29:49', '2025-02-07 02:29:49'),
(179, 1, 'u_1', 'task', 103, 'assigned', 'Task Assignment', 'Sarah Adams assigned you new task: Requirement Gathering, ID:#103.', '2025-02-07 03:14:36', '2025-02-07 03:14:36'),
(180, 1, 'u_1', 'task', 104, 'assigned', 'Task Assignment', 'Sarah Adams assigned you new task: Platform and Technology Selection, ID:#104.', '2025-02-07 03:36:16', '2025-02-07 03:36:16'),
(181, 1, 'u_1', 'task', 105, 'assigned', 'Task Assignment', 'Sarah Adams assigned you new task: Conversational Flow Design, ID:#105.', '2025-02-07 03:36:52', '2025-02-07 03:36:52'),
(182, 1, 'u_1', 'project', 18, 'assigned', 'Project Assignment', 'Sarah Adams assigned you new project: AI-Powered Chatbot for Customer Support, ID:#18.', '2025-02-07 03:39:12', '2025-02-07 03:39:12'),
(183, 1, 'u_1', 'task', 106, 'assigned', 'Task Assignment', 'Sarah Adams assigned you new task: Database and CRM Integration, ID:#106.', '2025-02-07 03:43:24', '2025-02-07 03:43:24'),
(184, 1, 'u_1', 'task', 107, 'assigned', 'Task Assignment', 'Sarah Adams assigned you new task: Natural Language Processing (NLP) Setup, ID:#107.', '2025-02-07 03:43:58', '2025-02-07 03:43:58'),
(185, 1, 'u_1', 'task', 108, 'assigned', 'Task Assignment', 'Sarah Adams assigned you new task: Development of Core Features, ID:#108.', '2025-02-07 03:44:15', '2025-02-07 03:44:15'),
(186, 1, 'u_1', 'task', 109, 'assigned', 'Task Assignment', 'Sarah Adams assigned you new task: Feedback and Learning Module, ID:#109.', '2025-02-07 03:50:07', '2025-02-07 03:50:07'),
(187, 1, 'u_1', 'task', 110, 'assigned', 'Task Assignment', 'Sarah Adams assigned you new task: Testing and Quality Assurance, ID:#110.', '2025-02-07 03:51:31', '2025-02-07 03:51:31'),
(188, 1, 'u_1', 'task', 111, 'assigned', 'Task Assignment', 'Sarah Adams assigned you new task: Deployment and Hosting, ID:#111.', '2025-02-07 03:52:04', '2025-02-07 03:52:04'),
(189, 1, 'u_1', 'task', 112, 'assigned', 'Task Assignment', 'Sarah Adams assigned you new task: Monitoring and Analytics Setup, ID:#112.', '2025-02-07 03:52:42', '2025-02-07 03:52:42'),
(190, 1, 'u_1', 'task', 113, 'assigned', 'Task Assignment', 'Sarah Adams assigned you new task: User Training and Documentation, ID:#113.', '2025-02-07 03:53:07', '2025-02-07 03:53:07'),
(191, 1, 'u_1', 'task', 114, 'assigned', 'Task Assignment', 'Sarah Adams assigned you new task: Maintenance and Updates, ID:#114.', '2025-02-07 03:53:41', '2025-02-07 03:53:41'),
(192, 1, 'u_1', 'project', 17, 'status_updated', 'Status Updation', 'Sarah Adams has updated the status of project Education and Training, ID:#17, from Default to On Hold.', '2025-02-07 05:05:32', '2025-02-07 05:05:32'),
(193, 1, 'u_1', 'project', 19, 'assigned', 'Project Assignment', 'Sarah Adams assigned you new project: Smart Building Management System, ID:#19.', '2025-02-07 21:24:59', '2025-02-07 21:24:59'),
(194, 1, 'u_1', 'meeting', 4, 'assigned', 'Meeting Assignment', 'Sarah Adams added you in a new meeting Education and Training ( Project meeting), ID:#4.', '2025-02-07 22:11:51', '2025-02-07 22:11:51'),
(195, 1, 'u_1', 'meeting', 5, 'assigned', 'Meeting Assignment', 'Sarah Adams added you in a new meeting Local Community Health Camp Meeting, ID:#5.', '2025-02-07 22:19:42', '2025-02-07 22:19:42'),
(196, 1, 'u_1', 'meeting', 6, 'assigned', 'Meeting Assignment', 'Sarah Adams added you in a new meeting Luxury Villa Construction Project Metting, ID:#6.', '2025-02-07 22:23:11', '2025-02-07 22:23:11'),
(197, 1, 'u_4', 'leave_request', 2, 'created', 'Leave Request', 'New Leave Request ID:#2 Has Been Created By Carson Rowland.', '2025-02-08 01:43:10', '2025-02-08 01:43:10'),
(198, 1, 'u_4', 'leave_request', 3, 'created', 'Leave Request', 'New Leave Request ID:#3 Has Been Created By Carson Rowland.', '2025-02-08 01:44:27', '2025-02-08 01:44:27'),
(199, 1, 'u_5', 'leave_request', 4, 'created', 'Leave Request', 'New Leave Request ID:#4 Has Been Created By Frank Carpanter.', '2025-02-08 01:49:22', '2025-02-08 01:49:22'),
(200, 1, 'u_6', 'leave_request', 5, 'created', 'Leave Request', 'New Leave Request ID:#5 Has Been Created By Jennifer Dewalt.', '2025-02-08 01:51:29', '2025-02-08 01:51:29'),
(201, 1, 'u_6', 'leave_request', 6, 'created', 'Leave Request', 'New Leave Request ID:#6 Has Been Created By Jennifer Dewalt.', '2025-02-08 01:52:48', '2025-02-08 01:52:48'),
(202, 1, 'u_7', 'leave_request', 7, 'created', 'Leave Request', 'New Leave Request ID:#7 Has Been Created By Karen Lynch.', '2025-02-08 01:55:13', '2025-02-08 01:55:13'),
(203, 1, 'u_8', 'leave_request', 8, 'created', 'Leave Request', 'New Leave Request ID:#8 Has Been Created By Mark Davis.', '2025-02-08 02:00:39', '2025-02-08 02:00:39'),
(204, 1, 'u_9', 'leave_request', 9, 'created', 'Leave Request', 'New Leave Request ID:#9 Has Been Created By Alex Miller.', '2025-02-08 02:08:33', '2025-02-08 02:08:33'),
(205, 1, 'u_11', 'leave_request', 10, 'created', 'Leave Request', 'New Leave Request ID:#10 Has Been Created By Robert D. Moser Jr..', '2025-02-08 02:09:46', '2025-02-08 02:09:46'),
(206, 1, 'u_31', 'leave_request', 11, 'created', 'Leave Request', 'New Leave Request ID:#11 Has Been Created By Tim Wilson.', '2025-02-08 02:13:21', '2025-02-08 02:13:21'),
(207, 1, 'u_20', 'leave_request', 12, 'created', 'Leave Request', 'New Leave Request ID:#12 Has Been Created By Lucas Brown.', '2025-02-08 02:21:31', '2025-02-08 02:21:31'),
(208, 1, 'u_1', 'leave_request', 12, 'status_updated', 'Status Updation of a Leave Request', 'Leave Request ID:#12 Status Updated From Pending To Approved.', '2025-02-08 02:23:28', '2025-02-08 02:23:28'),
(209, 1, 'u_1', 'leave_request', 12, 'team_member_on_leave_alert', 'Team Member on Leave', 'Lucas Brown will be on Full leave from Wed, 12-02-2025 to Thu, 27-02-2025.', '2025-02-08 02:23:32', '2025-02-08 02:23:32'),
(210, 1, 'u_1', 'leave_request', 11, 'status_updated', 'Status Updation of a Leave Request', 'Leave Request ID:#11 Status Updated From Pending To Rejected.', '2025-02-08 02:24:28', '2025-02-08 02:24:28'),
(211, 1, 'u_1', 'leave_request', 10, 'status_updated', 'Status Updation of a Leave Request', 'Leave Request ID:#10 Status Updated From Pending To Approved.', '2025-02-08 02:24:48', '2025-02-08 02:24:48'),
(212, 1, 'u_1', 'leave_request', 10, 'team_member_on_leave_alert', 'Team Member on Leave', 'Robert D. Moser Jr. will be on Full leave from Sat, 08-02-2025 to Sat, 08-02-2025.', '2025-02-08 02:24:52', '2025-02-08 02:24:52'),
(213, 1, 'u_1', 'leave_request', 9, 'status_updated', 'Status Updation of a Leave Request', 'Leave Request ID:#9 Status Updated From Pending To Approved.', '2025-02-08 02:27:03', '2025-02-08 02:27:03'),
(214, 1, 'u_1', 'leave_request', 8, 'status_updated', 'Status Updation of a Leave Request', 'Leave Request ID:#8 Status Updated From Pending To Approved.', '2025-02-08 02:27:25', '2025-02-08 02:27:25'),
(215, 1, 'u_1', 'leave_request', 8, 'team_member_on_leave_alert', 'Team Member on Leave', 'Mark Davis will be on Full leave from Tue, 25-02-2025 to Tue, 25-02-2025.', '2025-02-08 02:27:30', '2025-02-08 02:27:30'),
(216, 1, 'u_1', 'leave_request', 7, 'status_updated', 'Status Updation of a Leave Request', 'Leave Request ID:#7 Status Updated From Pending To Approved.', '2025-02-08 02:28:16', '2025-02-08 02:28:16'),
(217, 1, 'u_1', 'leave_request', 7, 'team_member_on_leave_alert', 'Team Member on Leave', 'Karen Lynch will be on Full leave from Wed, 19-02-2025 to Wed, 19-02-2025.', '2025-02-08 02:28:21', '2025-02-08 02:28:21'),
(218, 1, 'u_1', 'leave_request', 6, 'status_updated', 'Status Updation of a Leave Request', 'Leave Request ID:#6 Status Updated From Pending To Approved.', '2025-02-08 02:28:46', '2025-02-08 02:28:46'),
(219, 1, 'u_1', 'leave_request', 6, 'team_member_on_leave_alert', 'Team Member on Leave', 'Jennifer Dewalt will be on Full leave from Thu, 27-02-2025 to Thu, 27-02-2025.', '2025-02-08 02:28:50', '2025-02-08 02:28:50'),
(220, 1, 'u_1', 'leave_request', 5, 'status_updated', 'Status Updation of a Leave Request', 'Leave Request ID:#5 Status Updated From Pending To Approved.', '2025-02-08 02:29:11', '2025-02-08 02:29:11'),
(221, 1, 'u_1', 'leave_request', 5, 'team_member_on_leave_alert', 'Team Member on Leave', 'Jennifer Dewalt will be on Full leave from Mon, 10-02-2025 to Tue, 11-02-2025.', '2025-02-08 02:29:15', '2025-02-08 02:29:15'),
(222, 1, 'u_1', 'leave_request', 4, 'status_updated', 'Status Updation of a Leave Request', 'Leave Request ID:#4 Status Updated From Pending To Approved.', '2025-02-08 02:30:35', '2025-02-08 02:30:35'),
(223, 1, 'u_1', 'leave_request', 4, 'team_member_on_leave_alert', 'Team Member on Leave', 'Frank Carpanter will be on Full leave from Thu, 20-02-2025 to Tue, 25-02-2025.', '2025-02-08 02:30:39', '2025-02-08 02:30:39'),
(224, 1, 'u_29', 'leave_request', 13, 'created', 'Leave Request', 'New Leave Request ID:#13 Has Been Created By Amy jones.', '2025-02-08 03:05:25', '2025-02-08 03:05:25'),
(225, 2, 'u_1', 'project', 20, 'assigned', 'Project Assignment', 'Sarah Adams assigned you new project: Cloud-Based Inventory Management System, ID:#20.', '2025-02-08 03:56:03', '2025-02-08 03:56:03'),
(226, 2, 'u_1', 'project', 20, 'assigned', 'Project Assignment', 'Sarah Adams assigned you new project: Cloud-Based Inventory Management System, ID:#20.', '2025-02-08 03:56:54', '2025-02-08 03:56:54'),
(227, 2, 'u_1', 'project', 20, 'assigned', 'Project Assignment', 'Sarah Adams assigned you new project: Cloud-Based Inventory Management System, ID:#20.', '2025-02-08 03:58:38', '2025-02-08 03:58:38'),
(228, 2, 'u_1', 'project', 20, 'status_updated', 'Status Updation', 'Sarah Adams has updated the status of project Cloud-Based Inventory Management System, ID:#20, from Default to Not Started.', '2025-02-08 03:58:43', '2025-02-08 03:58:43'),
(229, 2, 'u_1', 'project', 20, 'assigned', 'Project Assignment', 'Sarah Adams assigned you new project: Cloud-Based Inventory Management System, ID:#20.', '2025-02-08 04:02:15', '2025-02-08 04:02:15'),
(230, 2, 'u_1', 'task', 126, 'assigned', 'Task Assignment', 'Sarah Adams assigned you new task: Requirement Analysis, ID:#126.', '2025-02-08 04:14:11', '2025-02-08 04:14:11'),
(231, 2, 'u_1', 'task', 127, 'assigned', 'Task Assignment', 'Sarah Adams assigned you new task: System Architecture Design, ID:#127.', '2025-02-08 04:14:33', '2025-02-08 04:14:33'),
(232, 2, 'u_1', 'task', 128, 'assigned', 'Task Assignment', 'Sarah Adams assigned you new task: User Interface (UI) and User Experience (UX) Design, ID:#128.', '2025-02-08 04:14:54', '2025-02-08 04:14:54'),
(233, 2, 'u_1', 'task', 129, 'assigned', 'Task Assignment', 'Sarah Adams assigned you new task: Cloud Infrastructure Setup, ID:#129.', '2025-02-08 04:15:31', '2025-02-08 04:15:31'),
(234, 2, 'u_1', 'task', 129, 'assigned', 'Task Assignment', 'Sarah Adams assigned you new task: Cloud Infrastructure Setup, ID:#129.', '2025-02-08 04:15:46', '2025-02-08 04:15:46'),
(235, 2, 'u_1', 'task', 130, 'assigned', 'Task Assignment', 'Sarah Adams assigned you new task: Backend Development, ID:#130.', '2025-02-08 04:16:07', '2025-02-08 04:16:07'),
(236, 2, 'u_1', 'task', 131, 'assigned', 'Task Assignment', 'Sarah Adams assigned you new task: Frontend Development, ID:#131.', '2025-02-08 04:16:31', '2025-02-08 04:16:31'),
(237, 2, 'u_1', 'task', 132, 'assigned', 'Task Assignment', 'Sarah Adams assigned you new task: Integration with Third-Party Tools, ID:#132.', '2025-02-08 04:18:21', '2025-02-08 04:18:21'),
(238, 2, 'u_1', 'task', 133, 'assigned', 'Task Assignment', 'Sarah Adams assigned you new task: Testing and Quality Assurance, ID:#133.', '2025-02-08 04:19:06', '2025-02-08 04:19:06'),
(239, 2, 'u_1', 'task', 134, 'assigned', 'Task Assignment', 'Sarah Adams assigned you new task: User Training and Documentation, ID:#134.', '2025-02-08 04:19:38', '2025-02-08 04:19:38'),
(240, 2, 'u_1', 'task', 134, 'assigned', 'Task Assignment', 'Sarah Adams assigned you new task: User Training and Documentation, ID:#134.', '2025-02-08 04:19:59', '2025-02-08 04:19:59'),
(241, 2, 'u_1', 'task', 135, 'assigned', 'Task Assignment', 'Sarah Adams assigned you new task: Deployment, ID:#135.', '2025-02-08 04:20:23', '2025-02-08 04:20:23'),
(242, 2, 'u_1', 'workspace', 2, 'assigned', 'WorkSpace Assignment', 'Sarah Adams added you in a new workspace Secondary WorkSpace, ID:#2.', '2025-02-08 04:30:44', '2025-02-08 04:30:44'),
(243, 2, 'u_1', 'project', 21, 'assigned', 'Project Assignment', 'Sarah Adams assigned you new project: AI-Driven Predictive Maintenance System, ID:#21.', '2025-02-08 04:31:38', '2025-02-08 04:31:38'),
(244, 2, 'u_1', 'project', 21, 'assigned', 'Project Assignment', 'Sarah Adams assigned you new project: AI-Driven Predictive Maintenance System, ID:#21.', '2025-02-08 04:47:47', '2025-02-08 04:47:47'),
(245, 2, 'u_1', 'task', 136, 'assigned', 'Task Assignment', 'Sarah Adams assigned you new task: Requirement Gathering and Analysis, ID:#136.', '2025-02-08 04:49:00', '2025-02-08 04:49:00'),
(246, 2, 'u_1', 'task', 137, 'assigned', 'Task Assignment', 'Sarah Adams assigned you new task: IoT Sensor Selection and Deployment, ID:#137.', '2025-02-08 04:49:28', '2025-02-08 04:49:28'),
(247, 2, 'u_1', 'task', 138, 'assigned', 'Task Assignment', 'Sarah Adams assigned you new task: Data Collection and Integration, ID:#138.', '2025-02-08 04:50:25', '2025-02-08 04:50:25'),
(248, 2, 'u_1', 'task', 139, 'assigned', 'Task Assignment', 'Sarah Adams assigned you new task: Machine Learning Model Development, ID:#139.', '2025-02-08 04:51:17', '2025-02-08 04:51:17'),
(249, 2, 'u_1', 'task', 140, 'assigned', 'Task Assignment', 'Sarah Adams assigned you new task: Backend System Development, ID:#140.', '2025-02-08 04:51:47', '2025-02-08 04:51:47'),
(250, 2, 'u_1', 'task', 141, 'assigned', 'Task Assignment', 'Sarah Adams assigned you new task: Frontend Dashboard Development, ID:#141.', '2025-02-08 04:52:16', '2025-02-08 04:52:16'),
(251, 2, 'u_1', 'task', 142, 'assigned', 'Task Assignment', 'Sarah Adams assigned you new task: Alert System Implementation, ID:#142.', '2025-02-08 04:52:33', '2025-02-08 04:52:33'),
(252, 2, 'u_1', 'task', 143, 'assigned', 'Task Assignment', 'Sarah Adams assigned you new task: Integration with Existing Systems, ID:#143.', '2025-02-08 04:53:36', '2025-02-08 04:53:36'),
(253, 2, 'u_1', 'task', 144, 'assigned', 'Task Assignment', 'Sarah Adams assigned you new task: Testing and Quality Assurance, ID:#144.', '2025-02-08 04:54:19', '2025-02-08 04:54:19'),
(254, 2, 'u_1', 'task', 145, 'assigned', 'Task Assignment', 'Sarah Adams assigned you new task: Deployment and Training, ID:#145.', '2025-02-08 04:55:16', '2025-02-08 04:55:16'),
(255, 2, 'u_1', 'task', 146, 'assigned', 'Task Assignment', 'Sarah Adams assigned you new task: Feedback Collection and Refinement, ID:#146.', '2025-02-08 04:56:34', '2025-02-08 04:56:34'),
(256, 2, 'u_1', 'task', 147, 'assigned', 'Task Assignment', 'Sarah Adams assigned you new task: Ongoing Support and Maintenance, ID:#147.', '2025-02-08 04:57:30', '2025-02-08 04:57:30'),
(257, 2, 'u_1', 'project', 22, 'assigned', 'Project Assignment', 'Sarah Adams assigned you new project: Smart Healthcare Monitoring System, ID:#22.', '2025-02-08 04:59:28', '2025-02-08 04:59:28'),
(258, 2, 'u_1', 'task', 148, 'assigned', 'Task Assignment', 'Sarah Adams assigned you new task: Requirement Gathering and Analysis, ID:#148.', '2025-02-08 05:03:19', '2025-02-08 05:03:19'),
(259, 2, 'u_1', 'project', 22, 'assigned', 'Project Assignment', 'Sarah Adams assigned you new project: Smart Healthcare Monitoring System, ID:#22.', '2025-02-08 05:04:04', '2025-02-08 05:04:04'),
(260, 1, 'u_1', 'workspace', 3, 'assigned', 'WorkSpace Assignment', 'Sarah Adams added you in a new workspace The Marketing Vault ( Marketing Workspace ), ID:#3.', '2025-02-09 21:25:42', '2025-02-09 21:25:42'),
(261, 3, 'u_1', 'workspace', 3, 'assigned', 'WorkSpace Assignment', 'Sarah Adams added you in a new workspace The Marketing Vault, ID:#3.', '2025-02-09 22:24:03', '2025-02-09 22:24:03'),
(262, 3, 'u_1', 'workspace', 3, 'assigned', 'WorkSpace Assignment', 'Sarah Adams added you in a new workspace The Marketing Vault, ID:#3.', '2025-02-09 22:26:02', '2025-02-09 22:26:02'),
(263, 3, 'u_1', 'project', 23, 'assigned', 'Project Assignment', 'Sarah Adams assigned you new project: Brand Amplify Campaign, ID:#23.', '2025-02-09 23:01:08', '2025-02-09 23:01:08'),
(264, 3, 'u_1', 'task', 151, 'assigned', 'Task Assignment', 'Sarah Adams assigned you new task: Conduct Brand Audit, ID:#151.', '2025-02-09 23:14:47', '2025-02-09 23:14:47');
INSERT INTO `notifications` (`id`, `workspace_id`, `from_id`, `type`, `type_id`, `action`, `title`, `message`, `created_at`, `updated_at`) VALUES
(265, 3, 'u_1', 'project', 24, 'assigned', 'Project Assignment', 'Sarah Adams assigned you new project: Global Social Media Strategy Overhaul, ID:#24.', '2025-02-09 23:34:18', '2025-02-09 23:34:18'),
(266, 3, 'u_1', 'project', 24, 'assigned', 'Project Assignment', 'Sarah Adams assigned you new project: Global Social Media Strategy Overhaul, ID:#24.', '2025-02-09 23:37:06', '2025-02-09 23:37:06'),
(267, 3, 'u_1', 'project', 24, 'assigned', 'Project Assignment', 'Sarah Adams assigned you new project: Global Social Media Strategy Overhaul, ID:#24.', '2025-02-09 23:38:56', '2025-02-09 23:38:56'),
(268, 3, 'u_1', 'task', 163, 'assigned', 'Task Assignment', 'Sarah Adams assigned you new task: Conduct a Social Media Audit, ID:#163.', '2025-02-09 23:44:13', '2025-02-09 23:44:13'),
(269, 3, 'u_1', 'task', 164, 'status_updated', 'Status Updation of a Task', 'Sarah Adams has updated the status of task Define Global Social Media Goals, ID:#164, from Default to Not Started.', '2025-02-09 23:49:36', '2025-02-09 23:49:36'),
(270, 3, 'u_1', 'task', 171, 'status_updated', 'Status Updation of a Task', 'Sarah Adams has updated the status of task Foster Community Engagement, ID:#171, from Default to Deferred.', '2025-02-10 00:05:04', '2025-02-10 00:05:04'),
(271, 3, 'u_1', 'project', 25, 'assigned', 'Project Assignment', 'Sarah Adams assigned you new project: Sustainable Product Launch Strategy, ID:#25.', '2025-02-10 00:59:21', '2025-02-10 00:59:21'),
(272, 3, 'u_1', 'task', 175, 'assigned', 'Task Assignment', 'Sarah Adams assigned you new task: Conduct Market Research, ID:#175.', '2025-02-10 01:05:49', '2025-02-10 01:05:49'),
(273, 3, 'u_1', 'project', 25, 'status_updated', 'Status Updation', 'Sarah Adams has updated the status of project Sustainable Product Launch Strategy, ID:#25, from Default to Deferred.', '2025-02-10 01:43:01', '2025-02-10 01:43:01'),
(274, 3, 'u_1', 'task', 182, 'assigned', 'Task Assignment', 'Sarah Adams assigned you new task: Launch the Marketing Campaign, ID:#182.', '2025-02-10 01:44:17', '2025-02-10 01:44:17'),
(275, 3, 'u_1', 'project', 26, 'assigned', 'Project Assignment', 'Sarah Adams assigned you new project: Brand Revitalization Campaign, ID:#26.', '2025-02-10 01:48:07', '2025-02-10 01:48:07'),
(276, 3, 'u_1', 'task', 183, 'assigned', 'Task Assignment', 'Sarah Adams assigned you new task: Conduct a Brand Audit, ID:#183.', '2025-02-10 01:57:52', '2025-02-10 01:57:52'),
(277, 3, 'u_1', 'project', 27, 'assigned', 'Project Assignment', 'Sarah Adams assigned you new project: Customer Loyalty Rewards Program, ID:#27.', '2025-02-10 02:14:30', '2025-02-10 02:14:30'),
(278, 3, 'u_1', 'task', 188, 'assigned', 'Task Assignment', 'Sarah Adams assigned you new task: Define Program Objectives and Structure, ID:#188.', '2025-02-10 02:27:23', '2025-02-10 02:27:23'),
(279, 3, 'u_1', 'task', 189, 'assigned', 'Task Assignment', 'Sarah Adams assigned you new task: Research and Select Technology Platform, ID:#189.', '2025-02-10 03:17:00', '2025-02-10 03:17:00'),
(280, 3, 'u_1', 'task', 191, 'assigned', 'Task Assignment', 'Sarah Adams assigned you new task: Build and Test the Loyalty Program Platform, ID:#191.', '2025-02-10 03:21:06', '2025-02-10 03:21:06'),
(281, 3, 'u_1', 'task', 193, 'assigned', 'Task Assignment', 'Sarah Adams assigned you new task: Monitor Performance and Engagement, ID:#193.', '2025-02-10 03:25:32', '2025-02-10 03:25:32'),
(282, 3, 'u_1', 'project', 28, 'assigned', 'Project Assignment', 'Sarah Adams assigned you new project: Digital Marketing Mastery Campaign, ID:#28.', '2025-02-10 03:27:20', '2025-02-10 03:27:20'),
(283, 3, 'u_1', 'project', 28, 'assigned', 'Project Assignment', 'Sarah Adams assigned you new project: Digital Marketing Mastery Campaign, ID:#28.', '2025-02-10 03:28:28', '2025-02-10 03:28:28'),
(284, 3, 'u_1', 'project', 28, 'status_updated', 'Status Updation', 'Sarah Adams has updated the status of project Digital Marketing Mastery Campaign, ID:#28, from Default to Not Started.', '2025-02-10 03:29:24', '2025-02-10 03:29:24'),
(286, 3, 'u_1', 'task', 194, 'assigned', 'Task Assignment', 'Sarah Adams assigned you new task: Conduct a Digital Marketing Audit, ID:#194.', '2025-02-10 03:43:27', '2025-02-10 03:43:27'),
(288, 3, 'u_1', 'meeting', 7, 'assigned', 'Meeting Assignment', 'Sarah Adams added you in a new meeting Digital Marketing Mastery Campaign Meeting, ID:#7.', '2025-02-10 04:34:05', '2025-02-10 04:34:05'),
(289, 3, 'u_1', 'meeting', 8, 'assigned', 'Meeting Assignment', 'Sarah Adams added you in a new meeting Customer Loyalty Rewards Program, ID:#8.', '2025-02-10 04:35:32', '2025-02-10 04:35:32'),
(290, 3, 'u_1', 'meeting', 9, 'assigned', 'Meeting Assignment', 'Sarah Adams added you in a new meeting Sustainable Product Launch Strategy, ID:#9.', '2025-02-10 04:39:43', '2025-02-10 04:39:43'),
(291, 3, 'u_1', 'meeting', 8, 'assigned', 'Meeting Assignment', 'Sarah Adams added you in a new meeting Customer Loyalty Rewards Program, ID:#8.', '2025-02-10 04:42:56', '2025-02-10 04:42:56'),
(292, 3, 'u_1', 'meeting', 9, 'assigned', 'Meeting Assignment', 'Sarah Adams added you in a new meeting Sustainable Product Launch Strategy, ID:#9.', '2025-02-10 04:43:29', '2025-02-10 04:43:29'),
(293, 3, 'u_1', 'meeting', 10, 'assigned', 'Meeting Assignment', 'Sarah Adams added you in a new meeting Brand Revitalization Campaign, ID:#10.', '2025-02-10 04:43:55', '2025-02-10 04:43:55'),
(294, 3, 'u_1', 'meeting', 9, 'assigned', 'Meeting Assignment', 'Sarah Adams added you in a new meeting Sustainable Product Launch Strategy, ID:#9.', '2025-02-10 04:44:29', '2025-02-10 04:44:29'),
(295, 2, 'u_1', 'project', 22, 'assigned', 'Project Assignment', 'Sarah Adams assigned you new project: Smart Healthcare Monitoring System, ID:#22.', '2025-02-10 21:26:29', '2025-02-10 21:26:29'),
(296, 2, 'u_1', 'task', 150, 'assigned', 'Task Assignment', 'Sarah Adams assigned you new task: System Architecture Design, ID:#150.', '2025-02-10 21:26:51', '2025-02-10 21:26:51'),
(297, 2, 'u_1', 'task', 149, 'assigned', 'Task Assignment', 'Sarah Adams assigned you new task: IoT Device Selection and Setup, ID:#149.', '2025-02-10 21:27:16', '2025-02-10 21:27:16'),
(298, 2, 'u_1', 'meeting', 13, 'assigned', 'Meeting Assignment', 'Sarah Adams added you in a new meeting Payment Meeting, ID:#13.', '2025-02-10 21:30:12', '2025-02-10 21:30:12'),
(299, 2, 'u_1', 'meeting', 12, 'assigned', 'Meeting Assignment', 'Sarah Adams added you in a new meeting AI-Powered Content Generator Plugin Meeting, ID:#12.', '2025-02-10 21:30:54', '2025-02-10 21:30:54'),
(300, 2, 'u_1', 'meeting', 12, 'assigned', 'Meeting Assignment', 'Sarah Adams added you in a new meeting AI-Powered Content Generator Plugin Meeting, ID:#12.', '2025-02-10 21:31:10', '2025-02-10 21:31:10'),
(301, 2, 'u_1', 'meeting', 12, 'assigned', 'Meeting Assignment', 'Sarah Adams added you in a new meeting AI-Powered Content Generator Plugin Meeting, ID:#12.', '2025-02-10 21:31:26', '2025-02-10 21:31:26'),
(302, 2, 'u_1', 'meeting', 11, 'assigned', 'Meeting Assignment', 'Sarah Adams added you in a new meeting Smart Healthcare Monitoring System Meeting, ID:#11.', '2025-02-10 21:31:56', '2025-02-10 21:31:56'),
(303, 2, 'u_1', 'meeting', 3, 'assigned', 'Meeting Assignment', 'Sarah Adams added you in a new meeting Planing with Client, ID:#3.', '2025-02-10 21:32:18', '2025-02-10 21:32:18'),
(304, 3, 'u_1', 'leave_request', 14, 'created', 'Leave Request', 'New Leave Request ID:#14 Has Been Created By Sarah Adams.', '2025-02-10 22:14:20', '2025-02-10 22:14:20'),
(305, 3, 'u_1', 'leave_request', 14, 'team_member_on_leave_alert', 'Team Member on Leave', 'Sarah Adams will be on Full leave from Tue, 11-02-2025 to Tue, 11-02-2025.', '2025-02-10 22:14:20', '2025-02-10 22:14:20'),
(306, 3, 'u_33', 'leave_request', 15, 'created', 'Leave Request', 'New Leave Request ID:#15 Has Been Created By Jessica Taylor.', '2025-02-10 22:18:13', '2025-02-10 22:18:13'),
(307, 3, 'u_34', 'leave_request', 16, 'created', 'Leave Request', 'New Leave Request ID:#16 Has Been Created By David Mitchell.', '2025-02-10 22:21:42', '2025-02-10 22:21:42'),
(308, 3, 'u_1', 'leave_request', 16, 'status_updated', 'Status Updation of a Leave Request', 'Leave Request ID:#16 Status Updated From Pending To Approved.', '2025-02-10 22:22:05', '2025-02-10 22:22:05'),
(309, 3, 'u_1', 'leave_request', 16, 'team_member_on_leave_alert', 'Team Member on Leave', 'David Mitchell will be on Full leave from Fri, 21-02-2025 to Fri, 21-02-2025.', '2025-02-10 22:22:10', '2025-02-10 22:22:10'),
(310, 1, 'u_1', 'task', 116, 'assigned', 'Task Assignment', 'Sarah Adams assigned you new task: System Design and Planning, ID:#116.', '2025-02-11 21:41:31', '2025-02-11 21:41:31'),
(311, 1, 'u_1', 'task', 117, 'assigned', 'Task Assignment', 'Sarah Adams assigned you new task: IoT Device Procurement, ID:#117.', '2025-02-11 21:41:58', '2025-02-11 21:41:58'),
(312, 1, 'u_1', 'task', 118, 'assigned', 'Task Assignment', 'Sarah Adams assigned you new task: Hardware Installation, ID:#118.', '2025-02-11 21:42:27', '2025-02-11 21:42:27'),
(313, 1, 'u_1', 'task', 119, 'assigned', 'Task Assignment', 'Sarah Adams assigned you new task: Software Development and Integration, ID:#119.', '2025-02-11 21:42:55', '2025-02-11 21:42:55'),
(314, 1, 'u_1', 'task', 120, 'assigned', 'Task Assignment', 'Sarah Adams assigned you new task: Mobile Application Development, ID:#120.', '2025-02-11 21:43:14', '2025-02-11 21:43:14'),
(315, 1, 'u_1', 'task', 121, 'assigned', 'Task Assignment', 'Sarah Adams assigned you new task: Security System Setup, ID:#121.', '2025-02-11 21:43:34', '2025-02-11 21:43:34'),
(316, 1, 'u_1', 'task', 122, 'assigned', 'Task Assignment', 'Sarah Adams assigned you new task: Testing and Quality Assurance, ID:#122.', '2025-02-11 21:44:03', '2025-02-11 21:44:03'),
(317, 1, 'u_1', 'task', 123, 'assigned', 'Task Assignment', 'Sarah Adams assigned you new task: Training and User Onboarding, ID:#123.', '2025-02-11 21:44:21', '2025-02-11 21:44:21'),
(318, 1, 'u_1', 'task', 124, 'assigned', 'Task Assignment', 'Sarah Adams assigned you new task: System Deployment, ID:#124.', '2025-02-11 21:44:45', '2025-02-11 21:44:45'),
(319, 1, 'u_1', 'task', 125, 'assigned', 'Task Assignment', 'Sarah Adams assigned you new task: Maintenance Plan Development, ID:#125.', '2025-02-11 21:45:04', '2025-02-11 21:45:04'),
(320, 1, 'u_1', 'task', 125, 'assigned', 'Task Assignment', 'Sarah Adams assigned you new task: Maintenance Plan Development, ID:#125.', '2025-02-11 21:45:28', '2025-02-11 21:45:28');

-- --------------------------------------------------------

--
-- Table structure for table `notification_user`
--

CREATE TABLE `notification_user` (
  `user_id` bigint UNSIGNED NOT NULL,
  `notification_id` bigint UNSIGNED NOT NULL,
  `is_system` tinyint(1) DEFAULT '1',
  `is_push` tinyint(1) DEFAULT '0',
  `read_at` timestamp NULL DEFAULT NULL
) ENGINE=InnoDB DEFAULT CHARSET=utf8mb4 COLLATE=utf8mb4_unicode_ci;

--
-- Dumping data for table `notification_user`
--

INSERT INTO `notification_user` (`user_id`, `notification_id`, `is_system`, `is_push`, `read_at`) VALUES
(1, 41, 1, 1, '2025-02-04 05:18:29'),
(1, 197, 1, 1, NULL),
(1, 198, 1, 1, NULL),
(1, 199, 1, 1, NULL),
(1, 200, 1, 1, NULL),
(1, 201, 1, 1, NULL),
(1, 202, 1, 1, NULL),
(1, 203, 1, 1, NULL),
(1, 204, 1, 1, NULL),
(1, 205, 1, 1, NULL),
(1, 206, 1, 1, NULL),
(1, 207, 1, 1, NULL),
(1, 224, 1, 1, NULL),
(1, 306, 1, 1, NULL),
(1, 307, 1, 1, NULL),
(2, 2, 1, 1, NULL),
(2, 3, 1, 1, NULL),
(2, 4, 1, 1, NULL),
(2, 8, 1, 1, NULL),
(2, 9, 1, 1, NULL),
(2, 10, 1, 1, NULL),
(2, 13, 1, 1, NULL),
(2, 14, 1, 1, NULL),
(2, 15, 1, 1, NULL),
(2, 16, 1, 1, NULL),
(2, 17, 1, 1, NULL),
(2, 18, 1, 1, NULL),
(2, 19, 1, 1, NULL),
(2, 20, 1, 1, NULL),
(2, 21, 1, 1, NULL),
(2, 28, 1, 1, NULL),
(2, 31, 1, 1, NULL),
(2, 32, 1, 1, NULL),
(2, 40, 1, 1, NULL),
(2, 58, 1, 1, NULL),
(2, 177, 1, 1, NULL),
(2, 178, 1, 1, NULL),
(2, 181, 1, 1, NULL),
(2, 209, 1, 1, NULL),
(2, 221, 1, 1, NULL),
(2, 223, 1, 1, NULL),
(2, 229, 1, 1, NULL),
(2, 232, 1, 1, NULL),
(2, 236, 1, 1, NULL),
(2, 244, 1, 1, NULL),
(2, 259, 1, 1, NULL),
(3, 5, 1, 1, '2025-02-04 05:21:41'),
(3, 8, 1, 1, '2025-02-04 05:21:41'),
(3, 10, 1, 1, '2025-02-04 05:21:41'),
(3, 12, 1, 1, '2025-02-04 05:21:41'),
(3, 13, 1, 1, '2025-02-04 05:21:41'),
(3, 14, 1, 1, '2025-02-04 05:21:41'),
(3, 15, 1, 1, '2025-02-04 05:21:41'),
(3, 16, 1, 1, '2025-02-04 05:21:41'),
(3, 17, 1, 1, '2025-02-04 05:21:41'),
(3, 18, 1, 1, '2025-02-04 05:21:41'),
(3, 19, 1, 1, '2025-02-04 05:21:41'),
(3, 20, 1, 1, '2025-02-04 05:21:41'),
(3, 21, 1, 1, '2025-02-04 05:21:41'),
(3, 25, 1, 1, '2025-02-04 05:21:41'),
(3, 26, 1, 1, '2025-02-04 05:21:41'),
(3, 28, 1, 1, '2025-02-04 05:21:41'),
(3, 42, 1, 1, '2025-02-04 05:21:41'),
(3, 73, 1, 1, NULL),
(3, 75, 1, 1, NULL),
(3, 76, 1, 1, NULL),
(3, 77, 1, 1, NULL),
(3, 80, 1, 1, NULL),
(3, 83, 1, 1, NULL),
(3, 84, 1, 1, NULL),
(3, 85, 1, 1, NULL),
(3, 86, 1, 1, NULL),
(3, 104, 1, 1, NULL),
(3, 177, 1, 1, NULL),
(3, 178, 1, 1, NULL),
(3, 180, 1, 1, NULL),
(3, 181, 1, 1, NULL),
(3, 184, 1, 1, NULL),
(3, 185, 1, 1, NULL),
(3, 186, 1, 1, NULL),
(3, 187, 1, 1, NULL),
(3, 190, 1, 1, NULL),
(3, 191, 1, 1, NULL),
(3, 209, 1, 1, NULL),
(3, 221, 1, 1, NULL),
(3, 223, 1, 1, NULL),
(4, 7, 1, 1, NULL),
(4, 21, 1, 1, NULL),
(4, 27, 1, 1, NULL),
(4, 29, 1, 1, NULL),
(4, 37, 1, 1, NULL),
(4, 53, 1, 1, NULL),
(4, 56, 1, 1, NULL),
(4, 57, 1, 1, NULL),
(4, 58, 1, 1, NULL),
(4, 59, 1, 1, NULL),
(4, 71, 1, 1, NULL),
(4, 73, 1, 1, NULL),
(4, 81, 1, 1, NULL),
(4, 104, 1, 1, NULL),
(4, 177, 1, 1, NULL),
(4, 178, 1, 1, NULL),
(4, 188, 1, 1, NULL),
(4, 191, 1, 1, NULL),
(4, 193, 1, 1, NULL),
(4, 221, 1, 1, NULL),
(4, 223, 1, 1, NULL),
(4, 226, 1, 1, NULL),
(4, 228, 1, 1, NULL),
(4, 233, 1, 1, NULL),
(4, 241, 1, 1, NULL),
(4, 244, 1, 1, NULL),
(4, 245, 1, 1, NULL),
(4, 246, 1, 1, NULL),
(4, 247, 1, 1, NULL),
(4, 252, 1, 1, NULL),
(4, 254, 1, 1, NULL),
(4, 256, 1, 1, NULL),
(4, 259, 1, 1, NULL),
(4, 313, 1, 1, NULL),
(4, 315, 1, 1, NULL),
(4, 318, 1, 1, NULL),
(4, 320, 1, 1, NULL),
(5, 23, 1, 1, NULL),
(5, 24, 1, 1, NULL),
(5, 25, 1, 1, NULL),
(5, 29, 1, 1, NULL),
(5, 35, 1, 1, NULL),
(5, 52, 1, 1, NULL),
(5, 54, 1, 1, NULL),
(5, 58, 1, 1, NULL),
(5, 59, 1, 1, NULL),
(5, 68, 1, 1, NULL),
(5, 69, 1, 1, NULL),
(5, 73, 1, 1, NULL),
(5, 82, 1, 1, NULL),
(5, 99, 1, 1, NULL),
(5, 100, 1, 1, NULL),
(5, 104, 1, 1, NULL),
(5, 114, 1, 1, NULL),
(5, 115, 1, 1, NULL),
(5, 177, 1, 1, NULL),
(5, 178, 1, 1, NULL),
(5, 187, 1, 1, NULL),
(5, 193, 1, 1, NULL),
(5, 209, 1, 1, NULL),
(5, 221, 1, 1, NULL),
(5, 222, 1, 1, NULL),
(5, 226, 1, 1, NULL),
(5, 228, 1, 1, NULL),
(5, 238, 1, 1, NULL),
(5, 244, 1, 1, NULL),
(5, 253, 1, 1, NULL),
(5, 259, 1, 1, NULL),
(5, 315, 1, 1, NULL),
(5, 316, 1, 1, NULL),
(6, 29, 1, 1, NULL),
(6, 34, 1, 1, NULL),
(6, 36, 1, 1, NULL),
(6, 193, 1, 1, NULL),
(6, 218, 1, 1, NULL),
(6, 220, 1, 1, NULL),
(6, 223, 1, 1, NULL),
(6, 311, 1, 1, NULL),
(6, 313, 1, 1, NULL),
(6, 314, 1, 1, NULL),
(6, 316, 1, 1, NULL),
(6, 318, 1, 1, NULL),
(6, 320, 1, 1, NULL),
(7, 29, 1, 1, NULL),
(7, 30, 1, 1, NULL),
(7, 32, 1, 1, NULL),
(7, 34, 1, 1, NULL),
(7, 35, 1, 1, NULL),
(7, 36, 1, 1, NULL),
(7, 37, 1, 1, NULL),
(7, 38, 1, 1, NULL),
(7, 40, 1, 1, NULL),
(7, 43, 1, 1, NULL),
(7, 44, 1, 1, NULL),
(7, 45, 1, 1, NULL),
(7, 46, 1, 1, NULL),
(7, 47, 1, 1, NULL),
(7, 48, 1, 1, NULL),
(7, 49, 1, 1, NULL),
(7, 50, 1, 1, NULL),
(7, 51, 1, 1, NULL),
(7, 54, 1, 1, NULL),
(7, 55, 1, 1, NULL),
(7, 56, 1, 1, NULL),
(7, 57, 1, 1, NULL),
(7, 74, 1, 1, NULL),
(7, 75, 1, 1, NULL),
(7, 76, 1, 1, NULL),
(7, 78, 1, 1, NULL),
(7, 79, 1, 1, NULL),
(7, 81, 1, 1, NULL),
(7, 83, 1, 1, NULL),
(7, 86, 1, 1, NULL),
(7, 104, 1, 1, NULL),
(7, 154, 1, 1, NULL),
(7, 155, 1, 1, NULL),
(7, 156, 1, 1, NULL),
(7, 157, 1, 1, NULL),
(7, 158, 1, 1, NULL),
(7, 159, 1, 1, NULL),
(7, 160, 1, 1, NULL),
(7, 164, 1, 1, NULL),
(7, 166, 1, 1, NULL),
(7, 168, 1, 1, NULL),
(7, 170, 1, 1, NULL),
(7, 171, 1, 1, NULL),
(7, 172, 1, 1, NULL),
(7, 173, 1, 1, NULL),
(7, 176, 1, 1, NULL),
(7, 177, 1, 1, NULL),
(7, 178, 1, 1, NULL),
(7, 179, 1, 1, NULL),
(7, 180, 1, 1, NULL),
(7, 183, 1, 1, NULL),
(7, 186, 1, 1, NULL),
(7, 189, 1, 1, NULL),
(7, 192, 1, 1, NULL),
(7, 193, 1, 1, NULL),
(7, 209, 1, 1, NULL),
(7, 212, 1, 1, NULL),
(7, 215, 1, 1, NULL),
(7, 216, 1, 1, NULL),
(7, 221, 1, 1, NULL),
(7, 223, 1, 1, NULL),
(7, 310, 1, 1, NULL),
(7, 311, 1, 1, NULL),
(7, 316, 1, 1, NULL),
(7, 317, 1, 1, NULL),
(7, 318, 1, 1, NULL),
(7, 319, 1, 1, NULL),
(8, 33, 1, 1, NULL),
(8, 34, 1, 1, NULL),
(8, 36, 1, 1, NULL),
(8, 43, 1, 1, NULL),
(8, 45, 1, 1, NULL),
(8, 46, 1, 1, NULL),
(8, 48, 1, 1, NULL),
(8, 49, 1, 1, NULL),
(8, 50, 1, 1, NULL),
(8, 51, 1, 1, NULL),
(8, 54, 1, 1, NULL),
(8, 55, 1, 1, NULL),
(8, 182, 1, 1, NULL),
(8, 183, 1, 1, NULL),
(8, 184, 1, 1, NULL),
(8, 186, 1, 1, NULL),
(8, 190, 1, 1, NULL),
(8, 191, 1, 1, NULL),
(8, 209, 1, 1, NULL),
(8, 214, 1, 1, NULL),
(8, 221, 1, 1, NULL),
(8, 223, 1, 1, NULL),
(9, 58, 1, 1, NULL),
(9, 59, 1, 1, NULL),
(9, 60, 1, 1, NULL),
(9, 61, 1, 1, NULL),
(9, 62, 1, 1, NULL),
(9, 63, 1, 1, NULL),
(9, 64, 1, 1, NULL),
(9, 65, 1, 1, NULL),
(9, 66, 1, 1, NULL),
(9, 67, 1, 1, NULL),
(9, 68, 1, 1, NULL),
(9, 69, 1, 1, NULL),
(9, 70, 1, 1, NULL),
(9, 72, 1, 1, NULL),
(9, 213, 1, 1, NULL),
(9, 221, 1, 1, NULL),
(9, 223, 1, 1, NULL),
(9, 225, 1, 1, NULL),
(9, 228, 1, 1, NULL),
(9, 230, 1, 1, NULL),
(9, 231, 1, 1, NULL),
(9, 232, 1, 1, NULL),
(9, 234, 1, 1, NULL),
(9, 235, 1, 1, NULL),
(9, 236, 1, 1, NULL),
(9, 237, 1, 1, NULL),
(9, 238, 1, 1, NULL),
(9, 239, 1, 1, NULL),
(9, 244, 1, 1, NULL),
(9, 246, 1, 1, NULL),
(9, 247, 1, 1, NULL),
(9, 248, 1, 1, NULL),
(9, 249, 1, 1, NULL),
(9, 250, 1, 1, NULL),
(9, 251, 1, 1, NULL),
(9, 252, 1, 1, NULL),
(9, 253, 1, 1, NULL),
(9, 255, 1, 1, NULL),
(9, 256, 1, 1, NULL),
(9, 259, 1, 1, NULL),
(9, 296, 1, 1, NULL),
(9, 297, 1, 1, NULL),
(10, 59, 1, 1, NULL),
(10, 60, 1, 1, NULL),
(10, 61, 1, 1, NULL),
(10, 62, 1, 1, NULL),
(10, 63, 1, 1, NULL),
(10, 64, 1, 1, NULL),
(10, 65, 1, 1, NULL),
(10, 66, 1, 1, NULL),
(10, 67, 1, 1, NULL),
(10, 68, 1, 1, NULL),
(10, 69, 1, 1, NULL),
(10, 70, 1, 1, NULL),
(10, 71, 1, 1, NULL),
(10, 72, 1, 1, NULL),
(10, 227, 1, 1, NULL),
(10, 230, 1, 1, NULL),
(10, 240, 1, 1, NULL),
(10, 241, 1, 1, NULL),
(10, 244, 1, 1, NULL),
(10, 245, 1, 1, NULL),
(10, 247, 1, 1, NULL),
(10, 254, 1, 1, NULL),
(10, 255, 1, 1, NULL),
(10, 256, 1, 1, NULL),
(10, 259, 1, 1, NULL),
(10, 297, 1, 1, NULL),
(11, 87, 1, 1, NULL),
(11, 88, 1, 1, NULL),
(11, 90, 1, 1, NULL),
(11, 91, 1, 1, NULL),
(11, 92, 1, 1, NULL),
(11, 93, 1, 1, NULL),
(11, 94, 1, 1, NULL),
(11, 95, 1, 1, NULL),
(11, 100, 1, 1, NULL),
(11, 101, 1, 1, NULL),
(11, 102, 1, 1, NULL),
(11, 103, 1, 1, NULL),
(11, 105, 1, 1, NULL),
(11, 106, 1, 1, NULL),
(11, 107, 1, 1, NULL),
(11, 111, 1, 1, NULL),
(11, 112, 1, 1, NULL),
(11, 113, 1, 1, NULL),
(11, 116, 1, 1, NULL),
(11, 193, 1, 1, NULL),
(11, 196, 1, 1, NULL),
(11, 211, 1, 1, NULL),
(11, 221, 1, 1, NULL),
(11, 223, 1, 1, NULL),
(11, 310, 1, 1, NULL),
(11, 320, 1, 1, NULL),
(12, 87, 1, 1, NULL),
(12, 88, 1, 1, NULL),
(12, 90, 1, 1, NULL),
(12, 93, 1, 1, NULL),
(12, 95, 1, 1, NULL),
(12, 96, 1, 1, NULL),
(12, 103, 1, 1, NULL),
(12, 105, 1, 1, NULL),
(12, 106, 1, 1, NULL),
(12, 107, 1, 1, NULL),
(12, 108, 1, 1, NULL),
(12, 109, 1, 1, NULL),
(12, 193, 1, 1, NULL),
(12, 221, 1, 1, NULL),
(12, 223, 1, 1, NULL),
(13, 87, 1, 1, NULL),
(13, 88, 1, 1, NULL),
(13, 90, 1, 1, NULL),
(13, 91, 1, 1, NULL),
(13, 98, 1, 1, NULL),
(13, 103, 1, 1, NULL),
(13, 105, 1, 1, NULL),
(13, 221, 1, 1, NULL),
(13, 223, 1, 1, NULL),
(14, 87, 1, 1, NULL),
(14, 88, 1, 1, NULL),
(14, 95, 1, 1, NULL),
(14, 96, 1, 1, NULL),
(14, 97, 1, 1, NULL),
(14, 103, 1, 1, NULL),
(14, 110, 1, 1, NULL),
(14, 111, 1, 1, NULL),
(14, 112, 1, 1, NULL),
(14, 113, 1, 1, NULL),
(14, 115, 1, 1, NULL),
(14, 209, 1, 1, NULL),
(14, 221, 1, 1, NULL),
(14, 223, 1, 1, NULL),
(15, 87, 1, 1, NULL),
(15, 88, 1, 1, NULL),
(15, 93, 1, 1, NULL),
(15, 94, 1, 1, NULL),
(15, 95, 1, 1, NULL),
(15, 96, 1, 1, NULL),
(15, 97, 1, 1, NULL),
(15, 102, 1, 1, NULL),
(15, 103, 1, 1, NULL),
(15, 107, 1, 1, NULL),
(15, 108, 1, 1, NULL),
(15, 109, 1, 1, NULL),
(15, 110, 1, 1, NULL),
(15, 111, 1, 1, NULL),
(15, 112, 1, 1, NULL),
(15, 113, 1, 1, NULL),
(15, 115, 1, 1, NULL),
(15, 116, 1, 1, NULL),
(15, 140, 1, 1, NULL),
(15, 146, 1, 1, NULL),
(15, 150, 1, 1, NULL),
(15, 153, 1, 1, NULL),
(15, 193, 1, 1, NULL),
(15, 221, 1, 1, NULL),
(15, 223, 1, 1, NULL),
(15, 311, 1, 1, NULL),
(15, 312, 1, 1, NULL),
(15, 315, 1, 1, NULL),
(16, 118, 1, 1, NULL),
(16, 119, 1, 1, NULL),
(16, 120, 1, 1, NULL),
(16, 122, 1, 1, NULL),
(16, 124, 1, 1, NULL),
(16, 129, 1, 1, NULL),
(16, 130, 1, 1, NULL),
(16, 131, 1, 1, NULL),
(16, 132, 1, 1, NULL),
(16, 133, 1, 1, NULL),
(16, 134, 1, 1, NULL),
(16, 135, 1, 1, NULL),
(16, 136, 1, 1, NULL),
(16, 137, 1, 1, NULL),
(16, 140, 1, 1, NULL),
(16, 142, 1, 1, NULL),
(16, 153, 1, 1, NULL),
(16, 162, 1, 1, NULL),
(16, 163, 1, 1, NULL),
(16, 164, 1, 1, NULL),
(16, 166, 1, 1, NULL),
(16, 172, 1, 1, NULL),
(16, 173, 1, 1, NULL),
(16, 192, 1, 1, NULL),
(16, 194, 1, 1, NULL),
(16, 195, 1, 1, NULL),
(16, 209, 1, 1, NULL),
(16, 215, 1, 1, NULL),
(16, 221, 1, 1, NULL),
(16, 223, 1, 1, NULL),
(17, 118, 1, 1, NULL),
(17, 120, 1, 1, NULL),
(17, 136, 1, 1, NULL),
(17, 145, 1, 1, NULL),
(17, 146, 1, 1, NULL),
(17, 215, 1, 1, NULL),
(17, 221, 1, 1, NULL),
(17, 223, 1, 1, NULL),
(18, 118, 1, 1, NULL),
(18, 124, 1, 1, NULL),
(18, 129, 1, 1, NULL),
(18, 134, 1, 1, NULL),
(18, 135, 1, 1, NULL),
(18, 147, 1, 1, NULL),
(18, 148, 1, 1, NULL),
(18, 221, 1, 1, NULL),
(18, 223, 1, 1, NULL),
(19, 118, 1, 1, NULL),
(19, 122, 1, 1, NULL),
(19, 126, 1, 1, NULL),
(19, 129, 1, 1, NULL),
(19, 134, 1, 1, NULL),
(19, 137, 1, 1, NULL),
(19, 138, 1, 1, NULL),
(19, 140, 1, 1, NULL),
(19, 149, 1, 1, NULL),
(19, 150, 1, 1, NULL),
(19, 152, 1, 1, NULL),
(19, 153, 1, 1, NULL),
(19, 155, 1, 1, NULL),
(19, 157, 1, 1, NULL),
(19, 159, 1, 1, NULL),
(19, 160, 1, 1, NULL),
(19, 166, 1, 1, NULL),
(19, 167, 1, 1, NULL),
(19, 168, 1, 1, NULL),
(19, 169, 1, 1, NULL),
(19, 170, 1, 1, NULL),
(19, 171, 1, 1, NULL),
(19, 173, 1, 1, NULL),
(19, 177, 1, 1, NULL),
(19, 178, 1, 1, NULL),
(19, 180, 1, 1, NULL),
(19, 186, 1, 1, NULL),
(19, 188, 1, 1, NULL),
(19, 189, 1, 1, NULL),
(19, 190, 1, 1, NULL),
(19, 192, 1, 1, NULL),
(19, 194, 1, 1, NULL),
(19, 215, 1, 1, NULL),
(19, 221, 1, 1, NULL),
(19, 223, 1, 1, NULL),
(20, 118, 1, 1, NULL),
(20, 128, 1, 1, NULL),
(20, 130, 1, 1, NULL),
(20, 133, 1, 1, NULL),
(20, 138, 1, 1, NULL),
(20, 143, 1, 1, NULL),
(20, 144, 1, 1, NULL),
(20, 149, 1, 1, NULL),
(20, 151, 1, 1, NULL),
(20, 156, 1, 1, NULL),
(20, 158, 1, 1, NULL),
(20, 174, 1, 1, NULL),
(20, 175, 1, 1, NULL),
(20, 176, 1, 1, NULL),
(20, 192, 1, 1, NULL),
(20, 208, 1, 1, NULL),
(20, 221, 1, 1, NULL),
(20, 223, 1, 1, NULL),
(29, 161, 1, 1, NULL),
(29, 165, 1, 1, NULL),
(29, 168, 1, 1, NULL),
(29, 169, 1, 1, NULL),
(29, 192, 1, 1, NULL),
(29, 221, 1, 1, NULL),
(29, 223, 1, 1, NULL),
(30, 161, 1, 1, NULL),
(30, 165, 1, 1, NULL),
(30, 168, 1, 1, NULL),
(30, 192, 1, 1, NULL),
(30, 221, 1, 1, NULL),
(30, 223, 1, 1, NULL),
(31, 161, 1, 1, NULL),
(31, 164, 1, 1, NULL),
(31, 165, 1, 1, NULL),
(31, 168, 1, 1, NULL),
(31, 169, 1, 1, NULL),
(31, 192, 1, 1, NULL),
(31, 210, 1, 1, NULL),
(31, 221, 1, 1, NULL),
(31, 223, 1, 1, NULL),
(32, 263, 1, 1, NULL),
(32, 264, 1, 1, NULL),
(32, 267, 1, 1, NULL),
(32, 271, 1, 1, NULL),
(32, 272, 1, 1, NULL),
(32, 273, 1, 1, NULL),
(32, 274, 1, 1, NULL),
(32, 277, 1, 1, NULL),
(32, 278, 1, 1, NULL),
(32, 279, 1, 1, NULL),
(32, 283, 1, 1, NULL),
(32, 284, 1, 1, NULL),
(32, 288, 1, 1, NULL),
(32, 305, 1, 1, NULL),
(32, 309, 1, 1, NULL),
(33, 263, 1, 1, NULL),
(33, 264, 1, 1, NULL),
(33, 271, 1, 1, NULL),
(33, 272, 1, 1, NULL),
(33, 273, 1, 1, NULL),
(33, 274, 1, 1, NULL),
(33, 277, 1, 1, NULL),
(33, 278, 1, 1, NULL),
(33, 280, 1, 1, NULL),
(33, 283, 1, 1, NULL),
(33, 284, 1, 1, NULL),
(33, 286, 1, 1, NULL),
(33, 288, 1, 1, NULL),
(33, 305, 1, 1, NULL),
(33, 309, 1, 1, NULL),
(34, 263, 1, 1, NULL),
(34, 264, 1, 1, NULL),
(34, 267, 1, 1, NULL),
(34, 268, 1, 1, NULL),
(34, 269, 1, 1, NULL),
(34, 270, 1, 1, NULL),
(34, 271, 1, 1, NULL),
(34, 272, 1, 1, NULL),
(34, 273, 1, 1, NULL),
(34, 274, 1, 1, NULL),
(34, 277, 1, 1, NULL),
(34, 278, 1, 1, NULL),
(34, 280, 1, 1, NULL),
(34, 283, 1, 1, NULL),
(34, 284, 1, 1, NULL),
(34, 286, 1, 1, NULL),
(34, 305, 1, 1, NULL),
(34, 308, 1, 1, NULL),
(35, 263, 1, 1, NULL),
(35, 264, 1, 1, NULL),
(35, 271, 1, 1, NULL),
(35, 272, 1, 1, NULL),
(35, 273, 1, 1, NULL),
(35, 277, 1, 1, NULL),
(35, 278, 1, 1, NULL),
(35, 279, 1, 1, NULL),
(35, 281, 1, 1, NULL),
(35, 290, 1, 1, NULL),
(35, 305, 1, 1, NULL),
(36, 263, 1, 1, NULL),
(36, 264, 1, 1, NULL),
(36, 271, 1, 1, NULL),
(36, 272, 1, 1, NULL),
(36, 273, 1, 1, NULL),
(36, 305, 1, 1, NULL),
(37, 263, 1, 1, NULL),
(37, 266, 1, 1, NULL),
(37, 268, 1, 1, NULL),
(37, 269, 1, 1, NULL),
(37, 270, 1, 1, NULL),
(37, 271, 1, 1, NULL),
(37, 272, 1, 1, NULL),
(37, 273, 1, 1, NULL),
(37, 283, 1, 1, NULL),
(37, 284, 1, 1, NULL),
(37, 286, 1, 1, NULL),
(37, 291, 1, 1, NULL),
(37, 305, 1, 1, NULL),
(38, 266, 1, 1, NULL),
(38, 268, 1, 1, NULL),
(38, 269, 1, 1, NULL),
(38, 270, 1, 1, NULL),
(38, 271, 1, 1, NULL),
(38, 272, 1, 1, NULL),
(38, 273, 1, 1, NULL),
(38, 275, 1, 1, NULL),
(38, 276, 1, 1, NULL),
(38, 305, 1, 1, NULL),
(39, 266, 1, 1, NULL),
(39, 268, 1, 1, NULL),
(39, 269, 1, 1, NULL),
(39, 270, 1, 1, NULL),
(39, 275, 1, 1, NULL),
(39, 276, 1, 1, NULL),
(39, 305, 1, 1, NULL),
(40, 266, 1, 1, NULL),
(40, 268, 1, 1, NULL),
(40, 269, 1, 1, NULL),
(40, 270, 1, 1, NULL),
(40, 275, 1, 1, NULL),
(40, 276, 1, 1, NULL),
(40, 305, 1, 1, NULL),
(41, 266, 1, 1, NULL),
(41, 268, 1, 1, NULL),
(41, 269, 1, 1, NULL),
(41, 270, 1, 1, NULL),
(41, 275, 1, 1, NULL),
(41, 276, 1, 1, NULL),
(41, 305, 1, 1, NULL);

-- --------------------------------------------------------

--
-- Table structure for table `password_resets`
--

CREATE TABLE `password_resets` (
  `email` varchar(255) CHARACTER SET utf8mb4 COLLATE utf8mb4_unicode_ci NOT NULL,
  `token` varchar(255) CHARACTER SET utf8mb4 COLLATE utf8mb4_unicode_ci NOT NULL,
  `created_at` timestamp NULL DEFAULT NULL
) ENGINE=InnoDB DEFAULT CHARSET=utf8mb4 COLLATE=utf8mb4_unicode_ci;

-- --------------------------------------------------------

--
-- Table structure for table `payments`
--

CREATE TABLE `payments` (
  `id` bigint UNSIGNED NOT NULL,
  `workspace_id` bigint UNSIGNED NOT NULL,
  `user_id` bigint UNSIGNED DEFAULT NULL,
  `invoice_id` bigint UNSIGNED DEFAULT NULL,
  `payment_method_id` bigint UNSIGNED DEFAULT NULL,
  `amount` double NOT NULL,
  `payment_date` date NOT NULL,
  `note` text CHARACTER SET utf8mb4 COLLATE utf8mb4_unicode_ci,
  `created_by` varchar(56) CHARACTER SET utf8mb4 COLLATE utf8mb4_unicode_ci NOT NULL,
  `created_at` timestamp NULL DEFAULT NULL,
  `updated_at` timestamp NULL DEFAULT NULL
) ENGINE=InnoDB DEFAULT CHARSET=utf8mb4 COLLATE=utf8mb4_unicode_ci;

--
-- Dumping data for table `payments`
--

INSERT INTO `payments` (`id`, `workspace_id`, `user_id`, `invoice_id`, `payment_method_id`, `amount`, `payment_date`, `note`, `created_by`, `created_at`, `updated_at`) VALUES
(1, 1, 4, 2, 18, 600, '2025-02-04', 'Given by Olivia Clark', 'u_1', '2025-02-04 05:10:28', '2025-02-04 05:12:46'),
(2, 1, 7, 4, 21, 500, '2025-02-05', NULL, 'u_1', '2025-02-04 22:51:02', '2025-02-04 22:51:02'),
(3, 2, 10, 7, 23, 500, '2025-02-05', NULL, 'u_1', '2025-02-05 01:52:53', '2025-02-05 01:52:53');

-- --------------------------------------------------------

--
-- Table structure for table `payment_methods`
--

CREATE TABLE `payment_methods` (
  `id` bigint UNSIGNED NOT NULL,
  `workspace_id` bigint UNSIGNED DEFAULT NULL,
  `title` varchar(255) CHARACTER SET utf8mb4 COLLATE utf8mb4_unicode_ci NOT NULL,
  `created_at` timestamp NULL DEFAULT NULL,
  `updated_at` timestamp NULL DEFAULT NULL
) ENGINE=InnoDB DEFAULT CHARSET=utf8mb4 COLLATE=utf8mb4_unicode_ci;

--
-- Dumping data for table `payment_methods`
--

INSERT INTO `payment_methods` (`id`, `workspace_id`, `title`, `created_at`, `updated_at`) VALUES
(0, NULL, 'Default', NULL, NULL),
(18, 1, 'Bank Transfer', '2025-02-04 03:07:09', '2025-02-04 03:07:09'),
(19, 1, 'UPI', '2025-02-04 03:07:18', '2025-02-04 03:07:18'),
(20, 1, 'Cash', '2025-02-04 04:05:57', '2025-02-04 04:05:57'),
(21, 1, 'Check', '2025-02-04 04:06:03', '2025-02-04 04:06:09'),
(22, 1, 'Draft', '2025-02-04 04:06:15', '2025-02-04 04:06:15'),
(23, 2, 'Cash Payment', '2025-02-05 01:23:30', '2025-02-05 01:23:30'),
(24, 2, 'Direct Bank Transfer', '2025-02-05 01:23:52', '2025-02-05 01:23:52'),
(25, 1, 'NFT', '2025-02-08 01:37:29', '2025-02-08 01:37:29'),
(26, 3, 'Bank Transfer Payment', '2025-02-10 21:59:10', '2025-02-10 21:59:10');

-- --------------------------------------------------------

--
-- Table structure for table `payslips`
--

CREATE TABLE `payslips` (
  `id` bigint UNSIGNED NOT NULL,
  `user_id` bigint UNSIGNED NOT NULL,
  `workspace_id` bigint UNSIGNED NOT NULL,
  `payment_method_id` bigint UNSIGNED DEFAULT NULL,
  `month` varchar(128) CHARACTER SET utf8mb4 COLLATE utf8mb4_unicode_ci NOT NULL,
  `working_days` double NOT NULL,
  `lop_days` double NOT NULL,
  `paid_days` double NOT NULL,
  `basic_salary` double NOT NULL,
  `leave_deduction` double NOT NULL,
  `ot_hours` double NOT NULL DEFAULT '0',
  `ot_rate` double NOT NULL DEFAULT '0',
  `ot_payment` double NOT NULL DEFAULT '0',
  `total_allowance` double NOT NULL DEFAULT '0',
  `incentives` double NOT NULL DEFAULT '0',
  `bonus` double NOT NULL DEFAULT '0',
  `total_earnings` double NOT NULL,
  `total_deductions` double NOT NULL DEFAULT '0',
  `net_pay` double NOT NULL,
  `payment_date` timestamp NULL DEFAULT NULL,
  `status` tinyint NOT NULL,
  `note` text CHARACTER SET utf8mb4 COLLATE utf8mb4_unicode_ci,
  `created_by` varchar(56) CHARACTER SET utf8mb4 COLLATE utf8mb4_unicode_ci NOT NULL,
  `created_at` timestamp NULL DEFAULT NULL,
  `updated_at` timestamp NULL DEFAULT NULL
) ENGINE=InnoDB DEFAULT CHARSET=utf8mb4 COLLATE=utf8mb4_unicode_ci;

--
-- Dumping data for table `payslips`
--

INSERT INTO `payslips` (`id`, `user_id`, `workspace_id`, `payment_method_id`, `month`, `working_days`, `lop_days`, `paid_days`, `basic_salary`, `leave_deduction`, `ot_hours`, `ot_rate`, `ot_payment`, `total_allowance`, `incentives`, `bonus`, `total_earnings`, `total_deductions`, `net_pay`, `payment_date`, `status`, `note`, `created_by`, `created_at`, `updated_at`) VALUES
(1, 2, 1, 18, '2025-01', 25, 2, 23, 500, 40, 3, 10, 30, 40, 10, 50, 560.5, 29.5, 560.5, '2025-01-30 18:30:00', 1, 'Already Paid', 'u_1', '2025-02-04 03:10:42', '2025-02-04 03:10:42'),
(2, 7, 1, 18, '2025-01', 22, 2, 20, 5000, 454.54, 3, 100, 300, 80, 50, 50, 4736.19, 278.77, 4736.19, '2025-01-30 18:30:00', 1, 'Already Paid', 'u_1', '2025-02-04 03:11:02', '2025-02-04 03:12:22'),
(3, 6, 1, NULL, '2025-01', 25, 2, 23, 800, 64, 5, 20, 100, 10, 15, 50, 847.23, 63.77, 847.23, NULL, 0, 'Pending to Pay..', 'u_1', '2025-02-04 03:14:47', '2025-02-04 03:14:47'),
(4, 4, 1, NULL, '2025-01', 25, 4, 21, 3000, 480, 5, 75, 375, 40, 0, 100, 2681.42, 353.58, 2681.42, NULL, 0, 'Pening to Pay..', 'u_1', '2025-02-04 03:17:34', '2025-02-04 03:17:34'),
(5, 3, 1, 20, '2025-01', 25, 3, 22, 2500, 300, 5, 15, 75, 20, 10, 50, 2190.15, 164.85, 2190.15, '2025-01-30 18:30:00', 1, 'Pay by Cash', 'u_1', '2025-02-04 05:53:46', '2025-02-04 05:53:46'),
(6, 10, 2, 24, '2025-01', 25, 2, 23, 5000, 400, 5, 10, 50, 100, 10, 50, 4713.8, 96.2, 4713.8, '2025-01-30 18:30:00', 1, 'Already Paid.....', 'u_1', '2025-02-05 01:27:06', '2025-02-05 01:27:06'),
(7, 9, 2, NULL, '2025-01', 31, 2, 29, 3000, 193.54, 5, 10, 50, 100, 10, 50, 4713.8, 96.2, 2916.46, NULL, 0, 'UnPaid', 'u_1', '2025-02-05 01:32:09', '2025-02-05 01:33:21'),
(8, 5, 1, 19, '2025-01', 31, 3, 28, 3500, 338.7, 5, 15, 75, 20, 10, 50, 2190.15, 164.85, 3296.3, '2025-01-30 18:30:00', 1, 'Pay by UPI', 'u_1', '2025-02-07 23:44:39', '2025-02-07 23:45:57'),
(9, 8, 1, 21, '2025-01', 31, 3, 28, 3100, 300, 2, 15, 30, 40, 10, 50, 2905, 169.85, 2905, '2025-01-30 18:30:00', 1, 'Pay by Check', 'u_1', '2025-02-07 23:53:27', '2025-02-07 23:54:37'),
(10, 9, 1, NULL, '2025-01', 31, 3, 28, 4100, 396.78, 2, 15, 30, 70, 10, 50, 3555.59, 437.48, 3555.59, NULL, 0, 'Pending to pay', 'u_1', '2025-02-07 23:57:22', '2025-02-07 23:59:06'),
(11, 11, 1, 21, '2025-01', 31, 3, 28, 7000, 677.43, 15, 15, 225, 100, 150, 500, 3555.59, 705.11, 7197.57, '2024-12-30 18:30:00', 1, 'Paid Using Check', 'u_1', '2025-02-07 23:59:24', '2025-02-08 00:01:05'),
(12, 12, 1, 21, '2025-01', 31, 3, 28, 3800, 367.74, 2, 15, 30, 60, 15, 500, 3997.26, 169.85, 3997.26, '2025-01-30 18:30:00', 1, 'Pay by Check', 'u_1', '2025-02-08 00:01:35', '2025-02-08 00:03:12'),
(13, 13, 1, 21, '2025-01', 31, 3, 28, 5000, 483.87, 2, 15, 30, 80, 15, 500, 3997.26, 169.85, 5061.13, '2025-01-30 18:30:00', 1, 'Pay by Check', 'u_1', '2025-02-08 00:05:24', '2025-02-08 00:11:04'),
(14, 14, 1, 21, '2025-01', 31, 3, 28, 3000, 290.31, 15, 15, 225, 100, 15, 50, 3019.69, 169.85, 3019.69, '2025-01-30 18:30:00', 1, 'Pay by Check', 'u_1', '2025-02-08 00:12:30', '2025-02-08 00:13:07'),
(15, 15, 1, 21, '2025-01', 31, 3, 28, 5000, 483.87, 15, 15, 225, 100, 15, 50, 2999.69, 169.85, 4806.13, '2025-01-30 18:30:00', 1, 'Pay by Check', 'u_1', '2025-02-08 00:13:16', '2025-02-08 00:14:04'),
(16, 16, 1, NULL, '2025-01', 31, 3, 28, 7000, 677.43, 5, 150, 750, 100, 150, 500, 2999.69, 169.85, 7722.57, NULL, 0, 'Pay by Check', 'u_1', '2025-02-08 00:14:25', '2025-02-08 00:15:03'),
(17, 17, 1, 21, '2025-01', 31, 3, 28, 2000, 193.56, 15, 15, 225, 120, 15, 50, 2116.44, 169.85, 2116.44, '2025-01-30 18:30:00', 1, 'Pay by Check', 'u_1', '2025-02-08 00:15:21', '2025-02-08 00:16:04'),
(18, 18, 1, 21, '2025-01', 31, 3, 28, 5000, 483.87, 150, 150, 22500, 150, 15, 50, 27111.13, 169.85, 27111.13, '2025-01-30 18:30:00', 1, 'Pay by Check', 'u_1', '2025-02-08 00:18:05', '2025-02-08 00:19:03'),
(19, 19, 1, 21, '2025-01', 31, 3, 28, 7000, 677.43, 11, 15, 165, 120, 15, 500, 2116.44, 169.85, 7002.57, '2025-01-30 18:30:00', 1, 'Pay by Check', 'u_1', '2025-02-08 00:23:20', '2025-02-08 00:24:31'),
(20, 20, 1, NULL, '2025-01', 31, 10, 21, 4000, 1290.3, 11, 15, 165, 120, 150, 500, 2116.44, 169.85, 3524.7, NULL, 0, 'Pay by Check', 'u_1', '2025-02-08 00:24:55', '2025-02-08 00:25:30'),
(21, 29, 1, 19, '2025-01', 31, 3, 28, 2000, 193.56, 11, 15, 165, 140, 15, 500, 2506.44, 169.85, 2506.44, '2025-01-30 18:30:00', 1, 'Pay by UPI', 'u_1', '2025-02-08 00:25:57', '2025-02-08 00:27:07'),
(22, 30, 1, 19, '2025-01', 31, 3, 28, 2000, 193.56, 11, 15, 165, 140, 15, 500, 2506.44, 169.85, 2486.44, '2025-01-30 18:30:00', 1, 'Pay by UPI', 'u_1', '2025-02-08 00:27:26', '2025-02-08 00:27:50'),
(23, 31, 1, 19, '2025-01', 31, 3, 28, 2000, 193.56, 11, 15, 165, 140, 15, 500, 2506.44, 169.85, 2486.44, '2025-01-30 18:30:00', 1, 'Pay by UPI', 'u_1', '2025-02-08 00:28:06', '2025-02-08 00:28:27'),
(24, 4, 2, 24, '2025-01', 31, 2, 29, 30000, 1935.48, 5, 10, 50, 200, 10, 50, 28274.52, 96.2, 28274.52, '2025-02-10 18:30:00', 1, 'UnPaid', 'u_1', '2025-02-10 21:33:17', '2025-02-10 21:34:33'),
(25, 37, 3, 26, '2025-01', 31, 2, 29, 2000, 129.04, 6, 20, 120, 100, 5, 15, 2080, 0, 2010.96, '2025-01-30 18:30:00', 1, 'Already Paid', 'u_1', '2025-02-10 21:58:20', '2025-02-10 21:59:51'),
(26, 33, 3, 26, '2025-01', 31, 2, 29, 3500, 225.8, 6, 20, 120, 600, 5, 15, 3914.2, 0, 3914.2, '2025-01-30 18:30:00', 1, 'Already Paid', 'u_1', '2025-02-10 22:00:26', '2025-02-10 22:01:30'),
(27, 34, 3, NULL, '2025-01', 24, 2, 22, 20000, 1666.66, 6, 20, 120, 100, 5, 150, 2080, 0, 18608.34, NULL, 0, 'Already Paid', 'u_1', '2025-02-10 22:00:30', '2025-02-10 22:02:17'),
(28, 35, 3, NULL, '2025-01', 24, 2, 22, 2000, 166.66, 6, 20, 120, 100, 5, 15, 2080, 0, 1973.34, NULL, 0, NULL, 'u_1', '2025-02-10 22:00:33', '2025-02-10 22:02:58'),
(29, 36, 3, 26, '2025-01', 24, 2, 22, 4000, 333.34, 6, 20, 120, 100, 5, 15, 2080, 0, 3806.66, '2025-01-30 18:30:00', 1, 'Already Paid', 'u_1', '2025-02-10 22:00:36', '2025-02-10 22:03:44');

-- --------------------------------------------------------

--
-- Table structure for table `permissions`
--

CREATE TABLE `permissions` (
  `id` bigint UNSIGNED NOT NULL,
  `name` varchar(191) CHARACTER SET utf8mb4 COLLATE utf8mb4_unicode_ci NOT NULL,
  `guard_name` varchar(191) CHARACTER SET utf8mb4 COLLATE utf8mb4_unicode_ci NOT NULL,
  `created_at` timestamp NULL DEFAULT CURRENT_TIMESTAMP,
  `updated_at` timestamp NULL DEFAULT CURRENT_TIMESTAMP ON UPDATE CURRENT_TIMESTAMP
) ENGINE=InnoDB DEFAULT CHARSET=utf8mb4 COLLATE=utf8mb4_unicode_ci;

--
-- Dumping data for table `permissions`
--

INSERT INTO `permissions` (`id`, `name`, `guard_name`, `created_at`, `updated_at`) VALUES
(1, 'edit_tasks', 'web', '2023-03-14 00:32:57', '2023-03-14 00:32:57'),
(3, 'delete_tasks', 'web', '2023-03-14 01:09:18', '2023-03-14 01:09:18'),
(4, 'edit_projects', 'web', '2023-03-14 03:22:52', '2023-03-14 03:22:52'),
(5, 'delete_projects', 'web', '2023-03-14 03:23:43', '2023-03-14 03:23:43'),
(6, 'edit_clients', 'web', '2023-03-14 03:23:53', '2023-03-14 03:23:53'),
(7, 'delete_clients', 'web', '2023-03-14 03:24:01', '2023-03-14 03:24:01'),
(8, 'create_projects', 'web', '2023-03-14 23:12:29', '2023-03-14 23:12:29'),
(9, 'create_tasks', 'web', '2023-03-14 23:12:34', '2023-03-14 23:12:34'),
(10, 'create_clients', 'web', '2023-03-14 23:12:38', '2023-03-14 23:12:38'),
(11, 'edit_users', 'web', '2023-03-17 00:51:15', '2023-03-17 00:51:15'),
(12, 'delete_users', 'web', '2023-03-17 00:57:41', '2023-03-17 00:57:41'),
(13, 'manage_users', 'web', '2023-03-27 00:04:49', '2023-03-27 00:04:49'),
(14, 'manage_projects', 'web', '2023-03-27 00:04:54', '2023-03-27 00:04:54'),
(15, 'manage_tasks', 'web', '2023-03-27 00:04:58', '2023-03-27 00:04:58'),
(16, 'manage_clients', 'web', '2023-03-27 00:05:02', '2023-03-27 00:05:02'),
(17, 'create_users', 'web', '2023-03-27 00:19:25', '2023-03-27 00:19:25'),
(22, 'create_workspaces', 'web', '2023-08-12 10:48:04', '2023-08-12 10:48:04'),
(23, 'manage_workspaces', 'web', '2023-08-12 10:48:04', '2023-08-12 10:48:04'),
(24, 'edit_workspaces', 'web', '2023-08-12 10:48:04', '2023-08-12 10:48:04'),
(25, 'delete_workspaces', 'web', '2023-08-12 10:48:04', '2023-08-12 10:48:04'),
(26, 'create_meetings', 'web', '2023-08-12 10:50:22', '2023-08-12 10:50:22'),
(27, 'manage_meetings', 'web', '2023-08-12 10:50:22', '2023-08-12 10:50:22'),
(28, 'edit_meetings', 'web', '2023-08-12 10:50:22', '2023-08-12 10:50:22'),
(29, 'delete_meetings', 'web', '2023-08-12 10:50:22', '2023-08-12 10:50:22'),
(37, 'delete_projects', 'client', '2023-09-08 11:57:55', '2023-09-08 11:57:55'),
(38, 'manage_projects', 'client', '2023-09-08 11:57:55', '2023-09-08 11:57:55'),
(39, 'create_tasks', 'client', '2023-09-08 12:32:02', '2023-09-08 12:32:02'),
(40, 'create_projects', 'client', '2023-09-08 12:33:36', '2023-09-08 12:33:36'),
(41, 'manage_tasks', 'client', '2023-09-08 12:33:48', '2023-09-08 12:33:48'),
(42, 'edit_tasks', 'client', '2023-09-08 12:33:59', '2023-09-08 12:33:59'),
(43, 'delete_tasks', 'client', '2023-09-08 12:34:13', '2023-09-08 12:34:13'),
(44, 'create_users', 'client', '2023-09-08 12:34:25', '2023-09-08 12:34:25'),
(45, 'manage_users', 'client', '2023-09-08 12:34:37', '2023-09-08 12:34:37'),
(46, 'edit_users', 'client', '2023-09-08 12:34:56', '2023-09-08 12:34:56'),
(47, 'delete_users', 'client', '2023-09-08 12:35:08', '2023-09-08 12:35:08'),
(48, 'create_clients', 'client', '2023-09-08 12:35:25', '2023-09-08 12:35:25'),
(49, 'manage_clients', 'client', '2023-09-08 12:35:37', '2023-09-08 12:35:37'),
(50, 'edit_clients', 'client', '2023-09-08 12:35:49', '2023-09-08 12:35:49'),
(51, 'delete_clients', 'client', '2023-09-08 12:36:01', '2023-09-08 12:36:01'),
(52, 'create_workspaces', 'client', '2023-09-08 12:36:17', '2023-09-08 12:36:17'),
(53, 'manage_workspaces', 'client', '2023-09-08 12:36:34', '2023-09-08 12:36:34'),
(54, 'edit_workspaces', 'client', '2023-09-08 12:36:45', '2023-09-08 12:36:45'),
(55, 'delete_workspaces', 'client', '2023-09-08 12:37:01', '2023-09-08 12:37:01'),
(56, 'create_meetings', 'client', '2023-09-08 12:37:16', '2023-09-08 12:37:16'),
(57, 'manage_meetings', 'client', '2023-09-08 12:37:29', '2023-09-08 12:37:29'),
(58, 'edit_meetings', 'client', '2023-09-08 12:37:42', '2023-09-08 12:37:42'),
(59, 'delete_meetings', 'client', '2023-09-08 12:37:55', '2023-09-08 12:37:55'),
(60, 'edit_projects', 'client', '2023-09-08 13:10:48', '2023-09-08 13:10:48'),
(61, 'create_contracts', 'client', '2023-09-23 23:32:01', '2023-09-23 23:32:01'),
(62, 'manage_contracts', 'client', '2023-09-23 23:32:44', '2023-09-23 23:32:44'),
(63, 'edit_contracts', 'client', '2023-09-23 23:32:56', '2023-09-23 23:32:56'),
(64, 'delete_contracts', 'client', '2023-09-23 23:33:04', '2023-09-23 23:33:04'),
(65, 'delete_contracts', 'web', '2023-09-23 23:33:16', '2023-09-23 23:33:16'),
(66, 'edit_contracts', 'web', '2023-09-23 23:33:26', '2023-09-23 23:33:26'),
(67, 'manage_contracts', 'web', '2023-09-23 23:33:37', '2023-09-23 23:33:37'),
(68, 'create_contracts', 'web', '2023-09-23 23:33:50', '2023-09-23 23:33:50'),
(69, 'create_timesheet', 'web', '2023-12-19 07:13:52', '2023-12-19 07:13:52'),
(70, 'delete_timesheet', 'web', '2023-12-19 07:13:55', '2023-12-19 07:13:55'),
(71, 'manage_timesheet', 'web', '2023-12-19 07:13:55', '2023-12-19 07:13:55'),
(72, 'create_timesheet', 'client', '2023-12-19 07:15:11', '2023-12-19 07:15:11'),
(73, 'delete_timesheet', 'client', '2023-12-19 07:15:11', '2023-12-19 07:15:11'),
(74, 'manage_timesheet', 'client', '2023-12-19 07:15:11', '2023-12-19 07:15:11'),
(75, 'create_payslips', 'client', '2023-12-22 05:46:34', '2023-12-22 05:46:34'),
(76, 'edit_payslips', 'client', '2023-12-22 05:46:35', '2023-12-22 05:46:35'),
(77, 'delete_payslips', 'client', '2023-12-22 05:46:35', '2023-12-22 05:46:35'),
(78, 'manage_payslips', 'client', '2023-12-22 05:46:35', '2023-12-22 05:46:35'),
(79, 'create_payslips', 'web', '2023-12-22 05:46:52', '2023-12-22 05:46:52'),
(80, 'edit_payslips', 'web', '2023-12-22 05:46:53', '2023-12-22 05:46:53'),
(81, 'delete_payslips', 'web', '2023-12-22 05:46:53', '2023-12-22 05:46:53'),
(82, 'manage_payslips', 'web', '2023-12-22 05:46:53', '2023-12-22 05:46:53'),
(83, 'access_all_data', 'web', '2024-01-08 07:22:04', '2024-01-08 13:47:12'),
(85, 'access_all_data', 'client', '2024-01-08 07:22:04', '2024-01-08 13:47:12'),
(86, 'manage_activity_log', 'web', '2024-01-15 13:46:23', '2024-01-15 13:46:23'),
(87, 'delete_activity_log', 'web', '2024-01-15 13:46:23', '2024-01-15 13:46:23'),
(88, 'manage_activity_log', 'client', '2024-01-15 13:46:23', '2024-01-15 13:46:23'),
(89, 'delete_activity_log', 'client', '2024-01-15 13:46:23', '2024-01-15 13:46:23'),
(90, 'create_estimates_invoices', 'web', '2024-02-07 06:15:12', '2024-02-07 06:15:12'),
(91, 'manage_estimates_invoices', 'web', '2024-02-07 06:15:12', '2024-02-07 06:15:12'),
(92, 'edit_estimates_invoices', 'web', '2024-02-07 06:15:12', '2024-02-07 06:15:12'),
(93, 'delete_estimates_invoices', 'web', '2024-02-07 06:15:13', '2024-02-07 06:15:13'),
(94, 'create_estimates_invoices', 'client', '2024-02-07 06:15:30', '2024-02-07 06:15:30'),
(95, 'manage_estimates_invoices', 'client', '2024-02-07 06:15:30', '2024-02-07 06:15:30'),
(96, 'edit_estimates_invoices', 'client', '2024-02-07 06:15:31', '2024-02-07 06:15:31'),
(97, 'delete_estimates_invoices', 'client', '2024-02-07 06:15:31', '2024-02-07 06:15:31'),
(98, 'create_expenses', 'client', '2024-02-13 01:06:26', '2024-02-13 01:06:26'),
(99, 'manage_expenses', 'client', '2024-02-13 01:06:27', '2024-02-13 01:06:27'),
(100, 'edit_expenses', 'client', '2024-02-13 01:06:27', '2024-02-13 01:06:27'),
(101, 'delete_expenses', 'client', '2024-02-13 01:06:27', '2024-02-13 01:06:27'),
(102, 'create_expenses', 'web', '2024-02-13 01:11:45', '2024-02-13 01:11:45'),
(103, 'manage_expenses', 'web', '2024-02-13 01:11:45', '2024-02-13 01:11:45'),
(104, 'edit_expenses', 'web', '2024-02-13 01:11:45', '2024-02-13 01:11:45'),
(105, 'delete_expenses', 'web', '2024-02-13 01:11:45', '2024-02-13 01:11:45'),
(106, 'create_milestones', 'web', '2024-02-26 04:28:09', '2024-02-26 04:28:09'),
(107, 'manage_milestones', 'web', '2024-02-26 04:28:09', '2024-02-26 04:28:09'),
(108, 'edit_milestones', 'web', '2024-02-26 04:28:09', '2024-02-26 04:28:09'),
(109, 'delete_milestones', 'web', '2024-02-26 04:28:09', '2024-02-26 04:28:09'),
(110, 'create_milestones', 'client', '2024-02-26 04:28:35', '2024-02-26 04:28:35'),
(111, 'manage_milestones', 'client', '2024-02-26 04:28:35', '2024-02-26 04:28:35'),
(112, 'edit_milestones', 'client', '2024-02-26 04:28:36', '2024-02-26 04:28:36'),
(113, 'delete_milestones', 'client', '2024-02-26 04:28:36', '2024-02-26 04:28:36'),
(114, 'manage_system_notifications', 'client', '2024-03-05 06:57:10', '2024-03-05 06:57:10'),
(115, 'delete_system_notifications', 'client', '2024-03-05 06:57:10', '2024-03-05 06:57:10'),
(116, 'manage_system_notifications', 'web', '2024-03-05 06:57:21', '2024-03-05 06:57:21'),
(117, 'delete_system_notifications', 'web', '2024-03-05 06:57:21', '2024-03-05 06:57:21'),
(118, 'create_statuses', 'web', '2024-09-17 12:47:01', '2024-09-17 12:47:01'),
(119, 'manage_statuses', 'web', '2024-09-17 12:47:01', '2024-09-17 12:47:01'),
(120, 'edit_statuses', 'web', '2024-09-17 12:47:01', '2024-09-17 12:47:01'),
(121, 'delete_statuses', 'web', '2024-09-17 12:47:01', '2024-09-17 12:47:01'),
(122, 'create_statuses', 'client', '2024-09-17 12:47:01', '2024-09-17 12:47:01'),
(123, 'manage_statuses', 'client', '2024-09-17 12:47:01', '2024-09-17 12:47:01'),
(124, 'edit_statuses', 'client', '2024-09-17 12:47:01', '2024-09-17 12:47:01'),
(125, 'delete_statuses', 'client', '2024-09-17 12:47:01', '2024-09-17 12:47:01'),
(126, 'create_priorities', 'web', '2024-09-17 12:47:01', '2024-09-17 12:47:01'),
(127, 'manage_priorities', 'web', '2024-09-17 12:47:01', '2024-09-17 12:47:01'),
(128, 'edit_priorities', 'web', '2024-09-17 12:47:01', '2024-09-17 12:47:01'),
(129, 'delete_priorities', 'web', '2024-09-17 12:47:01', '2024-09-17 12:47:01'),
(130, 'create_priorities', 'client', '2024-09-17 12:47:01', '2024-09-17 12:47:01'),
(131, 'manage_priorities', 'client', '2024-09-17 12:47:01', '2024-09-17 12:47:01'),
(132, 'edit_priorities', 'client', '2024-09-17 12:47:01', '2024-09-17 12:47:01'),
(133, 'delete_priorities', 'client', '2024-09-17 12:47:01', '2024-09-17 12:47:01'),
(134, 'create_tags', 'web', '2024-09-17 12:47:01', '2024-09-17 12:47:01'),
(135, 'manage_tags', 'web', '2024-09-17 12:47:01', '2024-09-17 12:47:01'),
(136, 'edit_tags', 'web', '2024-09-17 12:47:01', '2024-09-17 12:47:01'),
(137, 'delete_tags', 'web', '2024-09-17 12:47:01', '2024-09-17 12:47:01'),
(138, 'create_tags', 'client', '2024-09-17 12:47:01', '2024-09-17 12:47:01'),
(139, 'manage_tags', 'client', '2024-09-17 12:47:01', '2024-09-17 12:47:01'),
(140, 'edit_tags', 'client', '2024-09-17 12:47:01', '2024-09-17 12:47:01'),
(141, 'delete_tags', 'client', '2024-09-17 12:47:01', '2024-09-17 12:47:01'),
(142, 'create_contract_types', 'web', '2024-09-17 12:47:01', '2024-09-17 12:47:01'),
(143, 'manage_contract_types', 'web', '2024-09-17 12:47:01', '2024-09-17 12:47:01'),
(144, 'edit_contract_types', 'web', '2024-09-17 12:47:01', '2024-09-17 12:47:01'),
(145, 'delete_contract_types', 'web', '2024-09-17 12:47:01', '2024-09-17 12:47:01'),
(146, 'create_contract_types', 'client', '2024-09-17 12:47:01', '2024-09-17 12:47:01'),
(147, 'manage_contract_types', 'client', '2024-09-17 12:47:01', '2024-09-17 12:47:01'),
(148, 'edit_contract_types', 'client', '2024-09-17 12:47:01', '2024-09-17 12:47:01'),
(149, 'delete_contract_types', 'client', '2024-09-17 12:47:01', '2024-09-17 12:47:01'),
(150, 'create_expense_types', 'web', '2024-09-17 12:47:01', '2024-09-17 12:47:01'),
(151, 'manage_expense_types', 'web', '2024-09-17 12:47:01', '2024-09-17 12:47:01'),
(152, 'edit_expense_types', 'web', '2024-09-17 12:47:01', '2024-09-17 12:47:01'),
(153, 'delete_expense_types', 'web', '2024-09-17 12:47:01', '2024-09-17 12:47:01'),
(154, 'create_expense_types', 'client', '2024-09-17 12:47:01', '2024-09-17 12:47:01'),
(155, 'manage_expense_types', 'client', '2024-09-17 12:47:01', '2024-09-17 12:47:01'),
(156, 'edit_expense_types', 'client', '2024-09-17 12:47:01', '2024-09-17 12:47:01'),
(157, 'delete_expense_types', 'client', '2024-09-17 12:47:01', '2024-09-17 12:47:01'),
(158, 'create_allowances', 'web', '2024-09-17 12:47:01', '2024-09-17 12:47:01'),
(159, 'manage_allowances', 'web', '2024-09-17 12:47:01', '2024-09-17 12:47:01'),
(160, 'edit_allowances', 'web', '2024-09-17 12:47:01', '2024-09-17 12:47:01'),
(161, 'delete_allowances', 'web', '2024-09-17 12:47:01', '2024-09-17 12:47:01'),
(162, 'create_allowances', 'client', '2024-09-17 12:47:01', '2024-09-17 12:47:01'),
(163, 'manage_allowances', 'client', '2024-09-17 12:47:01', '2024-09-17 12:47:01'),
(164, 'edit_allowances', 'client', '2024-09-17 12:47:01', '2024-09-17 12:47:01'),
(165, 'delete_allowances', 'client', '2024-09-17 12:47:01', '2024-09-17 12:47:01'),
(166, 'create_deductions', 'web', '2024-09-17 12:47:01', '2024-09-17 12:47:01'),
(167, 'manage_deductions', 'web', '2024-09-17 12:47:01', '2024-09-17 12:47:01'),
(168, 'edit_deductions', 'web', '2024-09-17 12:47:01', '2024-09-17 12:47:01'),
(169, 'delete_deductions', 'web', '2024-09-17 12:47:01', '2024-09-17 12:47:01'),
(170, 'create_deductions', 'client', '2024-09-17 12:47:01', '2024-09-17 12:47:01'),
(171, 'manage_deductions', 'client', '2024-09-17 12:47:01', '2024-09-17 12:47:01'),
(172, 'edit_deductions', 'client', '2024-09-17 12:47:01', '2024-09-17 12:47:01'),
(173, 'delete_deductions', 'client', '2024-09-17 12:47:01', '2024-09-17 12:47:01'),
(174, 'create_payment_methods', 'web', '2024-09-17 12:47:01', '2024-09-17 12:47:01'),
(175, 'manage_payment_methods', 'web', '2024-09-17 12:47:01', '2024-09-17 12:47:01'),
(176, 'edit_payment_methods', 'web', '2024-09-17 12:47:01', '2024-09-17 12:47:01'),
(177, 'delete_payment_methods', 'web', '2024-09-17 12:47:01', '2024-09-17 12:47:01'),
(178, 'create_payment_methods', 'client', '2024-09-17 12:47:01', '2024-09-17 12:47:01'),
(179, 'manage_payment_methods', 'client', '2024-09-17 12:47:01', '2024-09-17 12:47:01'),
(180, 'edit_payment_methods', 'client', '2024-09-17 12:47:01', '2024-09-17 12:47:01'),
(181, 'delete_payment_methods', 'client', '2024-09-17 12:47:01', '2024-09-17 12:47:01'),
(182, 'create_payments', 'web', '2024-09-17 12:47:01', '2024-09-17 12:47:01'),
(183, 'manage_payments', 'web', '2024-09-17 12:47:01', '2024-09-17 12:47:01'),
(184, 'edit_payments', 'web', '2024-09-17 12:47:01', '2024-09-17 12:47:01'),
(185, 'delete_payments', 'web', '2024-09-17 12:47:01', '2024-09-17 12:47:01'),
(186, 'create_payments', 'client', '2024-09-17 12:47:01', '2024-09-17 12:47:01'),
(187, 'manage_payments', 'client', '2024-09-17 12:47:01', '2024-09-17 12:47:01'),
(188, 'edit_payments', 'client', '2024-09-17 12:47:01', '2024-09-17 12:47:01'),
(189, 'delete_payments', 'client', '2024-09-17 12:47:01', '2024-09-17 12:47:01'),
(190, 'create_taxes', 'web', '2024-09-17 12:47:01', '2024-09-17 12:47:01'),
(191, 'manage_taxes', 'web', '2024-09-17 12:47:01', '2024-09-17 12:47:01'),
(192, 'edit_taxes', 'web', '2024-09-17 12:47:01', '2024-09-17 12:47:01'),
(193, 'delete_taxes', 'web', '2024-09-17 12:47:01', '2024-09-17 12:47:01'),
(194, 'create_taxes', 'client', '2024-09-17 12:47:01', '2024-09-17 12:47:01'),
(195, 'manage_taxes', 'client', '2024-09-17 12:47:01', '2024-09-17 12:47:01'),
(196, 'edit_taxes', 'client', '2024-09-17 12:47:01', '2024-09-17 12:47:01'),
(197, 'delete_taxes', 'client', '2024-09-17 12:47:01', '2024-09-17 12:47:01'),
(198, 'create_units', 'web', '2024-09-17 12:47:01', '2024-09-17 12:47:01'),
(199, 'manage_units', 'web', '2024-09-17 12:47:01', '2024-09-17 12:47:01'),
(200, 'edit_units', 'web', '2024-09-17 12:47:01', '2024-09-17 12:47:01'),
(201, 'delete_units', 'web', '2024-09-17 12:47:01', '2024-09-17 12:47:01'),
(202, 'create_units', 'client', '2024-09-17 12:47:01', '2024-09-17 12:47:01'),
(203, 'manage_units', 'client', '2024-09-17 12:47:01', '2024-09-17 12:47:01'),
(204, 'edit_units', 'client', '2024-09-17 12:47:01', '2024-09-17 12:47:01'),
(205, 'delete_units', 'client', '2024-09-17 12:47:01', '2024-09-17 12:47:01'),
(206, 'create_items', 'web', '2024-09-17 12:47:01', '2024-09-17 12:47:01'),
(207, 'manage_items', 'web', '2024-09-17 12:47:01', '2024-09-17 12:47:01'),
(208, 'edit_items', 'web', '2024-09-17 12:47:01', '2024-09-17 12:47:01'),
(209, 'delete_items', 'web', '2024-09-17 12:47:01', '2024-09-17 12:47:01'),
(210, 'create_items', 'client', '2024-09-17 12:47:01', '2024-09-17 12:47:01'),
(211, 'manage_items', 'client', '2024-09-17 12:47:01', '2024-09-17 12:47:01'),
(212, 'edit_items', 'client', '2024-09-17 12:47:01', '2024-09-17 12:47:01'),
(213, 'delete_items', 'client', '2024-09-17 12:47:01', '2024-09-17 12:47:01'),
(214, 'create_media', 'web', '2024-09-17 12:47:01', '2024-09-17 12:47:01'),
(215, 'manage_media', 'web', '2024-09-17 12:47:01', '2024-09-17 12:47:01'),
(216, 'delete_media', 'web', '2024-09-17 12:47:01', '2024-09-17 12:47:01'),
(217, 'create_media', 'client', '2024-09-17 12:47:01', '2024-09-17 12:47:01'),
(218, 'manage_media', 'client', '2024-09-17 12:47:01', '2024-09-17 12:47:01'),
(219, 'delete_media', 'client', '2024-09-17 12:47:01', '2024-09-17 12:47:01');

-- --------------------------------------------------------

--
-- Table structure for table `personal_access_tokens`
--

CREATE TABLE `personal_access_tokens` (
  `id` bigint UNSIGNED NOT NULL,
  `tokenable_type` varchar(255) CHARACTER SET utf8mb4 COLLATE utf8mb4_unicode_ci NOT NULL,
  `tokenable_id` bigint UNSIGNED NOT NULL,
  `name` varchar(255) CHARACTER SET utf8mb4 COLLATE utf8mb4_unicode_ci NOT NULL,
  `token` varchar(64) CHARACTER SET utf8mb4 COLLATE utf8mb4_unicode_ci NOT NULL,
  `abilities` text CHARACTER SET utf8mb4 COLLATE utf8mb4_unicode_ci,
  `last_used_at` timestamp NULL DEFAULT NULL,
  `expires_at` timestamp NULL DEFAULT NULL,
  `created_at` timestamp NULL DEFAULT NULL,
  `updated_at` timestamp NULL DEFAULT NULL
) ENGINE=InnoDB DEFAULT CHARSET=utf8mb4 COLLATE=utf8mb4_unicode_ci;

-- --------------------------------------------------------

--
-- Table structure for table `pinned`
--

CREATE TABLE `pinned` (
  `id` bigint UNSIGNED NOT NULL,
  `user_id` bigint UNSIGNED DEFAULT NULL,
  `client_id` bigint UNSIGNED DEFAULT NULL,
  `pinnable_type` varchar(255) CHARACTER SET utf8mb4 COLLATE utf8mb4_unicode_ci NOT NULL,
  `pinnable_id` bigint UNSIGNED NOT NULL,
  `created_at` timestamp NULL DEFAULT NULL,
  `updated_at` timestamp NULL DEFAULT NULL
) ENGINE=InnoDB DEFAULT CHARSET=utf8mb4 COLLATE=utf8mb4_unicode_ci;

-- --------------------------------------------------------

--
-- Table structure for table `priorities`
--

CREATE TABLE `priorities` (
  `id` bigint UNSIGNED NOT NULL,
  `title` varchar(255) CHARACTER SET utf8mb4 COLLATE utf8mb4_unicode_ci NOT NULL,
  `slug` varchar(255) CHARACTER SET utf8mb4 COLLATE utf8mb4_unicode_ci NOT NULL,
  `color` varchar(255) CHARACTER SET utf8mb4 COLLATE utf8mb4_unicode_ci NOT NULL,
  `created_at` timestamp NULL DEFAULT NULL,
  `updated_at` timestamp NULL DEFAULT NULL
) ENGINE=InnoDB DEFAULT CHARSET=utf8mb4 COLLATE=utf8mb4_unicode_ci;

--
-- Dumping data for table `priorities`
--

INSERT INTO `priorities` (`id`, `title`, `slug`, `color`, `created_at`, `updated_at`) VALUES
(14, 'High', 'high', 'warning', '2025-02-03 00:31:03', '2025-02-03 00:31:03'),
(15, 'Medium', 'medium', 'info', '2025-02-03 00:31:29', '2025-02-03 00:31:29'),
(16, 'Low', 'low', 'primary', '2025-02-03 00:31:44', '2025-02-03 00:31:44'),
(17, 'Urgent', 'urgent', 'info', '2025-02-03 00:32:00', '2025-02-03 00:32:00');

-- --------------------------------------------------------

--
-- Table structure for table `projects`
--

CREATE TABLE `projects` (
  `id` bigint UNSIGNED NOT NULL,
  `workspace_id` bigint UNSIGNED NOT NULL,
  `title` varchar(255) CHARACTER SET utf8mb4 COLLATE utf8mb4_unicode_ci NOT NULL,
  `description` longtext CHARACTER SET utf8mb4 COLLATE utf8mb4_unicode_ci,
  `status_id` bigint UNSIGNED NOT NULL DEFAULT '1',
  `priority_id` bigint DEFAULT NULL,
  `budget` varchar(255) CHARACTER SET utf8mb4 COLLATE utf8mb4_unicode_ci DEFAULT NULL,
  `start_date` date DEFAULT NULL,
  `end_date` date DEFAULT NULL,
  `created_by` bigint UNSIGNED NOT NULL,
  `is_favorite` tinyint NOT NULL DEFAULT '0',
  `task_accessibility` varchar(28) CHARACTER SET utf8mb4 COLLATE utf8mb4_unicode_ci NOT NULL DEFAULT 'assigned_users',
  `note` longtext CHARACTER SET utf8mb4 COLLATE utf8mb4_unicode_ci,
  `client_can_discuss` tinyint(1) DEFAULT '0',
  `created_at` timestamp NULL DEFAULT CURRENT_TIMESTAMP,
  `updated_at` timestamp NULL DEFAULT CURRENT_TIMESTAMP
) ENGINE=InnoDB DEFAULT CHARSET=utf8mb4 COLLATE=utf8mb4_unicode_ci;

--
-- Dumping data for table `projects`
--

INSERT INTO `projects` (`id`, `workspace_id`, `title`, `description`, `status_id`, `priority_id`, `budget`, `start_date`, `end_date`, `created_by`, `is_favorite`, `task_accessibility`, `note`, `client_can_discuss`, `created_at`, `updated_at`) VALUES
(1, 1, 'Website Redesign', '<p>Overhaul the company\'s website to improve user experience and align with current branding.</p>', 72, 15, '5000.00', '2025-02-03', '2025-02-03', 1, 0, 'assigned_users', 'Degine should be Simple to Understandable.', 0, '2025-02-03 00:58:18', '2025-02-03 22:59:30'),
(8, 1, 'Ecommerce Web Developement', '<p>Setup the Server on AWS..</p>', 0, 14, '60000.00', '2025-02-07', '2025-02-07', 1, 0, 'assigned_users', 'Make sure Instance should be Off at night.', 0, '2025-02-03 03:18:36', '2025-02-04 00:08:51'),
(9, 1, 'Mobile App Development for Business Solutions', '<p>This project could cover the development of mobile applications tailored to improve business operations, such as inventory management, customer relations, or streamlining internal processes</p>', 72, 14, '15000.00', '2025-02-04', '2025-05-15', 1, 0, 'assigned_users', NULL, 0, '2025-02-04 00:06:10', '2025-02-04 00:20:03'),
(10, 1, 'Custom WordPress Plugin: \"Advanced SEO Meta Manager\"', '<p>The <strong>Advanced SEO Meta Manager</strong> plugin is designed to help WordPress users easily manage and optimize their website\'s SEO meta data for improved search engine rankings. This plugin will provide an intuitive interface for editing meta titles, descriptions, and keywords for each post, page, or custom post type directly from the WordPress dashboard. Additionally, it will include advanced features like bulk editing, automated suggestions, and integration with Google Search Console for real-time SEO analysis.</p>', 72, 16, '1000.00', '2025-03-13', '2025-04-13', 1, 0, 'assigned_users', 'The Advanced SEO Meta Manager plugin should follow WordPress best practices with a modular structure for scalability, using hooks (add_action, add_filter) and meta functions (add_post_meta) for seamless integration. Build a secure admin interface with the Settings API, sanitizing inputs (sanitize_text_field) and validating permissions (current_user_can). Ensure compatibility with themes, plugins, and WordPress versions, while optimizing performance by loading scripts conditionally and using caching.\r\n\r\nFuture-proof the plugin with extensible hooks, translation-ready strings, and thorough testing for compatibility with editors like Gutenberg and Elementor. Prioritize security with CSRF protection (wp_nonce_field) and maintain clear documentation and developer guides for easy extension and integration.', 1, '2025-02-04 21:30:37', '2025-02-04 22:20:53'),
(11, 2, 'AI-Powered Content Generator Plugin', '<p>This plugin will leverage artificial intelligence to help WordPress users create high-quality content quickly and efficiently. It will integrate with AI APIs (such as OpenAI or similar services) to provide features like blog post generation, product description writing, social media post suggestions, and FAQ creation. The plugin will cater to content creators, bloggers, and businesses, streamlining their content creation process and enhancing productivity.</p>', 72, 14, '15000', '2025-02-05', '2025-05-14', 1, 0, 'assigned_users', NULL, 1, '2025-02-05 00:14:03', '2025-02-05 00:14:03'),
(12, 1, 'Custom Learning Management System (LMS) Plugin', '<p>This plugin will be a comprehensive Learning Management System (LMS) for WordPress, tailored to online educators, training centers, and organizations offering e-learning services. The plugin will provide robust features for creating and managing online courses, tracking learner progress, and facilitating quizzes, assignments, and certifications. It will be fully customizable, compatible with popular WordPress themes, and optimized for scalability and performance.</p>', 73, 14, '3600.00', '2025-03-01', '2025-07-01', 1, 0, 'assigned_users', NULL, 1, '2025-02-05 23:44:06', '2025-02-06 01:56:26'),
(13, 1, 'Residential Sports Complex Construction', '<h4><strong>Project Description:</strong></h4>\r\n<p>This project involves the planning, design, and construction of a modern residential apartment complex. The complex will consist of multiple units tailored to urban living, providing high-quality housing with contemporary amenities. It will cater to middle-income families and professionals seeking comfortable and affordable homes.</p>\r\n<p>The construction will emphasize durability, sustainability, and energy efficiency. Features include landscaped common areas, parking facilities, recreational amenities, and advanced safety measures. The project will adhere to local building codes and environmental standards, ensuring both quality and compliance.<br><br></p>\r\n<h4><strong>Key Features:</strong></h4>\r\n<ol>\r\n<li>\r\n<p><strong>Structure Design and Planning</strong></p>\r\n<ul>\r\n<li>2- and 3-bedroom apartment units with optimized layouts.</li>\r\n<li>Modern architectural design with attention to aesthetics and functionality.</li>\r\n</ul>\r\n</li>\r\n<li>\r\n<p><strong>Amenities</strong></p>\r\n<ul>\r\n<li>Common areas, including parks, playgrounds, and walking tracks.</li>\r\n<li>Multi-purpose hall, gym, and indoor recreational facilities.</li>\r\n<li>Adequate parking space for residents and visitors.</li>\r\n</ul>\r\n</li>\r\n<li>\r\n<p><strong>Safety and Security</strong></p>\r\n<ul>\r\n<li>Fire safety systems and emergency exits.</li>\r\n<li>24/7 security with CCTV surveillance and access control.</li>\r\n</ul>\r\n</li>\r\n<li>\r\n<p><strong>Sustainability Features</strong></p>\r\n<ul>\r\n<li>Rainwater harvesting systems.</li>\r\n<li>Energy-efficient lighting and appliances.</li>\r\n<li>Waste management and recycling facilities.</li>\r\n</ul>\r\n</li>\r\n<li>\r\n<p><strong>Infrastructure</strong></p>\r\n<ul>\r\n<li>Robust foundation and structural integrity to withstand natural calamities.</li>\r\n<li>High-quality electrical and plumbing systems.</li>\r\n<li>Smooth connectivity to roads and essential services.</li>\r\n</ul>\r\n</li>\r\n</ol>', 73, 15, '5000000.00', '2025-02-06', '2027-02-06', 1, 0, 'assigned_users', NULL, 1, '2025-02-06 01:07:17', '2025-02-06 22:12:50'),
(14, 1, 'Luxury Villa Construction Project', '<h4><strong>Project Description:</strong></h4>\r\n<p>The <strong>Luxury Villa Construction Project</strong> focuses on designing and building a high-end residential villa tailored for premium living. The villa will feature modern architectural design, cutting-edge technology integration, and luxurious amenities to offer an exceptional living experience.</p>\r\n<p>The project aims to create a private and exclusive space for affluent clients, incorporating sustainable building practices and the latest trends in smart home technology. The villa will be built to the highest quality standards, with attention to detail in every aspect of design, construction, and finishing.<br><br></p>\r\n<h4><strong>Key Features:</strong></h4>\r\n<ol>\r\n<li>\r\n<p><strong>Architectural Design</strong></p>\r\n<ul>\r\n<li>Contemporary architecture with spacious open layouts and large windows for natural light.</li>\r\n<li>Premium materials for interior and exterior finishes, such as marble, hardwood, and glass.</li>\r\n</ul>\r\n</li>\r\n<li>\r\n<p><strong>Amenities</strong></p>\r\n<ul>\r\n<li>Private swimming pool, landscaped garden, and outdoor seating area.</li>\r\n<li>Home gym, entertainment room, and library/study.</li>\r\n<li>Multiple car parking spaces, including EV charging stations.</li>\r\n</ul>\r\n</li>\r\n<li>\r\n<p><strong>Smart Home Technology</strong></p>\r\n<ul>\r\n<li>Fully automated lighting, HVAC, and security systems.</li>\r\n<li>Integration with voice-controlled assistants and mobile app control.</li>\r\n<li>Energy-efficient solutions such as solar panels and smart water management systems.</li>\r\n</ul>\r\n</li>\r\n<li>\r\n<p><strong>Sustainability</strong></p>\r\n<ul>\r\n<li>Use of eco-friendly materials and sustainable construction practices.</li>\r\n<li>Rainwater harvesting and greywater recycling systems.</li>\r\n<li>Energy-efficient appliances and systems to minimize the environmental footprint.</li>\r\n</ul>\r\n</li>\r\n<li>\r\n<p><strong>Safety and Security</strong></p>\r\n<ul>\r\n<li>Advanced surveillance systems, motion sensors, and alarm systems.</li>\r\n<li>Secure gated entry with intercom and biometric access.</li>\r\n</ul>\r\n</li>\r\n<li>\r\n<p><strong>Customization</strong></p>\r\n<ul>\r\n<li>Flexible designs to cater to client-specific requirements and preferences.</li>\r\n<li>Options to add bespoke features like wine cellars, rooftop decks, or hobby rooms.</li>\r\n</ul>\r\n</li>\r\n</ol>', 72, 17, '5000000.00', '2025-03-06', '2026-03-14', 1, 0, 'assigned_users', NULL, 0, '2025-02-06 01:54:51', '2025-02-06 01:57:15'),
(15, 1, 'Annual Corporate Conference Planning', '<h4><strong>Project Description:</strong></h4>\r\n<p>The <strong>Annual Corporate Conference Planning Project</strong> is aimed at organizing a high-profile corporate event that brings together employees, industry experts, and stakeholders to discuss key business topics, celebrate achievements, and strategize for future growth. The conference will feature keynote addresses, panel discussions, workshops, and networking opportunities, providing a platform for learning, collaboration, and celebration.</p>\r\n<p>The event will be conducted at a premium venue, leveraging state-of-the-art technology and professional services to ensure a memorable experience for attendees. The project will involve meticulous planning, creative execution, and seamless coordination across various aspects, including logistics, marketing, and guest management.</p>\r\n<hr>\r\n<h4><strong>Key Highlights:</strong></h4>\r\n<ol>\r\n<li>\r\n<p><strong>Theme and Vision:</strong></p>\r\n<ul>\r\n<li>Focused on innovation, growth, and collaboration within the industry.</li>\r\n</ul>\r\n</li>\r\n<li>\r\n<p><strong>Event Features:</strong></p>\r\n<ul>\r\n<li>Keynote speeches by industry leaders.</li>\r\n<li>Interactive panel discussions and workshops.</li>\r\n<li>Networking sessions and entertainment programs.</li>\r\n</ul>\r\n</li>\r\n<li>\r\n<p><strong>Venue and Amenities:</strong></p>\r\n<ul>\r\n<li>Premium venue equipped with modern facilities.</li>\r\n<li>High-quality catering and hospitality services.</li>\r\n</ul>\r\n</li>\r\n<li>\r\n<p><strong>Technology Integration:</strong></p>\r\n<ul>\r\n<li>Live streaming and hybrid event options for virtual attendees.</li>\r\n<li>Professional audiovisual setups for presentations and discussions.</li>\r\n</ul>\r\n</li>\r\n<li>\r\n<p><strong>Target Audience:</strong></p>\r\n<ul>\r\n<li>Employees, stakeholders, business partners, and invited guests.</li>\r\n</ul>\r\n</li>\r\n<li>\r\n<p><strong>Objectives:</strong></p>\r\n<ul>\r\n<li>Strengthen brand image and foster industry relationships.</li>\r\n<li>Inspire and educate attendees on key business trends and goals.</li>\r\n</ul>\r\n</li>\r\n</ol>', 72, 14, '10000.00', '2025-02-06', '2025-02-28', 1, 0, 'assigned_users', NULL, 1, '2025-02-06 04:14:15', '2025-02-06 06:08:44'),
(16, 1, 'Local Community Health Camp', '<h4><strong>Project Description:</strong></h4>\r\n<p>This project involves organizing a <strong>Local Community Health Camp</strong> to provide free medical check-ups, health awareness sessions, and basic treatment services to underserved communities. The camp aims to promote health and well-being by offering access to professional healthcare providers, diagnostic services, and wellness activities.</p>\r\n<p>The project will also include initiatives to educate participants about healthy lifestyles, preventive care, and available healthcare resources. It will involve partnerships with local healthcare professionals, volunteers, and organizations to ensure a successful and impactful event.</p>\r\n<hr>\r\n<h4><strong>Key Features:</strong></h4>\r\n<ol>\r\n<li>\r\n<p><strong>Health Check-Ups:</strong></p>\r\n<ul>\r\n<li>Free general health, dental, and vision check-ups.</li>\r\n<li>Diagnostic tests like blood pressure, sugar levels, and BMI measurements.</li>\r\n</ul>\r\n</li>\r\n<li>\r\n<p><strong>Health Awareness Sessions:</strong></p>\r\n<ul>\r\n<li>Educational workshops on nutrition, exercise, and mental health.</li>\r\n<li>Information on managing common illnesses and preventive care.</li>\r\n</ul>\r\n</li>\r\n<li>\r\n<p><strong>Specialized Consultations:</strong></p>\r\n<ul>\r\n<li>Availability of specialists like pediatricians, gynecologists, and dermatologists.</li>\r\n<li>Guidance on accessing advanced treatments if needed.</li>\r\n</ul>\r\n</li>\r\n<li>\r\n<p><strong>Wellness Activities:</strong></p>\r\n<ul>\r\n<li>Yoga and fitness sessions.</li>\r\n<li>Distribution of wellness kits with vitamins, masks, and hygiene products.</li>\r\n</ul>\r\n</li>\r\n<li>\r\n<p><strong>Community Engagement:</strong></p>\r\n<ul>\r\n<li>Local volunteers and NGOs assisting in logistics and outreach.</li>\r\n<li>Interactive sessions to address community health concerns.</li>\r\n</ul>\r\n</li>\r\n</ol>', 72, 14, '18500.00', '2025-03-01', '2025-03-31', 1, 0, 'assigned_users', NULL, 0, '2025-02-06 22:04:10', '2025-02-06 22:11:43'),
(17, 1, 'Education and Training', '<h4><strong>Project Description:</strong></h4>\r\n<p>The <strong>Digital Literacy Training Program</strong> aims to equip individuals, particularly in underserved communities, with essential digital skills to thrive in today&rsquo;s technology-driven world. The project focuses on teaching basic computer operations, internet usage, and digital communication tools. It also includes specialized modules for online safety, productivity software, and career-oriented skills such as resume building and job searching online.</p>\r\n<p>The program targets students, job seekers, and senior citizens, ensuring inclusivity and accessibility. Through partnerships with schools, libraries, and community centers, the project will deliver hands-on training and online resources to bridge the digital divide and empower participants with practical knowledge.</p>\r\n<hr>\r\n<h4><strong>Key Features:</strong></h4>\r\n<ol>\r\n<li>\r\n<p><strong>Training Modules:</strong></p>\r\n<ul>\r\n<li>Basic computer skills (e.g., using a mouse, keyboard, and operating systems).</li>\r\n<li>Internet navigation and search techniques.</li>\r\n<li>Email setup and digital communication platforms like Zoom and Microsoft Teams.</li>\r\n</ul>\r\n</li>\r\n<li>\r\n<p><strong>Online Safety:</strong></p>\r\n<ul>\r\n<li>Guidance on identifying phishing scams and maintaining privacy.</li>\r\n<li>Secure usage of social media and e-commerce platforms.</li>\r\n</ul>\r\n</li>\r\n<li>\r\n<p><strong>Productivity Tools:</strong></p>\r\n<ul>\r\n<li>Tutorials on Microsoft Office, Google Workspace, and cloud storage.</li>\r\n<li>Practical applications for writing, data analysis, and presentations.</li>\r\n</ul>\r\n</li>\r\n<li>\r\n<p><strong>Career Skills:</strong></p>\r\n<ul>\r\n<li>How to create resumes and apply for jobs online.</li>\r\n<li>Tips for professional online behavior and interviews.</li>\r\n</ul>\r\n</li>\r\n<li>\r\n<p><strong>Access to Resources:</strong></p>\r\n<ul>\r\n<li>Free access to learning materials, e-books, and training videos.</li>\r\n<li>Continued support through a digital helpdesk and community forums.</li>\r\n</ul>\r\n</li>\r\n</ol>', 74, 14, '250000.00', '2025-04-01', '2025-10-31', 1, 0, 'assigned_users', NULL, 1, '2025-02-06 23:44:44', '2025-02-07 05:05:32'),
(18, 1, 'AI-Powered Chatbot for Customer Support', '<h4><strong>Project Description:</strong></h4>\r\n<p>This project involves designing and developing an <strong>AI-powered chatbot</strong> tailored for customer support. The chatbot will utilize natural language processing (NLP) to provide instant, automated responses to customer queries, handle frequently asked questions, and assist with basic troubleshooting.</p>\r\n<p>The solution will integrate seamlessly with the company&rsquo;s website and communication channels (e.g., live chat, WhatsApp, and email). Additionally, it will feature machine learning capabilities to improve its responses over time by analyzing user interactions.</p>\r\n<p>The chatbot is designed to reduce response times, enhance customer satisfaction, and minimize the workload on human support agents.</p>\r\n<hr>\r\n<h4><strong>Key Features:</strong></h4>\r\n<ol>\r\n<li>\r\n<p><strong>Multilingual Support:</strong></p>\r\n<ul>\r\n<li>Ability to interact with customers in multiple languages.</li>\r\n</ul>\r\n</li>\r\n<li>\r\n<p><strong>Integration with CRM:</strong></p>\r\n<ul>\r\n<li>Fetch customer data from the CRM for personalized responses.</li>\r\n</ul>\r\n</li>\r\n<li>\r\n<p><strong>24/7 Availability:</strong></p>\r\n<ul>\r\n<li>Provide round-the-clock assistance to customers.</li>\r\n</ul>\r\n</li>\r\n<li>\r\n<p><strong>Self-Learning:</strong></p>\r\n<ul>\r\n<li>Improve its response accuracy with a feedback loop and AI training.</li>\r\n</ul>\r\n</li>\r\n<li>\r\n<p><strong>Escalation to Human Agents:</strong></p>\r\n<ul>\r\n<li>Transfer complex queries to human agents when necessary.</li>\r\n</ul>\r\n</li>\r\n<li>\r\n<p><strong>Analytics Dashboard:</strong></p>\r\n<ul>\r\n<li>Provide detailed reports on customer queries and chatbot performance.</li>\r\n</ul>\r\n</li>\r\n</ol>', 73, 14, '36500.00', '2025-06-01', '2025-12-31', 1, 0, 'assigned_users', NULL, 0, '2025-02-07 02:29:19', '2025-02-07 03:57:47'),
(19, 1, 'Smart Building Management System', '<h4><strong>Project Description:</strong></h4>\r\n<p>This project focuses on designing and implementing a <strong>Smart Building Management System (SBMS)</strong> for modern construction projects. The system integrates advanced IoT devices, sensors, and software solutions to optimize the management of building resources, enhance energy efficiency, and ensure occupant safety.</p>\r\n<p>The SBMS will include features such as automated lighting, HVAC (heating, ventilation, and air conditioning) controls, real-time energy monitoring, and smart security systems. The project aims to reduce operational costs, improve sustainability, and provide a seamless, comfortable experience for building occupants.</p>\r\n<hr>\r\n<h4><strong>Key Features:</strong></h4>\r\n<ol>\r\n<li>\r\n<p><strong>Automated Energy Management:</strong></p>\r\n<ul>\r\n<li>Smart sensors to control lighting, heating, and cooling based on occupancy and environmental conditions.</li>\r\n</ul>\r\n</li>\r\n<li>\r\n<p><strong>Real-Time Monitoring:</strong></p>\r\n<ul>\r\n<li>Dashboards for tracking energy consumption, water usage, and maintenance schedules.</li>\r\n</ul>\r\n</li>\r\n<li>\r\n<p><strong>Safety Systems:</strong></p>\r\n<ul>\r\n<li>Integration with fire alarms, surveillance cameras, and access control systems.</li>\r\n</ul>\r\n</li>\r\n<li>\r\n<p><strong>IoT Integration:</strong></p>\r\n<ul>\r\n<li>Connect all devices to a central system for streamlined control and data sharing.</li>\r\n</ul>\r\n</li>\r\n<li>\r\n<p><strong>Mobile App Access:</strong></p>\r\n<ul>\r\n<li>Allow building managers and occupants to control systems remotely.</li>\r\n</ul>\r\n</li>\r\n<li>\r\n<p><strong>Sustainability Features:</strong></p>\r\n<ul>\r\n<li>Solar panel monitoring, waste management tracking, and rainwater harvesting system controls.</li>\r\n</ul>\r\n</li>\r\n</ol>', 0, 15, '20000', '2025-03-01', '2026-03-01', 1, 0, 'assigned_users', NULL, 0, '2025-02-07 21:24:59', '2025-02-07 21:24:59'),
(20, 2, 'Cloud-Based Inventory Management System', '<p>The <strong>Cloud-Based Inventory Management System</strong> project is aimed at creating a robust, scalable, and user-friendly platform to help businesses efficiently manage their inventory. The system will be hosted in the cloud, allowing users to access it from anywhere, ensuring real-time updates and collaboration.</p>\r\n<p><strong>Key Features:</strong></p>\r\n<ol>\r\n<li>\r\n<p><strong>Real-Time Stock Tracking:</strong></p>\r\n<ul>\r\n<li>Provides up-to-the-minute updates on inventory levels, helping businesses maintain optimal stock levels.</li>\r\n</ul>\r\n</li>\r\n<li>\r\n<p><strong>Automated Alerts:</strong></p>\r\n<ul>\r\n<li>Sends notifications for low stock levels, overstocking, and upcoming expiration dates for perishable goods.</li>\r\n</ul>\r\n</li>\r\n<li>\r\n<p><strong>Integration with Existing Tools:</strong></p>\r\n<ul>\r\n<li>Seamlessly connects with accounting software (e.g., QuickBooks), e-commerce platforms (e.g., Shopify), and shipping providers to provide a unified experience.</li>\r\n</ul>\r\n</li>\r\n<li>\r\n<p><strong>Data Analytics and Reporting:</strong></p>\r\n<ul>\r\n<li>Offers customizable dashboards and detailed reports to assist businesses in tracking trends, forecasting demand, and making data-driven decisions.</li>\r\n</ul>\r\n</li>\r\n<li>\r\n<p><strong>User Roles and Access Control:</strong></p>\r\n<ul>\r\n<li>Allows businesses to assign specific roles and permissions to employees, ensuring data security and proper task delegation.</li>\r\n</ul>\r\n</li>\r\n</ol>\r\n<p><strong>Benefits:</strong></p>\r\n<ul>\r\n<li><strong>Efficiency:</strong> Minimizes manual errors and streamlines operations.</li>\r\n<li><strong>Scalability:</strong> Grows with the business, supporting increased inventory as needed.</li>\r\n<li><strong>Cost-Effectiveness:</strong> Reduces the need for expensive on-premises infrastructure.</li>\r\n<li><strong>Flexibility:</strong> Accessible from any device with an internet connection, perfect for remote or multi-location operations.</li>\r\n</ul>\r\n<p>This system is designed for retailers, wholesalers, manufacturers, and other businesses that need a dependable solution for managing inventory effectively.</p>', 72, 17, '58000.00', '2025-02-08', '2025-08-16', 1, 0, 'assigned_users', NULL, 1, '2025-02-08 03:56:03', '2025-02-08 03:58:38'),
(21, 2, 'AI-Driven Predictive Maintenance System', '<p>The <strong>AI-Driven Predictive Maintenance System</strong> project focuses on developing a solution for industrial and manufacturing businesses to predict equipment failures and optimize maintenance schedules. By leveraging machine learning and IoT sensors, this system analyzes data from machinery to identify potential issues before they escalate, reducing downtime and maintenance costs.</p>\r\n<p><strong>Key Features:</strong></p>\r\n<ol>\r\n<li>\r\n<p><strong>IoT Integration:</strong></p>\r\n<ul>\r\n<li>Equip machinery with IoT sensors to collect real-time operational data (e.g., temperature, vibration, and pressure).</li>\r\n</ul>\r\n</li>\r\n<li>\r\n<p><strong>Machine Learning Models:</strong></p>\r\n<ul>\r\n<li>Train AI algorithms to analyze sensor data and predict equipment malfunctions.</li>\r\n<li>Continuously refine models based on new data to improve accuracy.</li>\r\n</ul>\r\n</li>\r\n<li>\r\n<p><strong>Dashboard and Alerts:</strong></p>\r\n<ul>\r\n<li>Develop an intuitive dashboard displaying machine performance metrics and maintenance schedules.</li>\r\n<li>Enable automated alerts for operators and managers when potential issues are detected.</li>\r\n</ul>\r\n</li>\r\n<li>\r\n<p><strong>Predictive Analytics:</strong></p>\r\n<ul>\r\n<li>Provide insights into future maintenance needs, helping businesses plan repairs and replacements proactively.</li>\r\n<li>Optimize inventory management for spare parts.</li>\r\n</ul>\r\n</li>\r\n<li>\r\n<p><strong>Scalability:</strong></p>\r\n<ul>\r\n<li>Ensure the system can handle varying scales, from small factories to large industrial setups.</li>\r\n</ul>\r\n</li>\r\n</ol>\r\n<hr>\r\n<p><strong>Project Objectives:</strong></p>\r\n<ul>\r\n<li>Reduce unplanned downtime by at least 30%.</li>\r\n<li>Lower maintenance costs through proactive repairs.</li>\r\n<li>Extend the lifespan of equipment by avoiding excessive wear and tear.</li>\r\n<li>Improve safety by addressing potential hazards before they occur.</li>\r\n</ul>\r\n<p>This project is designed to revolutionize the way maintenance is managed, blending technology with operational efficiency to deliver exceptional value.</p>', 0, NULL, '12000.00', '2025-04-01', '2025-12-01', 1, 0, 'assigned_users', NULL, 1, '2025-02-08 04:31:38', '2025-02-08 04:47:47'),
(22, 2, 'Smart Healthcare Monitoring System', '<p>The <strong>Smart Healthcare Monitoring System</strong> project aims to create a state-of-the-art solution for remote patient monitoring and health management. This system uses IoT devices, wearable sensors, and AI-driven analytics to track patients\' vital signs in real time, alert healthcare providers to abnormalities, and provide actionable insights for better decision-making. It is designed for use in hospitals, elderly care facilities, and even at-home care, ensuring improved patient outcomes and reduced healthcare costs.</p>\r\n<hr>\r\n<p><strong>Key Features:</strong></p>\r\n<ol>\r\n<li>\r\n<p><strong>IoT-Enabled Wearables:</strong></p>\r\n<ul>\r\n<li>Devices such as smartwatches or chest patches to monitor vitals like heart rate, blood pressure, oxygen levels, and body temperature.</li>\r\n</ul>\r\n</li>\r\n<li>\r\n<p><strong>Real-Time Data Transmission:</strong></p>\r\n<ul>\r\n<li>Continuous transmission of health data to a centralized cloud system for processing and analysis.</li>\r\n</ul>\r\n</li>\r\n<li>\r\n<p><strong>AI-Driven Alerts:</strong></p>\r\n<ul>\r\n<li>Immediate notifications for critical health events like arrhythmia, hypoxia, or high fever.</li>\r\n</ul>\r\n</li>\r\n<li>\r\n<p><strong>Patient Health Dashboard:</strong></p>\r\n<ul>\r\n<li>A web-based and mobile-accessible dashboard for healthcare providers to view patient histories and trends.</li>\r\n</ul>\r\n</li>\r\n<li>\r\n<p><strong>Integration with Electronic Health Records (EHR):</strong></p>\r\n<ul>\r\n<li>Syncs patient data with existing medical records for a seamless healthcare experience.</li>\r\n</ul>\r\n</li>\r\n<li>\r\n<p><strong>Customizable Health Plans:</strong></p>\r\n<ul>\r\n<li>Allows doctors to set thresholds and parameters specific to individual patients\' needs.</li>\r\n</ul>\r\n</li>\r\n<li>\r\n<p><strong>Data Analytics and Reporting:</strong></p>\r\n<ul>\r\n<li>Provides insights into patient health trends, population health metrics, and predictive analytics for preventive care.</li>\r\n</ul>\r\n</li>\r\n</ol>\r\n<hr>\r\n<p><strong>Benefits:</strong></p>\r\n<ul>\r\n<li>Enhanced patient care with 24/7 monitoring.</li>\r\n<li>Reduced hospital visits and emergency interventions.</li>\r\n<li>Better resource allocation for healthcare providers.</li>\r\n<li>Improved quality of life for patients through proactive health management.</li>\r\n</ul>', 0, NULL, '30000.00', '2025-09-01', '2025-12-31', 1, 0, 'assigned_users', NULL, 0, '2025-02-08 04:59:28', '2025-02-08 04:59:54'),
(23, 3, 'Brand Amplify Campaign', '<p>The Brand Amplify Campaign focuses on achieving three primary objectives: increasing brand awareness, fostering audience engagement, and driving measurable business growth. The project involves a mix of traditional and digital marketing strategies, including:</p>\r\n<ul>\r\n<li><strong>Content Creation:</strong> Producing high-quality, value-driven content tailored to our audience&rsquo;s interests.</li>\r\n<li><strong>Advertising:</strong> Running impactful ad campaigns on social media, search engines, and offline channels.</li>\r\n<li><strong>Audience Engagement:</strong> Building meaningful interactions through events, social media, and community initiatives.</li>\r\n<li><strong>Performance Tracking:</strong> Using analytics tools to measure campaign effectiveness and refine strategies.</li>\r\n</ul>\r\n<p>This project will span six months and will involve collaboration between the content, social media, and advertising teams to ensure a cohesive and impactful marketing effort.</p>', 73, 14, '12000', '2025-02-10', '2025-07-10', 1, 0, 'assigned_users', NULL, 0, '2025-02-09 23:01:08', '2025-02-09 23:01:08'),
(24, 3, 'Global Social Media Strategy Overhaul', '<h3><strong>Description:</strong></h3>\r\n<p>This project focuses on redesigning and optimizing a brand\'s global social media strategy to enhance engagement, expand reach, and align with evolving audience preferences. By analyzing current trends, identifying gaps in existing strategies, and implementing data-driven campaigns, the project aims to position the brand as a leader in its industry across all major social media platforms.</p>\r\n<hr>\r\n<h3><strong>Key Objectives:</strong></h3>\r\n<ol>\r\n<li>Develop a cohesive social media strategy for global markets.</li>\r\n<li>Create content that resonates with diverse audiences.</li>\r\n<li>Increase audience engagement and brand visibility.</li>\r\n<li>Enhance alignment with current trends, including influencer marketing and interactive content.</li>\r\n<li>Leverage analytics to continuously refine the strategy for optimal performance.</li>\r\n</ol>', 72, 15, '21000.00', '2025-02-10', '2025-07-31', 1, 0, 'assigned_users', NULL, 1, '2025-02-09 23:34:18', '2025-02-09 23:37:06'),
(25, 3, 'Sustainable Product Launch Strategy', '<h3><strong>Detailed Description:</strong></h3>\r\n<p>This project involves the strategic planning and execution of a product launch for a new line of sustainable products. The product line will cater to the growing market demand for eco-friendly and socially responsible goods, focusing on reducing carbon footprints, utilizing biodegradable or recycled materials, and ensuring ethical production processes.</p>\r\n<p>The objective is not only to introduce the product but also to position the brand as a sustainability champion. The marketing strategy will involve the following core elements:</p>\r\n<ol>\r\n<li>\r\n<p><strong>Highlighting Eco-Friendly Features:</strong><br>Showcase the product&rsquo;s unique sustainable benefits, such as environmentally friendly materials, energy-efficient production methods, and minimal packaging waste. Emphasize how these features align with the brand&rsquo;s commitment to sustainability and customer values.</p>\r\n</li>\r\n<li>\r\n<p><strong>Audience Engagement:</strong><br>Develop a targeted outreach campaign to connect with eco-conscious consumers. Use social media, blogs, and newsletters to educate the audience on the product&rsquo;s impact and inspire them to join the movement toward sustainability.</p>\r\n</li>\r\n<li>\r\n<p><strong>Content Creation:</strong></p>\r\n<ul>\r\n<li>Produce high-quality, engaging content, such as videos, infographics, and testimonials.</li>\r\n<li>Highlight the product&rsquo;s lifecycle, from raw materials to final use.</li>\r\n<li>Create behind-the-scenes content showing the brand&rsquo;s sustainable practices.</li>\r\n</ul>\r\n</li>\r\n<li>\r\n<p><strong>Partnerships and Collaborations:</strong><br>Collaborate with influencers, sustainability advocates, and non-profit organizations to amplify the product&rsquo;s message. Such partnerships can expand reach and credibility among eco-conscious consumers.</p>\r\n</li>\r\n<li>\r\n<p><strong>Launch Event:</strong><br>Plan a hybrid (physical and virtual) launch event focusing on sustainability. This can include workshops, live demonstrations of the product, Q&amp;A sessions with the product team, and exclusive early access for event attendees.</p>\r\n</li>\r\n<li>\r\n<p><strong>Transparency and Accountability:</strong></p>\r\n<ul>\r\n<li>Share detailed reports on the product&rsquo;s environmental impact, supply chain, and certifications.</li>\r\n<li>Provide ongoing updates on sustainability goals and progress post-launch.</li>\r\n</ul>\r\n</li>\r\n<li>\r\n<p><strong>Offline Marketing:</strong><br>Leverage eco-friendly branding materials, such as reusable signage or plantable promotional items. Partner with local businesses to host pop-up shops or exclusive promotions.</p>\r\n</li>\r\n<li>\r\n<p><strong>Data-Driven Decisions:</strong><br>Use analytics to track customer engagement, feedback, and sales performance. Adapt marketing strategies based on real-time data to maximize the campaign&rsquo;s impact.</p>\r\n</li>\r\n<li>\r\n<p><strong>Post-Launch Sustainability Efforts:</strong><br>Establish programs to ensure product reuse, recycling, or safe disposal. Continue educating customers on maintaining a sustainable lifestyle and how the product aligns with those values.</p>\r\n</li>\r\n</ol>\r\n<p>This comprehensive approach ensures the product launch resonates with the target audience, reinforces the brand&rsquo;s sustainability credentials, and establishes long-term customer trust and loyalty.</p>', 71, 14, '35000', '2025-02-10', '2025-03-31', 1, 0, 'assigned_users', NULL, 0, '2025-02-10 00:59:21', '2025-02-10 01:43:01'),
(26, 3, 'Brand Revitalization Campaign', '<h4><strong>Description:</strong></h4>\r\n<p>This project involves refreshing and modernizing a brand to better align with current market trends, customer preferences, and competitive landscapes. The aim is to improve brand perception, boost customer loyalty, and attract new audiences. The campaign will address brand identity, messaging, and marketing strategies to ensure a cohesive and impactful presence across all platforms.</p>\r\n<hr>\r\n<h4><strong>Key Objectives:</strong></h4>\r\n<ul>\r\n<li>Redefine the brand&rsquo;s mission, vision, and values.</li>\r\n<li>Modernize the logo, color palette, and design elements.</li>\r\n<li>Strengthen brand positioning to stand out in the market.</li>\r\n<li>Develop consistent messaging that resonates with the target audience.</li>\r\n<li>Implement updated marketing strategies to drive engagement and sales.</li>\r\n</ul>\r\n<hr>\r\n<h4><strong>Deliverables:</strong></h4>\r\n<ul>\r\n<li>A new brand identity package, including a logo, style guide, and templates.</li>\r\n<li>Refreshed website and social media profiles.</li>\r\n<li>A detailed marketing plan outlining strategies for the next 12 months.</li>\r\n<li>Launch event or campaign to introduce the revitalized brand to the public.</li>\r\n</ul>', 0, 17, '8000', '2025-09-01', '2025-10-31', 1, 0, 'assigned_users', NULL, 0, '2025-02-10 01:48:07', '2025-02-10 01:48:07'),
(27, 3, 'Customer Loyalty Rewards Program', '<p>The <strong>Customer Loyalty Rewards Program</strong> aims to strengthen customer relationships by providing meaningful incentives for continued engagement with the brand. This project is designed to enhance customer satisfaction, encourage repeat purchases, and build a loyal community of brand advocates. The program will reward customers for their purchases, referrals, and other interactions, creating a mutually beneficial relationship between the business and its clients.</p>\r\n<p>The loyalty program will feature a <strong>points-based rewards system</strong> where customers earn points for every dollar spent. These points can be redeemed for discounts, exclusive products, or services. To further incentivize engagement, the program will include <strong>tiered membership levels</strong>, offering increasing benefits such as early access to sales, free shipping, and VIP customer service.</p>\r\n<p>Additionally, the project will leverage <strong>personalization and automation</strong> by integrating the program with CRM and marketing tools. Personalized offers, birthday rewards, and targeted promotions will ensure customers feel valued and understood. The program will be accessible via an easy-to-use mobile app and website, allowing customers to track points, browse rewards, and engage with the brand effortlessly.</p>\r\n<p>The implementation will include technical integration with e-commerce platforms, training for customer service teams, and a promotional campaign to encourage sign-ups. Regular monitoring and data analysis will help refine the program, ensuring its alignment with customer preferences and business objectives.</p>\r\n<p>This loyalty program will not only improve retention rates but also provide valuable insights into customer behavior, enabling the company to tailor its marketing efforts and improve overall customer experience.</p>', 0, 15, '10500', '2025-03-01', '2025-07-05', 1, 0, 'assigned_users', NULL, 0, '2025-02-10 02:14:30', '2025-02-10 02:14:30'),
(28, 3, 'Digital Marketing Mastery Campaign', '<h4><strong>Description:</strong></h4>\r\n<p>A comprehensive campaign designed to establish a strong online presence, enhance brand visibility, and drive conversions through digital marketing strategies. The project includes SEO optimization, social media engagement, email marketing, paid ads, and analytics tracking to measure campaign success.</p>\r\n<h4><strong>Project Objectives:</strong></h4>\r\n<ol>\r\n<li><strong>Boost Online Traffic:</strong> Increase website visitors through targeted SEO and content strategies.</li>\r\n<li><strong>Enhance Brand Awareness:</strong> Strengthen brand recognition via social media campaigns and influencer collaborations.</li>\r\n<li><strong>Generate Leads and Conversions:</strong> Utilize email marketing and paid ad strategies to convert leads into loyal customers.</li>\r\n<li><strong>Track Performance:</strong> Measure and analyze the effectiveness of the campaign through advanced analytics tools.</li>\r\n</ol>', 72, 14, '32000.00', '2025-07-01', '2025-08-31', 1, 0, 'assigned_users', NULL, 1, '2025-02-10 03:27:20', '2025-02-10 03:29:24'),
(29, 3, 'Content Marketing Strategy for Brand Awareness', '<h3><strong>Description:</strong></h3>\r\n<p>This project focuses on revitalizing the company&rsquo;s brand identity to align with modern trends and evolving market dynamics. It includes updating the logo, tagline, brand guidelines, and marketing collateral while ensuring a consistent rollout across all channels. The goal is to enhance brand perception, attract a broader audience, and maintain relevance in a competitive landscape.</p>\r\n<hr>\r\n<h3><strong>Details:</strong></h3>\r\n<ol>\r\n<li>\r\n<p><strong>Objective:</strong></p>\r\n<ul>\r\n<li>Redefine the company&rsquo;s visual identity to resonate with current customer expectations.</li>\r\n<li>Communicate the brand&rsquo;s values and mission effectively.</li>\r\n<li>Ensure a seamless transition across all touchpoints, both digital and physical.</li>\r\n</ul>\r\n</li>\r\n<li>\r\n<p><strong>Scope of the Project:</strong></p>\r\n<ul>\r\n<li>Conduct market research to understand audience preferences and competitor positioning.</li>\r\n<li>Redesign the logo, color palette, typography, and imagery.</li>\r\n<li>Update website design, social media profiles, and marketing materials.</li>\r\n<li>Develop a communication strategy to announce the rebranding.</li>\r\n</ul>\r\n</li>\r\n<li>\r\n<p><strong>Expected Deliverables:</strong></p>\r\n<ul>\r\n<li>A new brand guideline document detailing the updated identity.</li>\r\n<li>Redesigned assets such as business cards, brochures, and presentation templates.</li>\r\n<li>Fully updated website and social media profiles.</li>\r\n<li>A campaign plan to launch the refreshed brand to the market.</li>\r\n</ul>\r\n</li>\r\n<li>\r\n<p><strong>Key Features:</strong></p>\r\n<ul>\r\n<li>Focus on creating a versatile and timeless logo.</li>\r\n<li>Ensure the rebranding reflects the company&rsquo;s core values and mission.</li>\r\n<li>Leverage PR and digital campaigns to maximize visibility for the launch.</li>\r\n</ul>\r\n</li>\r\n<li>\r\n<p><strong>Duration:</strong></p>\r\n<ul>\r\n<li>The project is expected to take four months, with the first phase dedicated to research and concept development.</li>\r\n</ul>\r\n</li>\r\n</ol>', 72, 14, '32000.00', '2025-07-01', '2025-08-31', 1, 0, 'assigned_users', NULL, 1, '2025-02-10 04:01:15', '2025-02-10 04:02:13'),
(30, 3, 'Event Sponsorship Activation Strategy', '<h3><strong>Description:</strong></h3>\r\n<p>This project focuses on redesigning and optimizing a brand\'s global social media strategy to enhance engagement, expand reach, and align with evolving audience preferences. By analyzing current trends, identifying gaps in existing strategies, and implementing data-driven campaigns, the project aims to position the brand as a leader in its industry across all major social media platforms.</p>\r\n<hr>\r\n<h3><strong>Key Objectives:</strong></h3>\r\n<ol>\r\n<li>Develop a cohesive social media strategy for global markets.</li>\r\n<li>Create content that resonates with diverse audiences.</li>\r\n<li>Increase audience engagement and brand visibility.</li>\r\n<li>Enhance alignment with current trends, including influencer marketing and interactive content.</li>\r\n<li>Leverage analytics to continuously refine the strategy for optimal performance.</li>\r\n</ol>', 72, 15, '21000.00', '2025-02-10', '2025-07-31', 1, 0, 'assigned_users', NULL, 1, '2025-02-10 04:05:51', '2025-02-10 04:05:51'),
(31, 3, 'Influencer Marketing Campaign for Product Launch', '<h3><strong>Details:</strong></h3>\r\n<ol>\r\n<li>\r\n<p><strong>Objective:</strong></p>\r\n<ul>\r\n<li>Increase product visibility and awareness among the target audience.</li>\r\n<li>Drive traffic to the product landing page and boost conversions.</li>\r\n<li>Establish credibility through trusted voices in the industry.</li>\r\n</ul>\r\n</li>\r\n<li>\r\n<p><strong>Scope of the Project:</strong></p>\r\n<ul>\r\n<li>Research and select influencers aligned with the brand&rsquo;s values and audience.</li>\r\n<li>Develop creative briefs for influencers, ensuring consistent messaging.</li>\r\n<li>Plan and execute influencer posts, stories, and live sessions.</li>\r\n<li>Monitor campaign performance using engagement metrics and sales data.</li>\r\n</ul>\r\n</li>\r\n<li>\r\n<p><strong>Expected Deliverables:</strong></p>\r\n<ul>\r\n<li>List of 10&ndash;15 influencers with agreed-upon collaboration terms.</li>\r\n<li>Creative content assets, including product photos, hashtags, and captions.</li>\r\n<li>Campaign timeline with planned post schedules.</li>\r\n<li>Performance report detailing reach, engagement, and ROI.</li>\r\n</ul>\r\n</li>\r\n<li>\r\n<p><strong>Key Features:</strong></p>\r\n<ul>\r\n<li>Use of unique tracking codes or affiliate links for each influencer.</li>\r\n<li>Collaborative content creation for authentic storytelling.</li>\r\n<li>Real-time engagement with followers during live sessions or Q&amp;A events.</li>\r\n</ul>\r\n</li>\r\n<li>\r\n<p><strong>Duration:</strong></p>\r\n<ul>\r\n<li>The project will run for 6 weeks, including planning, execution, and review.</li>\r\n</ul>\r\n</li>\r\n</ol>', 71, 14, '35000.00', '2025-02-10', '2025-03-31', 1, 0, 'assigned_users', NULL, 0, '2025-02-10 04:28:02', '2025-02-10 04:30:06');

-- --------------------------------------------------------

--
-- Table structure for table `project_tag`
--

CREATE TABLE `project_tag` (
  `id` bigint UNSIGNED NOT NULL,
  `project_id` bigint UNSIGNED NOT NULL,
  `tag_id` bigint UNSIGNED NOT NULL,
  `created_at` timestamp NULL DEFAULT CURRENT_TIMESTAMP,
  `updated_at` timestamp NOT NULL DEFAULT CURRENT_TIMESTAMP ON UPDATE CURRENT_TIMESTAMP
) ENGINE=InnoDB DEFAULT CHARSET=utf8mb4 COLLATE=utf8mb4_unicode_ci;

--
-- Dumping data for table `project_tag`
--

INSERT INTO `project_tag` (`id`, `project_id`, `tag_id`, `created_at`, `updated_at`) VALUES
(1, 1, 15, '2025-02-03 06:28:18', '2025-02-03 06:28:18'),
(2, 1, 8, '2025-02-03 06:28:18', '2025-02-03 06:28:18'),
(3, 1, 1, '2025-02-03 06:28:18', '2025-02-03 06:28:18'),
(22, 8, 16, '2025-02-03 08:48:36', '2025-02-03 08:48:36'),
(23, 8, 5, '2025-02-03 08:51:05', '2025-02-03 08:51:05'),
(24, 8, 4, '2025-02-03 08:51:05', '2025-02-03 08:51:05'),
(25, 9, 17, '2025-02-04 05:36:10', '2025-02-04 05:36:10'),
(26, 9, 4, '2025-02-04 05:36:10', '2025-02-04 05:36:10'),
(27, 9, 19, '2025-02-04 05:36:10', '2025-02-04 05:36:10'),
(28, 9, 20, '2025-02-04 05:36:10', '2025-02-04 05:36:10'),
(29, 9, 18, '2025-02-04 05:36:10', '2025-02-04 05:36:10'),
(30, 10, 21, '2025-02-05 03:00:37', '2025-02-05 03:00:37'),
(31, 10, 22, '2025-02-05 03:00:37', '2025-02-05 03:00:37'),
(32, 10, 10, '2025-02-05 03:00:37', '2025-02-05 03:00:37'),
(33, 10, 8, '2025-02-05 03:00:37', '2025-02-05 03:00:37'),
(34, 10, 11, '2025-02-05 03:00:37', '2025-02-05 03:00:37'),
(35, 11, 22, '2025-02-05 05:44:03', '2025-02-05 05:44:03'),
(36, 11, 5, '2025-02-05 05:44:03', '2025-02-05 05:44:03'),
(37, 12, 9, '2025-02-06 05:14:06', '2025-02-06 05:14:06'),
(38, 12, 11, '2025-02-06 05:14:06', '2025-02-06 05:14:06'),
(39, 12, 21, '2025-02-06 05:14:06', '2025-02-06 05:14:06'),
(40, 12, 16, '2025-02-06 05:14:06', '2025-02-06 05:14:06'),
(41, 13, 9, '2025-02-06 06:37:17', '2025-02-06 06:37:17'),
(42, 13, 14, '2025-02-06 06:37:17', '2025-02-06 06:37:17'),
(43, 13, 23, '2025-02-06 06:37:17', '2025-02-06 06:37:17'),
(44, 13, 24, '2025-02-06 06:37:17', '2025-02-06 06:37:17'),
(45, 14, 11, '2025-02-06 07:24:51', '2025-02-06 07:24:51'),
(46, 14, 23, '2025-02-06 07:24:51', '2025-02-06 07:24:51'),
(47, 14, 7, '2025-02-06 07:24:51', '2025-02-06 07:24:51'),
(48, 14, 10, '2025-02-06 07:24:51', '2025-02-06 07:24:51'),
(49, 15, 25, '2025-02-07 03:30:04', '2025-02-07 03:30:04'),
(50, 15, 27, '2025-02-07 03:30:04', '2025-02-07 03:30:04'),
(51, 15, 26, '2025-02-07 03:30:04', '2025-02-07 03:30:04'),
(52, 15, 28, '2025-02-07 03:30:04', '2025-02-07 03:30:04'),
(53, 16, 25, '2025-02-07 03:34:10', '2025-02-07 03:34:10'),
(54, 16, 28, '2025-02-07 03:34:10', '2025-02-07 03:34:10'),
(55, 16, 8, '2025-02-07 03:34:10', '2025-02-07 03:34:10'),
(56, 16, 1, '2025-02-07 03:34:10', '2025-02-07 03:34:10'),
(57, 16, 10, '2025-02-07 03:34:10', '2025-02-07 03:34:10'),
(58, 17, 29, '2025-02-07 05:14:44', '2025-02-07 05:14:44'),
(59, 17, 30, '2025-02-07 05:14:44', '2025-02-07 05:14:44'),
(60, 17, 28, '2025-02-07 05:14:44', '2025-02-07 05:14:44'),
(61, 17, 7, '2025-02-07 05:14:44', '2025-02-07 05:14:44'),
(62, 17, 10, '2025-02-07 05:14:44', '2025-02-07 05:14:44'),
(63, 18, 5, '2025-02-07 07:59:19', '2025-02-07 07:59:19'),
(64, 18, 16, '2025-02-07 07:59:19', '2025-02-07 07:59:19'),
(65, 19, 33, '2025-02-08 02:54:59', '2025-02-08 02:54:59'),
(66, 19, 14, '2025-02-08 02:54:59', '2025-02-08 02:54:59'),
(67, 19, 11, '2025-02-08 02:54:59', '2025-02-08 02:54:59'),
(68, 19, 31, '2025-02-08 02:54:59', '2025-02-08 02:54:59'),
(69, 19, 32, '2025-02-08 02:54:59', '2025-02-08 02:54:59'),
(70, 20, 5, '2025-02-08 09:26:03', '2025-02-08 09:26:03'),
(71, 20, 11, '2025-02-08 09:26:03', '2025-02-08 09:26:03'),
(72, 21, 5, '2025-02-08 10:01:38', '2025-02-08 10:01:38'),
(73, 21, 4, '2025-02-08 10:01:38', '2025-02-08 10:01:38'),
(74, 22, 5, '2025-02-08 10:29:54', '2025-02-08 10:29:54'),
(75, 22, 4, '2025-02-08 10:29:54', '2025-02-08 10:29:54');

-- --------------------------------------------------------

--
-- Table structure for table `project_user`
--

CREATE TABLE `project_user` (
  `id` bigint UNSIGNED NOT NULL,
  `project_id` bigint UNSIGNED NOT NULL,
  `user_id` bigint UNSIGNED NOT NULL
) ENGINE=InnoDB DEFAULT CHARSET=utf8mb4 COLLATE=utf8mb4_unicode_ci;

--
-- Dumping data for table `project_user`
--

INSERT INTO `project_user` (`id`, `project_id`, `user_id`) VALUES
(1, 1, 1),
(2, 1, 2),
(13, 1, 3),
(17, 8, 1),
(19, 8, 2),
(20, 8, 3),
(18, 8, 4),
(21, 8, 5),
(22, 9, 1),
(27, 9, 2),
(25, 9, 4),
(24, 9, 5),
(23, 9, 6),
(26, 9, 7),
(28, 9, 8),
(29, 10, 1),
(33, 10, 4),
(32, 10, 5),
(30, 10, 7),
(31, 10, 8),
(34, 11, 1),
(38, 11, 4),
(37, 11, 5),
(35, 11, 9),
(36, 11, 10),
(39, 12, 1),
(40, 12, 3),
(41, 12, 4),
(42, 12, 5),
(43, 12, 7),
(44, 13, 1),
(50, 13, 5),
(45, 13, 11),
(46, 13, 12),
(47, 13, 13),
(48, 13, 14),
(49, 13, 15),
(51, 14, 1),
(57, 14, 5),
(52, 14, 11),
(53, 14, 12),
(56, 14, 13),
(55, 14, 14),
(54, 14, 15),
(58, 15, 1),
(59, 15, 16),
(60, 15, 17),
(61, 15, 18),
(62, 15, 19),
(63, 15, 20),
(64, 16, 1),
(71, 16, 7),
(65, 16, 15),
(67, 16, 16),
(69, 16, 17),
(70, 16, 18),
(66, 16, 19),
(68, 16, 20),
(72, 17, 1),
(73, 17, 7),
(78, 17, 16),
(74, 17, 19),
(79, 17, 20),
(76, 17, 29),
(77, 17, 30),
(75, 17, 31),
(80, 18, 1),
(81, 18, 2),
(84, 18, 3),
(85, 18, 4),
(86, 18, 5),
(82, 18, 7),
(87, 18, 8),
(83, 18, 19),
(88, 19, 1),
(94, 19, 4),
(92, 19, 5),
(95, 19, 6),
(90, 19, 7),
(91, 19, 11),
(93, 19, 12),
(89, 19, 15),
(96, 20, 1),
(101, 20, 2),
(99, 20, 4),
(98, 20, 5),
(97, 20, 9),
(100, 20, 10),
(102, 21, 1),
(107, 21, 2),
(106, 21, 4),
(105, 21, 5),
(104, 21, 9),
(103, 21, 10),
(108, 22, 1),
(109, 22, 2),
(110, 22, 4),
(111, 22, 5),
(112, 22, 9),
(113, 22, 10),
(114, 23, 1),
(115, 23, 32),
(116, 23, 33),
(117, 23, 34),
(118, 23, 35),
(119, 23, 36),
(120, 23, 37),
(121, 24, 1),
(127, 24, 32),
(128, 24, 34),
(122, 24, 37),
(123, 24, 38),
(124, 24, 39),
(125, 24, 40),
(126, 24, 41),
(129, 25, 1),
(130, 25, 32),
(131, 25, 33),
(132, 25, 34),
(133, 25, 35),
(134, 25, 36),
(135, 25, 37),
(136, 25, 38),
(137, 26, 1),
(138, 26, 38),
(139, 26, 39),
(140, 26, 40),
(141, 26, 41),
(142, 27, 1),
(143, 27, 32),
(144, 27, 33),
(145, 27, 34),
(146, 27, 35),
(147, 28, 1),
(149, 28, 32),
(150, 28, 33),
(151, 28, 34),
(148, 28, 37),
(152, 29, 1),
(153, 29, 32),
(154, 29, 33),
(155, 29, 34),
(156, 29, 37),
(157, 30, 1),
(158, 30, 32),
(159, 30, 34),
(160, 30, 37),
(161, 30, 38),
(162, 30, 39),
(163, 30, 40),
(164, 30, 41),
(165, 31, 1),
(166, 31, 32),
(167, 31, 33),
(168, 31, 34),
(169, 31, 35),
(170, 31, 36),
(171, 31, 37),
(172, 31, 38);

-- --------------------------------------------------------

--
-- Table structure for table `recurring_tasks`
--

CREATE TABLE `recurring_tasks` (
  `id` bigint UNSIGNED NOT NULL,
  `task_id` bigint UNSIGNED NOT NULL,
  `frequency` enum('daily','weekly','monthly','yearly') CHARACTER SET utf8mb4 COLLATE utf8mb4_unicode_ci NOT NULL,
  `day_of_week` text CHARACTER SET utf8mb4 COLLATE utf8mb4_unicode_ci,
  `day_of_month` text CHARACTER SET utf8mb4 COLLATE utf8mb4_unicode_ci,
  `month_of_year` text CHARACTER SET utf8mb4 COLLATE utf8mb4_unicode_ci,
  `starts_from` date DEFAULT NULL,
  `number_of_occurrences` text CHARACTER SET utf8mb4 COLLATE utf8mb4_unicode_ci,
  `completed_occurrences` text CHARACTER SET utf8mb4 COLLATE utf8mb4_unicode_ci,
  `is_active` tinyint(1) NOT NULL DEFAULT '1',
  `last_created_at` datetime DEFAULT NULL,
  `created_at` timestamp NULL DEFAULT NULL,
  `updated_at` timestamp NULL DEFAULT NULL
) ENGINE=InnoDB DEFAULT CHARSET=utf8mb4 COLLATE=utf8mb4_unicode_ci;

--
-- Dumping data for table `recurring_tasks`
--

INSERT INTO `recurring_tasks` (`id`, `task_id`, `frequency`, `day_of_week`, `day_of_month`, `month_of_year`, `starts_from`, `number_of_occurrences`, `completed_occurrences`, `is_active`, `last_created_at`, `created_at`, `updated_at`) VALUES
(1, 17, 'daily', NULL, NULL, NULL, '2025-05-19', '5', NULL, 1, NULL, '2025-02-04 00:38:56', '2025-02-04 00:38:56'),
(2, 20, 'daily', NULL, NULL, NULL, '2025-02-15', '7', NULL, 1, NULL, '2025-02-04 22:07:56', '2025-02-04 22:07:56'),
(3, 38, 'daily', NULL, NULL, NULL, '2025-03-10', '4', NULL, 1, NULL, '2025-02-05 23:53:20', '2025-02-05 23:53:20'),
(4, 58, 'weekly', '1', NULL, NULL, '2025-06-30', '150', NULL, 1, NULL, '2025-02-06 01:46:10', '2025-02-06 01:46:10'),
(5, 62, 'daily', NULL, NULL, NULL, '2025-05-31', '15', NULL, 1, NULL, '2025-02-06 02:16:03', '2025-02-06 02:16:03'),
(6, 115, 'daily', NULL, NULL, NULL, '2025-03-01', '2', NULL, 1, NULL, '2025-02-07 21:27:56', '2025-02-07 21:27:56');

-- --------------------------------------------------------

--
-- Table structure for table `reminders`
--

CREATE TABLE `reminders` (
  `id` bigint UNSIGNED NOT NULL,
  `remindable_type` varchar(255) CHARACTER SET utf8mb4 COLLATE utf8mb4_unicode_ci NOT NULL,
  `remindable_id` bigint UNSIGNED NOT NULL,
  `frequency_type` enum('daily','weekly','monthly') CHARACTER SET utf8mb4 COLLATE utf8mb4_unicode_ci NOT NULL,
  `frequency_value` int DEFAULT NULL,
  `day_of_week` int DEFAULT NULL,
  `day_of_month` int DEFAULT NULL,
  `time_of_day` time NOT NULL,
  `is_active` tinyint(1) NOT NULL DEFAULT '1',
  `last_sent_at` timestamp NULL DEFAULT NULL,
  `created_at` timestamp NULL DEFAULT NULL,
  `updated_at` timestamp NULL DEFAULT NULL
) ENGINE=InnoDB DEFAULT CHARSET=utf8mb4 COLLATE=utf8mb4_unicode_ci;

--
-- Dumping data for table `reminders`
--

INSERT INTO `reminders` (`id`, `remindable_type`, `remindable_id`, `frequency_type`, `frequency_value`, `day_of_week`, `day_of_month`, `time_of_day`, `is_active`, `last_sent_at`, `created_at`, `updated_at`) VALUES
(1, 'App\\Models\\Task', 1, 'daily', NULL, NULL, NULL, '09:15:00', 1, NULL, '2025-02-03 02:15:57', '2025-02-03 02:15:57'),
(2, 'App\\Models\\Task', 4, 'daily', NULL, NULL, NULL, '09:00:00', 1, NULL, '2025-02-03 03:39:33', '2025-02-03 22:11:42'),
(3, 'App\\Models\\Task', 14, 'daily', NULL, NULL, NULL, '09:00:00', 1, NULL, '2025-02-04 00:15:16', '2025-02-04 00:15:16'),
(4, 'App\\Models\\Task', 15, 'daily', NULL, NULL, NULL, '09:00:00', 1, NULL, '2025-02-04 00:23:10', '2025-02-04 00:23:10'),
(5, 'App\\Models\\Task', 16, 'daily', NULL, NULL, NULL, '10:25:00', 1, NULL, '2025-02-04 00:35:46', '2025-02-04 00:35:46'),
(6, 'App\\Models\\Task', 17, 'daily', NULL, NULL, NULL, '09:00:00', 1, NULL, '2025-02-04 00:38:56', '2025-02-04 00:38:56'),
(7, 'App\\Models\\Task', 19, 'daily', NULL, NULL, NULL, '09:00:00', 1, NULL, '2025-02-04 21:36:44', '2025-02-04 21:36:44'),
(8, 'App\\Models\\Task', 20, 'daily', NULL, NULL, NULL, '09:00:00', 1, NULL, '2025-02-04 22:07:34', '2025-02-04 22:07:56'),
(9, 'App\\Models\\Task', 21, 'daily', NULL, NULL, NULL, '09:00:00', 1, NULL, '2025-02-04 22:10:41', '2025-02-04 22:10:41'),
(10, 'App\\Models\\Task', 22, 'daily', NULL, NULL, NULL, '09:00:00', 1, NULL, '2025-02-04 22:16:40', '2025-02-04 22:16:40'),
(11, 'App\\Models\\Task', 27, 'daily', NULL, NULL, NULL, '09:00:00', 1, NULL, '2025-02-05 00:18:12', '2025-02-05 00:18:12'),
(12, 'App\\Models\\Task', 31, 'daily', NULL, NULL, NULL, '09:00:00', 1, NULL, '2025-02-05 00:41:41', '2025-02-05 00:41:41'),
(13, 'App\\Models\\Task', 32, 'daily', NULL, NULL, NULL, '09:00:00', 1, NULL, '2025-02-05 00:55:26', '2025-02-05 00:55:26'),
(14, 'App\\Models\\Task', 36, 'daily', NULL, NULL, NULL, '09:00:00', 1, NULL, '2025-02-05 23:50:16', '2025-02-05 23:50:16'),
(15, 'App\\Models\\Task', 37, 'daily', NULL, NULL, NULL, '09:00:00', 1, NULL, '2025-02-05 23:51:39', '2025-02-05 23:51:39'),
(16, 'App\\Models\\Task', 38, 'daily', NULL, NULL, NULL, '10:25:00', 1, NULL, '2025-02-05 23:53:20', '2025-02-05 23:53:20'),
(17, 'App\\Models\\Task', 39, 'daily', NULL, NULL, NULL, '10:00:00', 1, NULL, '2025-02-05 23:54:56', '2025-02-05 23:54:56'),
(18, 'App\\Models\\Task', 40, 'daily', NULL, NULL, NULL, '10:00:00', 1, NULL, '2025-02-05 23:55:58', '2025-02-05 23:58:48'),
(19, 'App\\Models\\Task', 42, 'daily', NULL, NULL, NULL, '10:00:00', 1, NULL, '2025-02-05 23:58:38', '2025-02-06 00:00:37'),
(20, 'App\\Models\\Task', 43, 'daily', NULL, NULL, NULL, '11:00:00', 1, NULL, '2025-02-06 00:02:35', '2025-02-06 00:02:35'),
(21, 'App\\Models\\Task', 44, 'daily', NULL, NULL, NULL, '11:05:00', 1, NULL, '2025-02-06 00:06:05', '2025-02-06 00:08:26'),
(22, 'App\\Models\\Task', 46, 'daily', NULL, NULL, NULL, '11:00:00', 1, NULL, '2025-02-06 01:13:52', '2025-02-06 01:13:52'),
(23, 'App\\Models\\Task', 53, 'daily', NULL, NULL, NULL, '10:00:00', 1, NULL, '2025-02-06 01:28:10', '2025-02-06 01:28:10'),
(24, 'App\\Models\\Task', 58, 'weekly', NULL, 1, NULL, '11:00:00', 1, NULL, '2025-02-06 01:46:10', '2025-02-06 01:46:10'),
(25, 'App\\Models\\Task', 59, 'daily', NULL, NULL, NULL, '09:00:00', 1, NULL, '2025-02-06 01:59:50', '2025-02-06 01:59:50'),
(26, 'App\\Models\\Task', 60, 'daily', NULL, NULL, NULL, '10:00:00', 1, NULL, '2025-02-06 02:08:54', '2025-02-06 02:08:54'),
(27, 'App\\Models\\Task', 61, 'daily', NULL, NULL, NULL, '10:00:00', 1, NULL, '2025-02-06 02:10:51', '2025-02-06 02:10:51'),
(28, 'App\\Models\\Task', 62, 'daily', NULL, NULL, NULL, '10:02:00', 1, NULL, '2025-02-06 02:16:03', '2025-02-06 02:17:01'),
(29, 'App\\Models\\Task', 64, 'daily', NULL, NULL, NULL, '10:00:00', 1, NULL, '2025-02-06 03:18:23', '2025-02-06 03:18:23'),
(30, 'App\\Models\\Task', 65, 'daily', NULL, NULL, NULL, '10:25:00', 1, NULL, '2025-02-06 03:20:06', '2025-02-06 03:20:06'),
(31, 'App\\Models\\Task', 71, 'daily', NULL, NULL, NULL, '10:00:00', 1, NULL, '2025-02-06 21:43:40', '2025-02-06 21:49:01'),
(32, 'App\\Models\\Task', 78, 'daily', NULL, NULL, NULL, '09:00:00', 1, NULL, '2025-02-06 22:27:05', '2025-02-06 22:27:05'),
(33, 'App\\Models\\Task', 92, 'daily', NULL, NULL, NULL, '10:00:00', 1, NULL, '2025-02-07 00:41:42', '2025-02-07 01:11:51'),
(34, 'App\\Models\\Task', 98, 'daily', NULL, NULL, NULL, '10:00:00', 1, NULL, '2025-02-07 01:01:39', '2025-02-07 01:01:39'),
(35, 'App\\Models\\Task', 102, 'daily', NULL, NULL, NULL, '10:00:00', 1, NULL, '2025-02-07 01:07:18', '2025-02-07 02:19:27'),
(36, 'App\\Models\\Task', 106, 'daily', NULL, NULL, NULL, '14:00:00', 1, NULL, '2025-02-07 03:43:24', '2025-02-07 03:43:24'),
(37, 'App\\Models\\Task', 115, 'daily', NULL, NULL, NULL, '10:59:00', 1, NULL, '2025-02-07 21:27:55', '2025-02-07 21:27:55'),
(38, 'App\\Models\\Task', 116, 'daily', NULL, NULL, NULL, '10:00:00', 1, NULL, '2025-02-07 21:28:42', '2025-02-11 21:41:31'),
(39, 'App\\Models\\Task', 119, 'daily', NULL, NULL, NULL, '10:00:00', 1, NULL, '2025-02-07 21:33:00', '2025-02-11 21:42:55'),
(40, 'App\\Models\\Task', 123, 'daily', NULL, NULL, NULL, '10:00:00', 1, NULL, '2025-02-07 21:46:07', '2025-02-11 21:44:21'),
(41, 'App\\Models\\Task', 130, 'daily', NULL, NULL, NULL, '02:00:00', 1, NULL, '2025-02-08 04:05:54', '2025-02-08 04:16:07'),
(42, 'App\\Models\\Task', 132, 'daily', NULL, NULL, NULL, '10:00:00', 1, NULL, '2025-02-08 04:09:24', '2025-02-08 04:18:21'),
(43, 'App\\Models\\Task', 136, 'daily', NULL, NULL, NULL, '15:33:00', 1, NULL, '2025-02-08 04:33:35', '2025-02-08 04:49:00'),
(44, 'App\\Models\\Task', 151, 'daily', NULL, NULL, NULL, '10:00:00', 1, NULL, '2025-02-09 23:14:47', '2025-02-09 23:14:47');

-- --------------------------------------------------------

--
-- Table structure for table `roles`
--

CREATE TABLE `roles` (
  `id` bigint UNSIGNED NOT NULL,
  `name` varchar(191) CHARACTER SET utf8mb4 COLLATE utf8mb4_unicode_ci NOT NULL,
  `guard_name` varchar(191) CHARACTER SET utf8mb4 COLLATE utf8mb4_unicode_ci NOT NULL,
  `created_at` timestamp NULL DEFAULT NULL,
  `updated_at` timestamp NULL DEFAULT NULL
) ENGINE=InnoDB DEFAULT CHARSET=utf8mb4 COLLATE=utf8mb4_unicode_ci;

--
-- Dumping data for table `roles`
--

INSERT INTO `roles` (`id`, `name`, `guard_name`, `created_at`, `updated_at`) VALUES
(1, 'admin', 'web', '2023-03-13 23:28:49', '2023-09-24 06:53:41'),
(9, 'member', 'web', '2023-03-31 06:21:47', '2023-03-31 06:21:47'),
(21, 'client', 'client', '2023-12-22 07:45:49', '2023-12-22 07:45:49'),
(25, 'Web Developer', 'web', '2025-02-03 00:23:12', '2025-02-03 23:23:17'),
(26, 'Deginer', 'web', '2025-02-03 23:26:10', '2025-02-03 23:26:10'),
(27, 'App Developer', 'web', '2025-02-03 23:35:04', '2025-02-03 23:35:04'),
(28, 'DevOpps Engineer', 'web', '2025-02-03 23:39:28', '2025-02-03 23:39:28'),
(29, 'Tester', 'web', '2025-02-03 23:45:17', '2025-02-03 23:45:17'),
(30, 'Backend Developer', 'web', '2025-02-04 00:25:04', '2025-02-04 00:25:04'),
(31, 'Full Stack Developer', 'web', '2025-02-04 23:44:36', '2025-02-04 23:44:36'),
(32, 'Civil Engineer', 'web', '2025-02-06 00:19:08', '2025-02-06 00:25:01'),
(33, 'Project Manager', 'web', '2025-02-06 00:23:04', '2025-02-06 00:23:04'),
(34, 'Architect', 'web', '2025-02-06 00:23:57', '2025-02-06 00:23:57'),
(35, 'Construction Supervisor/Foreman', 'web', '2025-02-06 00:26:03', '2025-02-06 00:26:03'),
(36, 'Contractor', 'web', '2025-02-06 00:28:18', '2025-02-06 00:28:18'),
(37, 'Event Manager', 'web', '2025-02-06 03:49:08', '2025-02-06 03:49:08'),
(38, 'Logistics Coordinator', 'web', '2025-02-06 03:53:02', '2025-02-06 03:53:02'),
(39, 'Marketing and Promotions Manager', 'web', '2025-02-06 03:53:59', '2025-02-06 03:53:59'),
(40, 'Technical Lead', 'web', '2025-02-06 03:55:25', '2025-02-06 03:55:25'),
(41, 'Guest Relations Coordinator', 'web', '2025-02-06 03:57:29', '2025-02-06 03:57:29'),
(42, 'Trainer/Instructor', 'web', '2025-02-06 23:51:09', '2025-02-06 23:51:09'),
(43, 'Marketing Member', 'web', '2025-02-09 22:10:26', '2025-02-09 22:10:26');

-- --------------------------------------------------------

--
-- Table structure for table `role_has_permissions`
--

CREATE TABLE `role_has_permissions` (
  `permission_id` bigint UNSIGNED NOT NULL,
  `role_id` bigint UNSIGNED NOT NULL
) ENGINE=InnoDB DEFAULT CHARSET=utf8mb4 COLLATE=utf8mb4_unicode_ci;

--
-- Dumping data for table `role_has_permissions`
--

INSERT INTO `role_has_permissions` (`permission_id`, `role_id`) VALUES
(1, 9),
(3, 9),
(4, 9),
(5, 9),
(6, 9),
(7, 9),
(8, 9),
(9, 9),
(10, 9),
(11, 9),
(12, 9),
(13, 9),
(14, 9),
(15, 9),
(16, 9),
(17, 9),
(22, 9),
(23, 9),
(24, 9),
(25, 9),
(26, 9),
(27, 9),
(28, 9),
(29, 9),
(83, 9),
(86, 9),
(87, 9),
(106, 9),
(107, 9),
(108, 9),
(109, 9),
(116, 9),
(117, 9),
(118, 9),
(119, 9),
(120, 9),
(121, 9),
(126, 9),
(127, 9),
(128, 9),
(129, 9),
(134, 9),
(135, 9),
(136, 9),
(137, 9),
(214, 9),
(215, 9),
(216, 9),
(38, 21),
(41, 21),
(57, 21),
(62, 21),
(74, 21),
(88, 21),
(218, 21),
(1, 25),
(3, 25),
(4, 25),
(9, 25),
(14, 25),
(15, 25),
(26, 25),
(27, 25),
(28, 25),
(29, 25),
(116, 25),
(117, 25),
(118, 25),
(119, 25),
(120, 25),
(121, 25),
(1, 26),
(4, 26),
(8, 26),
(9, 26),
(14, 26),
(15, 26),
(26, 26),
(27, 26),
(28, 26),
(116, 26),
(117, 26),
(118, 26),
(119, 26),
(120, 26),
(9, 27),
(14, 27),
(15, 27),
(26, 27),
(27, 27),
(28, 27),
(29, 27),
(116, 27),
(117, 27),
(119, 27),
(127, 27),
(13, 28),
(14, 28),
(15, 28),
(16, 28),
(26, 28),
(27, 28),
(28, 28),
(29, 28),
(67, 28),
(116, 28),
(117, 28),
(119, 28),
(127, 28),
(135, 28),
(143, 28),
(15, 29),
(116, 29),
(117, 29),
(119, 29),
(15, 30),
(116, 30),
(117, 30),
(119, 30),
(1, 31),
(3, 31),
(4, 31),
(5, 31),
(8, 31),
(9, 31),
(14, 31),
(15, 31),
(22, 31),
(23, 31),
(24, 31),
(25, 31),
(26, 31),
(27, 31),
(28, 31),
(29, 31),
(69, 31),
(70, 31),
(71, 31),
(86, 31),
(87, 31),
(106, 31),
(107, 31),
(108, 31),
(109, 31),
(116, 31),
(117, 31),
(118, 31),
(119, 31),
(120, 31),
(121, 31),
(14, 32),
(15, 32),
(26, 32),
(27, 32),
(28, 32),
(29, 32),
(106, 32),
(107, 32),
(108, 32),
(109, 32),
(116, 32),
(117, 32),
(119, 32),
(127, 32),
(135, 32),
(1, 33),
(3, 33),
(4, 33),
(5, 33),
(6, 33),
(7, 33),
(8, 33),
(9, 33),
(10, 33),
(11, 33),
(12, 33),
(13, 33),
(14, 33),
(15, 33),
(16, 33),
(17, 33),
(22, 33),
(23, 33),
(24, 33),
(25, 33),
(26, 33),
(27, 33),
(28, 33),
(29, 33),
(65, 33),
(66, 33),
(67, 33),
(68, 33),
(69, 33),
(70, 33),
(71, 33),
(79, 33),
(80, 33),
(81, 33),
(82, 33),
(83, 33),
(86, 33),
(87, 33),
(90, 33),
(91, 33),
(92, 33),
(93, 33),
(102, 33),
(103, 33),
(104, 33),
(105, 33),
(106, 33),
(107, 33),
(108, 33),
(109, 33),
(116, 33),
(117, 33),
(118, 33),
(119, 33),
(120, 33),
(121, 33),
(126, 33),
(127, 33),
(128, 33),
(129, 33),
(134, 33),
(135, 33),
(136, 33),
(137, 33),
(142, 33),
(143, 33),
(144, 33),
(145, 33),
(150, 33),
(151, 33),
(152, 33),
(153, 33),
(158, 33),
(159, 33),
(160, 33),
(161, 33),
(166, 33),
(167, 33),
(168, 33),
(169, 33),
(174, 33),
(175, 33),
(176, 33),
(177, 33),
(182, 33),
(183, 33),
(184, 33),
(185, 33),
(190, 33),
(191, 33),
(192, 33),
(193, 33),
(198, 33),
(199, 33),
(200, 33),
(201, 33),
(206, 33),
(207, 33),
(208, 33),
(209, 33),
(214, 33),
(215, 33),
(216, 33),
(14, 34),
(15, 34),
(106, 34),
(107, 34),
(108, 34),
(109, 34),
(116, 34),
(117, 34),
(119, 34),
(127, 34),
(15, 35),
(23, 35),
(116, 35),
(117, 35),
(119, 35),
(1, 36),
(9, 36),
(15, 36),
(26, 36),
(27, 36),
(28, 36),
(29, 36),
(116, 36),
(117, 36),
(118, 36),
(119, 36),
(120, 36),
(1, 37),
(3, 37),
(8, 37),
(9, 37),
(14, 37),
(15, 37),
(26, 37),
(27, 37),
(28, 37),
(29, 37),
(116, 37),
(117, 37),
(118, 37),
(119, 37),
(120, 37),
(126, 37),
(127, 37),
(134, 37),
(135, 37),
(1, 38),
(9, 38),
(15, 38),
(26, 38),
(27, 38),
(116, 38),
(117, 38),
(118, 38),
(119, 38),
(126, 38),
(127, 38),
(15, 39),
(116, 39),
(117, 39),
(119, 39),
(127, 39),
(1, 40),
(3, 40),
(9, 40),
(14, 40),
(15, 40),
(116, 40),
(117, 40),
(118, 40),
(119, 40),
(120, 40),
(121, 40),
(126, 40),
(127, 40),
(128, 40),
(129, 40),
(134, 40),
(135, 40),
(136, 40),
(137, 40),
(1, 41),
(9, 41),
(14, 41),
(15, 41),
(26, 41),
(27, 41),
(28, 41),
(116, 41),
(117, 41),
(118, 41),
(119, 41),
(120, 41),
(126, 41),
(127, 41),
(128, 41),
(1, 42),
(3, 42),
(9, 42),
(15, 42),
(22, 42),
(23, 42),
(24, 42),
(25, 42),
(106, 42),
(107, 42),
(108, 42),
(109, 42),
(116, 42),
(117, 42),
(118, 42),
(119, 42),
(120, 42),
(121, 42),
(126, 42),
(127, 42),
(128, 42),
(129, 42),
(134, 42),
(135, 42),
(136, 42),
(137, 42),
(1, 43),
(3, 43),
(9, 43),
(15, 43),
(106, 43),
(107, 43),
(108, 43),
(109, 43),
(116, 43),
(117, 43),
(118, 43),
(119, 43),
(120, 43),
(121, 43),
(126, 43),
(127, 43),
(128, 43),
(129, 43),
(134, 43),
(135, 43),
(136, 43),
(137, 43);

-- --------------------------------------------------------

--
-- Table structure for table `role_status`
--

CREATE TABLE `role_status` (
  `role_id` bigint UNSIGNED NOT NULL,
  `status_id` bigint UNSIGNED NOT NULL
) ENGINE=InnoDB DEFAULT CHARSET=utf8mb4 COLLATE=utf8mb4_unicode_ci;

--
-- Dumping data for table `role_status`
--

INSERT INTO `role_status` (`role_id`, `status_id`) VALUES
(9, 78);

-- --------------------------------------------------------

--
-- Table structure for table `settings`
--

CREATE TABLE `settings` (
  `id` bigint UNSIGNED NOT NULL,
  `variable` varchar(255) CHARACTER SET utf8mb4 COLLATE utf8mb4_unicode_ci DEFAULT NULL,
  `value` longtext CHARACTER SET utf8mb4 COLLATE utf8mb4_bin,
  `created_at` timestamp NULL DEFAULT NULL,
  `updated_at` timestamp NULL DEFAULT NULL
) ENGINE=InnoDB DEFAULT CHARSET=utf8mb4 COLLATE=utf8mb4_unicode_ci;

--
-- Dumping data for table `settings`
--

INSERT INTO `settings` (`id`, `variable`, `value`, `created_at`, `updated_at`) VALUES
(5, 'general_settings', '{\"company_title\":\"Taskify\",\"currency_full_form\":\"US Dollar\",\"currency_symbol\":\"$\",\"currency_code\":\"USD\",\"timezone\":\"Asia\\/Kolkata\",\"date_format\":\"DD-MM-YYYY|d-m-Y\",\"footer_text\":\"<p>made with \\u2764\\ufe0f by <a href=\\\"https:\\/\\/www.infinitietech.com\\/\\\" target=\\\"_blank\\\" rel=\\\"noopener\\\">Infinitie Technologies<\\/a><\\/p>\",\"full_logo\":\"\",\"half_logo\":\"\",\"favicon\":\"\",\"site_url\":\"https:\\/\\/taskify.taskhub.company\",\"currency_symbol_position\":\"before\",\"currency_formate\":\"comma_separated\",\"decimal_points_in_currency\":\"2\",\"time_format\":\"H:i:s\",\"toast_position\":\"toast-top-right\",\"toast_time_out\":\"5\",\"upcomingBirthdays\":1,\"upcomingWorkAnniversaries\":1,\"membersOnLeave\":1,\"priLangAsAuth\":1,\"allowed_file_types\":\".png,.jpg,.pdf,.doc,.docx,.xls,.xlsx,.zip,.rar,.txt\",\"allowSignup\":1,\"max_attempts\":\"5\",\"lock_time\":\"1\",\"allowed_max_upload_size\":\"512\",\"max_files\":\"10\"}', '2023-06-14 07:48:25', '2025-02-04 22:54:19'),
(9, 'pusher_settings', '{\"pusher_app_id\":\"1619898\",\"pusher_app_key\":\"b096a7637ce650fd3b30\",\"pusher_app_secret\":\"06faa6ced8d8b77df7fc\",\"pusher_app_cluster\":\"ap2\"}', '2023-06-21 05:33:13', '2025-02-04 23:00:13'),
(10, 'email_settings', '{\"email\":\"siddharthgorinfinitietech@gmail.com\",\"password\":\"bryc ayle krez hubk\",\"smtp_host\":\"smtp.gmail.com\",\"smtp_port\":\"587\",\"email_content_type\":\"html\",\"smtp_encryption\":\"tls\"}', '2023-06-21 08:43:07', '2025-02-07 00:25:44'),
(11, 'media_storage_settings', '{\"media_storage_type\":\"local\",\"s3_key\":null,\"s3_secret\":null,\"s3_region\":null,\"s3_bucket\":null}', '2024-01-22 07:03:48', '2025-02-04 22:51:45'),
(12, 'sms_gateway_settings', '{\"base_url\":\"https:\\/\\/api.twilio.com\\/2010-04-01\\/Accounts\\/AC1422fc877ac6cac394250a95c545c439\\/Messages.json\",\"sms_gateway_method\":\"POST\",\"header_data\":[],\"body_formdata\":[],\"params_data\":[],\"text_format_data\":null}', '2024-03-29 01:21:39', '2025-02-04 22:58:52'),
(13, 'privacy_policy', '{\"privacy_policy\":\"<p><strong>Privacy Policy<br><\\/strong><\\/p>\\r\\n<p><strong>Taskify<\\/strong> (&ldquo;we,&rdquo; &ldquo;our,&rdquo; or &ldquo;us&rdquo;) is committed to protecting your privacy. This Privacy Policy explains how we collect, use, and safeguard your information when you use our platform. Please read this policy carefully to understand our practices regarding your personal data.<\\/p>\\r\\n<hr>\\r\\n<h2><strong>1. Information We Collect<\\/strong><\\/h2>\\r\\n<p>We collect the following types of information:<\\/p>\\r\\n<h3><strong>1.1 Personal Information<\\/strong><\\/h3>\\r\\n<ul>\\r\\n<li>Name<\\/li>\\r\\n<li>Email address<\\/li>\\r\\n<li>Contact information<\\/li>\\r\\n<\\/ul>\\r\\n<h3><strong>1.2 Non-Personal Information<\\/strong><\\/h3>\\r\\n<ul>\\r\\n<li>Browser type and version<\\/li>\\r\\n<li>Device information (e.g., IP address, operating system)<\\/li>\\r\\n<li>Usage data (e.g., pages visited, time spent on the platform)<\\/li>\\r\\n<\\/ul>\\r\\n<h3><strong>1.3 Data You Provide<\\/strong><\\/h3>\\r\\n<ul>\\r\\n<li>Tasks, notes, and other content added to the platform.<\\/li>\\r\\n<\\/ul>\\r\\n<hr>\\r\\n<h2><strong>2. How We Use Your Information<\\/strong><\\/h2>\\r\\n<p>We use your information for the following purposes:<\\/p>\\r\\n<ol>\\r\\n<li>\\r\\n<p><strong>To Provide and Maintain the Service<\\/strong>:<\\/p>\\r\\n<ul>\\r\\n<li>Create and manage your account.<\\/li>\\r\\n<li>Facilitate project and task management.<\\/li>\\r\\n<\\/ul>\\r\\n<\\/li>\\r\\n<li>\\r\\n<p><strong>To Improve the Service<\\/strong>:<\\/p>\\r\\n<ul>\\r\\n<li>Analyze usage patterns to enhance features and functionality.<\\/li>\\r\\n<\\/ul>\\r\\n<\\/li>\\r\\n<li>\\r\\n<p><strong>To Communicate With You<\\/strong>:<\\/p>\\r\\n<ul>\\r\\n<li>Send updates or notifications.<\\/li>\\r\\n<li>Respond to inquiries and support requests.<\\/li>\\r\\n<\\/ul>\\r\\n<\\/li>\\r\\n<li>\\r\\n<p><strong>For Legal Compliance<\\/strong>:<\\/p>\\r\\n<ul>\\r\\n<li>Fulfill legal obligations, resolve disputes, and enforce our terms.<\\/li>\\r\\n<\\/ul>\\r\\n<\\/li>\\r\\n<\\/ol>\\r\\n<hr>\\r\\n<h2><strong>3. Sharing Your Information<\\/strong><\\/h2>\\r\\n<p>We do not sell, trade, or rent your personal information to others. However, we may share information in the following cases:<\\/p>\\r\\n<ul>\\r\\n<li><strong>With Service Providers<\\/strong>:\\r\\n<ul>\\r\\n<li>To support platform operations (e.g., hosting, payment processing).<\\/li>\\r\\n<\\/ul>\\r\\n<\\/li>\\r\\n<li><strong>For Legal Reasons<\\/strong>:\\r\\n<ul>\\r\\n<li>If required by law or to protect our rights, users, or the public.<\\/li>\\r\\n<\\/ul>\\r\\n<\\/li>\\r\\n<\\/ul>\\r\\n<hr>\\r\\n<h2><strong>4. Data Retention<\\/strong><\\/h2>\\r\\n<p>We retain your information only as long as necessary to provide the Service and fulfill legal obligations. You may request the deletion of your data at any time.<\\/p>\\r\\n<hr>\\r\\n<h2><strong>5. Data Security<\\/strong><\\/h2>\\r\\n<p>We implement appropriate security measures to protect your data. However, no method of transmission over the internet is completely secure. While we strive to use commercially acceptable means to protect your information, we cannot guarantee absolute security.<\\/p>\\r\\n<hr>\\r\\n<h2><strong>6. Your Rights<\\/strong><\\/h2>\\r\\n<p>You have the following rights regarding your information:<\\/p>\\r\\n<ul>\\r\\n<li><strong>Access<\\/strong>: Request access to the personal data we hold about you.<\\/li>\\r\\n<li><strong>Correction<\\/strong>: Update or correct inaccuracies in your personal data.<\\/li>\\r\\n<li><strong>Deletion<\\/strong>: Request deletion of your personal data.<\\/li>\\r\\n<\\/ul>\\r\\n<p><strong>&nbsp;<\\/strong><\\/p>\"}', '2024-10-14 17:32:09', '2025-02-04 23:33:58'),
(14, 'about_us', '{\"about_us\":\"<p><strong>About Us<br><br><\\/strong><\\/p>\\r\\n<p>Welcome to <strong>Taskify<\\/strong>, your trusted partner in simplifying project management and task organization. We are passionate about empowering individuals and teams to achieve their goals with ease and efficiency.<\\/p>\\r\\n<h3><strong>Who We Are<\\/strong><\\/h3>\\r\\n<p>At Taskify, we believe that productivity thrives when tools are intuitive and streamlined. Founded with a vision to eliminate the chaos of juggling multiple tasks and deadlines, we provide a platform that helps you focus on what matters most&mdash;delivering results.<\\/p>\\r\\n<h3><strong>What We Do<\\/strong><\\/h3>\\r\\n<p>Taskify is designed to make managing tasks, projects, invoices, and collaborations seamless. Whether you\'re a solo entrepreneur, a small business, or a growing team, our platform offers the features you need:<\\/p>\\r\\n<ul>\\r\\n<li><strong>Task Management<\\/strong>: Organize, assign, and track tasks effortlessly.<\\/li>\\r\\n<li><strong>Invoices and Expenses<\\/strong>: Simplify financial management with detailed tracking and client billing.<\\/li>\\r\\n<li><strong>Custom Notes<\\/strong>: Add color-coded notes for better prioritization and clarity.<\\/li>\\r\\n<li><strong>Collaboration Tools<\\/strong>: Stay connected with your team and keep everyone on the same page.<\\/li>\\r\\n<\\/ul>\\r\\n<h3><strong>Our Mission<\\/strong><\\/h3>\\r\\n<p>Our mission is to transform the way you manage work by offering a tool that&rsquo;s not just powerful but also incredibly easy to use. We are committed to helping you save time, reduce stress, and achieve more.<\\/p>\\r\\n<h3><strong>Why Choose Us<\\/strong><\\/h3>\\r\\n<ol>\\r\\n<li><strong>User-Friendly<\\/strong>: Designed with simplicity and efficiency in mind.<\\/li>\\r\\n<li><strong>Customizable<\\/strong>: Tailor Taskify to your unique workflow.<\\/li>\\r\\n<li><strong>Reliable<\\/strong>: A secure and robust platform you can count on.<\\/li>\\r\\n<\\/ol>\\r\\n<h3><strong>Join Us on the Journey<\\/strong><\\/h3>\\r\\n<p>We are continually innovating to bring you the best tools and features for your productivity needs. Whether you\'re working on a small project or managing large-scale operations, Taskify is here to support you every step of the way.<\\/p>\\r\\n<h3><strong>Get in Touch<\\/strong><\\/h3>\\r\\n<p>We&rsquo;d love to hear from you! Share your feedback, suggestions, or simply say hello.<\\/p>\\r\\n<p><strong>Let&rsquo;s simplify the way you work, together.<\\/strong><\\/p>\\r\\n<p><strong>&nbsp;<\\/strong><\\/p>\"}', '2024-10-14 17:32:09', '2025-02-04 23:35:07'),
(15, 'terms_conditions', '{\"terms_conditions\":\"<p><strong>Terms and Conditions<br><\\/strong><\\/p>\\r\\n<h2><strong>1. Acceptance of Terms<\\/strong><\\/h2>\\r\\n<p>By creating an account, accessing, or using Taskify, you agree to be bound by these Terms and Conditions. If you do not agree, you must discontinue your use of the platform immediately.<\\/p>\\r\\n<hr>\\r\\n<h2><strong>2. Use of the Service<\\/strong><\\/h2>\\r\\n<h3><strong>2.1 Eligibility<\\/strong><\\/h3>\\r\\n<ul>\\r\\n<li>You must be at least 18 years old or have the legal capacity to agree to these terms in your jurisdiction.<\\/li>\\r\\n<li>You are responsible for ensuring the accuracy of the information you provide.<\\/li>\\r\\n<\\/ul>\\r\\n<h3><strong>2.2 Prohibited Activities<\\/strong><\\/h3>\\r\\n<p>You agree not to:<\\/p>\\r\\n<ul>\\r\\n<li>Use the platform for unlawful or fraudulent purposes.<\\/li>\\r\\n<li>Interfere with or disrupt the platform&rsquo;s functionality.<\\/li>\\r\\n<li>Attempt to gain unauthorized access to our systems.<\\/li>\\r\\n<\\/ul>\\r\\n<hr>\\r\\n<h2><strong>3. User Responsibilities<\\/strong><\\/h2>\\r\\n<ul>\\r\\n<li>You are responsible for maintaining the confidentiality of your account credentials.<\\/li>\\r\\n<li>You are solely responsible for any tasks, projects, or content you add to the platform.<\\/li>\\r\\n<li>You must comply with all applicable laws and regulations when using the platform.<\\/li>\\r\\n<\\/ul>\\r\\n<hr>\\r\\n<h2><strong>4. Service Availability<\\/strong><\\/h2>\\r\\n<p>We strive to provide uninterrupted access to Taskify. However, we do not guarantee the platform will be available at all times and may suspend access for maintenance or other reasons.<\\/p>\\r\\n<hr>\\r\\n<h2><strong>5. Intellectual Property<\\/strong><\\/h2>\\r\\n<p>All content, trademarks, and materials provided on Taskify are the intellectual property of Taskify or its licensors. You may not copy, reproduce, or distribute any content without prior written consent.<\\/p>\\r\\n<hr>\\r\\n<h2><strong>6. Limitation of Liability<\\/strong><\\/h2>\\r\\n<p>To the fullest extent permitted by law, Taskify is not liable for:<\\/p>\\r\\n<ul>\\r\\n<li>Any indirect, incidental, or consequential damages arising from your use of the platform.<\\/li>\\r\\n<li>Loss of data or content due to system errors or unauthorized access.<\\/li>\\r\\n<\\/ul>\\r\\n<hr>\\r\\n<h2><strong>7. Termination of Account<\\/strong><\\/h2>\\r\\n<p>We reserve the right to suspend or terminate your account if you violate these Terms and Conditions. Upon termination, your access to the platform and its content will be revoked.<\\/p>\\r\\n<hr>\\r\\n<h2><strong>8. Amendments to Terms<\\/strong><\\/h2>\\r\\n<p>We may update these Terms and Conditions from time to time. Any changes will be effective as of the updated effective date. Continued use of the platform indicates your acceptance of the revised terms.<\\/p>\\r\\n<hr>\\r\\n<h2><strong>9. Governing Law<\\/strong><\\/h2>\\r\\n<p>These Terms and Conditions are governed by the laws of [Insert Jurisdiction]. Any disputes shall be resolved exclusively in the courts of [Insert Jurisdiction].<\\/p>\\r\\n<p><strong>&nbsp;<\\/strong><\\/p>\"}', '2024-10-14 17:32:09', '2025-02-04 23:34:39'),
(16, 'company_information', '{\"dnr\":null,\"companyEmail\":\"info@infinitietech.com\",\"companyPhone\":\"+919974692496\",\"companyAddress\":\"#237, Time Square Empire, Bhuj - 370001, Kutch Gujarat India\",\"companyCity\":\"Bhuj\",\"companyState\":\"Gujrat\",\"companyCountry\":\"India\",\"companyZip\":\"370001\",\"companyWebsite\":\"https:\\/\\/infinitietech.com\\/\",\"companyVatNumber\":null}', '2025-02-04 22:54:06', '2025-02-04 22:54:06'),
(17, 'whatsapp_settings', '{\"whatsapp_access_token\":\"EAAonjgxrsiIBO2OLQTgLZB7fJcUv9mKkt1TZCO3k54ZBO7rtnHeLhZBbGSuGA1TqoLm2WjZC7GrnZCsnxEj4LmkDGbZBUWuNR6OOIQtrOI00Rf9sj2au6VCIolgxJ3WE5SqRAvbriwnnBR4uEtNHVfANB6MO2UaLstRNfV5S7GEo4oCWm8znZAdfzFcZCExsJzRUd\",\"whatsapp_phone_number_id\":\"409158662271122\"}', '2025-02-04 22:59:13', '2025-02-04 22:59:13'),
(18, 'slack_settings', '{\"slack_bot_token\":\"xoxb-400723877713-7839030507955-t51UFhTgDQtD5hGGZxfTXhiR\"}', '2025-02-04 22:59:20', '2025-02-04 22:59:20');

-- --------------------------------------------------------

--
-- Table structure for table `statuses`
--

CREATE TABLE `statuses` (
  `id` bigint UNSIGNED NOT NULL,
  `title` varchar(255) CHARACTER SET utf8mb4 COLLATE utf8mb4_unicode_ci NOT NULL,
  `slug` varchar(255) CHARACTER SET utf8mb4 COLLATE utf8mb4_unicode_ci NOT NULL,
  `color` varchar(255) CHARACTER SET utf8mb4 COLLATE utf8mb4_unicode_ci NOT NULL,
  `created_at` timestamp NULL DEFAULT CURRENT_TIMESTAMP,
  `updated_at` timestamp NULL DEFAULT CURRENT_TIMESTAMP
) ENGINE=InnoDB DEFAULT CHARSET=utf8mb4 COLLATE=utf8mb4_unicode_ci;

--
-- Dumping data for table `statuses`
--

INSERT INTO `statuses` (`id`, `title`, `slug`, `color`, `created_at`, `updated_at`) VALUES
(0, 'Default', 'default', 'secondary', '2023-09-16 05:14:30', '2023-09-16 05:14:30'),
(71, 'Deferred', 'deferred', 'info', '2025-02-03 00:32:59', '2025-02-03 00:32:59'),
(72, 'Not Started', 'not-started', 'primary', '2025-02-03 00:34:08', '2025-02-03 00:34:08'),
(73, 'In Progress', 'in-progress', 'warning', '2025-02-03 00:34:21', '2025-02-03 00:34:21'),
(74, 'On Hold', 'on-hold', 'info', '2025-02-03 00:34:30', '2025-02-03 00:34:30'),
(75, 'Completed', 'completed', 'success', '2025-02-03 00:34:40', '2025-02-03 00:34:40'),
(76, 'Delayed', 'delayed', 'secondary', '2025-02-03 00:34:50', '2025-02-03 00:37:39'),
(77, 'Pending Approval', 'pending-approval', 'info', '2025-02-03 00:35:07', '2025-02-03 00:35:07'),
(78, 'Canceled', 'canceled', 'danger', '2025-02-03 00:35:26', '2025-02-03 00:35:26'),
(79, 'Under Review', 'under-review', 'warning', '2025-02-03 00:35:41', '2025-02-03 00:35:41'),
(80, 'Archived', 'archived', 'dark', '2025-02-03 00:36:28', '2025-02-03 00:36:28');

-- --------------------------------------------------------

--
-- Table structure for table `status_timelines`
--

CREATE TABLE `status_timelines` (
  `id` bigint UNSIGNED NOT NULL,
  `entity_id` bigint UNSIGNED NOT NULL,
  `entity_type` varchar(255) CHARACTER SET utf8mb4 COLLATE utf8mb4_unicode_ci NOT NULL,
  `status` varchar(255) CHARACTER SET utf8mb4 COLLATE utf8mb4_unicode_ci NOT NULL,
  `previous_status` varchar(255) CHARACTER SET utf8mb4 COLLATE utf8mb4_unicode_ci DEFAULT NULL,
  `new_color` varchar(255) CHARACTER SET utf8mb4 COLLATE utf8mb4_unicode_ci DEFAULT NULL,
  `old_color` varchar(255) CHARACTER SET utf8mb4 COLLATE utf8mb4_unicode_ci DEFAULT NULL,
  `changed_at` timestamp NOT NULL,
  `created_at` timestamp NULL DEFAULT NULL,
  `updated_at` timestamp NULL DEFAULT NULL
) ENGINE=InnoDB DEFAULT CHARSET=utf8mb4 COLLATE=utf8mb4_unicode_ci;

--
-- Dumping data for table `status_timelines`
--

INSERT INTO `status_timelines` (`id`, `entity_id`, `entity_type`, `status`, `previous_status`, `new_color`, `old_color`, `changed_at`, `created_at`, `updated_at`) VALUES
(1, 6, 'App\\Models\\Project', 'Default', '-', 'secondary', NULL, '2025-02-03 01:05:09', '2025-02-03 01:05:09', '2025-02-03 01:05:09'),
(2, 1, 'App\\Models\\Task', 'Default', '-', 'secondary', NULL, '2025-02-03 02:15:57', '2025-02-03 02:15:57', '2025-02-03 02:15:57'),
(3, 1, 'App\\Models\\Task', 'Not Started', 'Default', 'primary', 'secondary', '2025-02-03 02:16:35', '2025-02-03 02:16:35', '2025-02-03 02:16:35'),
(4, 2, 'App\\Models\\Task', 'Default', '-', 'secondary', NULL, '2025-02-03 02:25:11', '2025-02-03 02:25:11', '2025-02-03 02:25:11'),
(5, 7, 'App\\Models\\Project', 'Default', '-', 'secondary', NULL, '2025-02-03 02:31:22', '2025-02-03 02:31:22', '2025-02-03 02:31:22'),
(6, 8, 'App\\Models\\Project', 'Default', '-', 'secondary', NULL, '2025-02-03 03:18:36', '2025-02-03 03:18:36', '2025-02-03 03:18:36'),
(7, 3, 'App\\Models\\Task', 'Not Started', '-', 'primary', NULL, '2025-02-03 03:30:11', '2025-02-03 03:30:11', '2025-02-03 03:30:11'),
(8, 4, 'App\\Models\\Task', 'Default', '-', 'secondary', NULL, '2025-02-03 03:39:33', '2025-02-03 03:39:33', '2025-02-03 03:39:33'),
(9, 5, 'App\\Models\\Task', 'Default', '-', 'secondary', NULL, '2025-02-03 03:54:08', '2025-02-03 03:54:08', '2025-02-03 03:54:08'),
(10, 6, 'App\\Models\\Task', 'Not Started', '-', 'primary', NULL, '2025-02-03 21:37:51', '2025-02-03 21:37:51', '2025-02-03 21:37:51'),
(11, 4, 'App\\Models\\Task', 'Not Started', 'Default', 'primary', 'secondary', '2025-02-03 21:39:05', '2025-02-03 21:39:05', '2025-02-03 21:39:05'),
(12, 5, 'App\\Models\\Task', 'Not Started', 'Default', 'primary', 'secondary', '2025-02-03 21:39:11', '2025-02-03 21:39:11', '2025-02-03 21:39:11'),
(13, 7, 'App\\Models\\Task', 'Default', '-', 'secondary', NULL, '2025-02-03 21:41:15', '2025-02-03 21:41:15', '2025-02-03 21:41:15'),
(14, 7, 'App\\Models\\Task', 'Not Started', 'Default', 'primary', 'secondary', '2025-02-03 21:43:08', '2025-02-03 21:43:08', '2025-02-03 21:43:08'),
(15, 8, 'App\\Models\\Task', 'Not Started', '-', 'primary', NULL, '2025-02-03 21:46:46', '2025-02-03 21:46:46', '2025-02-03 21:46:46'),
(16, 9, 'App\\Models\\Task', 'Default', '-', 'secondary', NULL, '2025-02-03 21:55:47', '2025-02-03 21:55:47', '2025-02-03 21:55:47'),
(17, 9, 'App\\Models\\Task', 'Not Started', 'Default', 'primary', 'secondary', '2025-02-03 21:56:10', '2025-02-03 21:56:10', '2025-02-03 21:56:10'),
(18, 10, 'App\\Models\\Task', 'Not Started', '-', 'primary', NULL, '2025-02-03 22:09:11', '2025-02-03 22:09:11', '2025-02-03 22:09:11'),
(19, 11, 'App\\Models\\Task', 'Not Started', '-', 'primary', NULL, '2025-02-03 22:17:54', '2025-02-03 22:17:54', '2025-02-03 22:17:54'),
(20, 12, 'App\\Models\\Task', 'Not Started', '-', 'primary', NULL, '2025-02-03 22:41:20', '2025-02-03 22:41:20', '2025-02-03 22:41:20'),
(21, 13, 'App\\Models\\Task', 'Not Started', '-', 'primary', NULL, '2025-02-03 22:43:26', '2025-02-03 22:43:26', '2025-02-03 22:43:26'),
(22, 1, 'App\\Models\\Project', 'Not Started', 'Default', 'primary', 'secondary', '2025-02-03 22:59:30', '2025-02-03 22:59:30', '2025-02-03 22:59:30'),
(23, 9, 'App\\Models\\Project', 'Not Started', '-', 'primary', NULL, '2025-02-04 00:06:10', '2025-02-04 00:06:10', '2025-02-04 00:06:10'),
(24, 14, 'App\\Models\\Task', 'Not Started', '-', 'primary', NULL, '2025-02-04 00:15:16', '2025-02-04 00:15:16', '2025-02-04 00:15:16'),
(25, 15, 'App\\Models\\Task', 'Not Started', '-', 'primary', NULL, '2025-02-04 00:23:10', '2025-02-04 00:23:10', '2025-02-04 00:23:10'),
(26, 16, 'App\\Models\\Task', 'Default', '-', 'secondary', NULL, '2025-02-04 00:35:46', '2025-02-04 00:35:46', '2025-02-04 00:35:46'),
(27, 17, 'App\\Models\\Task', 'Not Started', '-', 'primary', NULL, '2025-02-04 00:38:56', '2025-02-04 00:38:56', '2025-02-04 00:38:56'),
(28, 16, 'App\\Models\\Task', 'Not Started', 'Default', 'primary', 'secondary', '2025-02-04 00:39:51', '2025-02-04 00:39:51', '2025-02-04 00:39:51'),
(29, 18, 'App\\Models\\Task', 'Not Started', '-', 'primary', NULL, '2025-02-04 00:46:18', '2025-02-04 00:46:18', '2025-02-04 00:46:18'),
(30, 10, 'App\\Models\\Project', 'Not Started', '-', 'primary', NULL, '2025-02-04 21:30:37', '2025-02-04 21:30:37', '2025-02-04 21:30:37'),
(31, 19, 'App\\Models\\Task', 'Default', '-', 'secondary', NULL, '2025-02-04 21:36:44', '2025-02-04 21:36:44', '2025-02-04 21:36:44'),
(32, 20, 'App\\Models\\Task', 'Not Started', '-', 'primary', NULL, '2025-02-04 22:07:34', '2025-02-04 22:07:34', '2025-02-04 22:07:34'),
(33, 21, 'App\\Models\\Task', 'Default', '-', 'secondary', NULL, '2025-02-04 22:10:41', '2025-02-04 22:10:41', '2025-02-04 22:10:41'),
(34, 19, 'App\\Models\\Task', 'Not Started', 'Default', 'primary', 'secondary', '2025-02-04 22:11:57', '2025-02-04 22:11:57', '2025-02-04 22:11:57'),
(35, 21, 'App\\Models\\Task', 'Not Started', 'Default', 'primary', 'secondary', '2025-02-04 22:12:01', '2025-02-04 22:12:01', '2025-02-04 22:12:01'),
(36, 22, 'App\\Models\\Task', 'Default', '-', 'secondary', NULL, '2025-02-04 22:16:40', '2025-02-04 22:16:40', '2025-02-04 22:16:40'),
(37, 22, 'App\\Models\\Task', 'Not Started', 'Default', 'primary', 'secondary', '2025-02-04 22:16:55', '2025-02-04 22:16:55', '2025-02-04 22:16:55'),
(38, 23, 'App\\Models\\Task', 'Default', '-', 'secondary', NULL, '2025-02-04 22:18:24', '2025-02-04 22:18:24', '2025-02-04 22:18:24'),
(39, 24, 'App\\Models\\Task', 'Default', '-', 'secondary', NULL, '2025-02-04 22:19:07', '2025-02-04 22:19:07', '2025-02-04 22:19:07'),
(40, 25, 'App\\Models\\Task', 'Not Started', '-', 'primary', NULL, '2025-02-04 22:23:30', '2025-02-04 22:23:30', '2025-02-04 22:23:30'),
(41, 26, 'App\\Models\\Task', 'Default', '-', 'secondary', NULL, '2025-02-04 22:24:34', '2025-02-04 22:24:34', '2025-02-04 22:24:34'),
(42, 26, 'App\\Models\\Task', 'Not Started', 'Default', 'primary', 'secondary', '2025-02-04 22:24:40', '2025-02-04 22:24:40', '2025-02-04 22:24:40'),
(43, 11, 'App\\Models\\Project', 'Not Started', '-', 'primary', NULL, '2025-02-05 00:14:03', '2025-02-05 00:14:03', '2025-02-05 00:14:03'),
(44, 27, 'App\\Models\\Task', 'Not Started', '-', 'primary', NULL, '2025-02-05 00:18:12', '2025-02-05 00:18:12', '2025-02-05 00:18:12'),
(45, 28, 'App\\Models\\Task', 'Not Started', '-', 'primary', NULL, '2025-02-05 00:32:35', '2025-02-05 00:32:35', '2025-02-05 00:32:35'),
(46, 29, 'App\\Models\\Task', 'Not Started', '-', 'primary', NULL, '2025-02-05 00:34:22', '2025-02-05 00:34:22', '2025-02-05 00:34:22'),
(47, 30, 'App\\Models\\Task', 'Default', '-', 'secondary', NULL, '2025-02-05 00:36:50', '2025-02-05 00:36:50', '2025-02-05 00:36:50'),
(48, 31, 'App\\Models\\Task', 'Default', '-', 'secondary', NULL, '2025-02-05 00:41:41', '2025-02-05 00:41:41', '2025-02-05 00:41:41'),
(49, 31, 'App\\Models\\Task', 'Not Started', 'Default', 'primary', 'secondary', '2025-02-05 00:42:20', '2025-02-05 00:42:20', '2025-02-05 00:42:20'),
(50, 30, 'App\\Models\\Task', 'Not Started', 'Default', 'primary', 'secondary', '2025-02-05 00:42:59', '2025-02-05 00:42:59', '2025-02-05 00:42:59'),
(51, 32, 'App\\Models\\Task', 'Default', '-', 'secondary', NULL, '2025-02-05 00:55:26', '2025-02-05 00:55:26', '2025-02-05 00:55:26'),
(52, 33, 'App\\Models\\Task', 'Default', '-', 'secondary', NULL, '2025-02-05 00:55:59', '2025-02-05 00:55:59', '2025-02-05 00:55:59'),
(53, 33, 'App\\Models\\Task', 'Not Started', 'Default', 'primary', 'secondary', '2025-02-05 00:56:26', '2025-02-05 00:56:26', '2025-02-05 00:56:26'),
(54, 34, 'App\\Models\\Task', 'Default', '-', 'secondary', NULL, '2025-02-05 00:58:42', '2025-02-05 00:58:42', '2025-02-05 00:58:42'),
(55, 35, 'App\\Models\\Task', 'Default', '-', 'secondary', NULL, '2025-02-05 00:59:38', '2025-02-05 00:59:38', '2025-02-05 00:59:38'),
(56, 12, 'App\\Models\\Project', 'Default', '-', 'secondary', NULL, '2025-02-05 23:44:06', '2025-02-05 23:44:06', '2025-02-05 23:44:06'),
(57, 36, 'App\\Models\\Task', 'Not Started', '-', 'primary', NULL, '2025-02-05 23:50:16', '2025-02-05 23:50:16', '2025-02-05 23:50:16'),
(58, 37, 'App\\Models\\Task', 'Not Started', '-', 'primary', NULL, '2025-02-05 23:51:39', '2025-02-05 23:51:39', '2025-02-05 23:51:39'),
(59, 38, 'App\\Models\\Task', 'Default', '-', 'secondary', NULL, '2025-02-05 23:53:20', '2025-02-05 23:53:20', '2025-02-05 23:53:20'),
(60, 44, 'App\\Models\\Task', 'Default', '-', 'secondary', NULL, '2025-02-06 00:06:05', '2025-02-06 00:06:05', '2025-02-06 00:06:05'),
(61, 36, 'App\\Models\\Task', 'Completed', 'Not Started', 'success', 'primary', '2025-02-06 00:09:39', '2025-02-06 00:09:39', '2025-02-06 00:09:39'),
(62, 38, 'App\\Models\\Task', 'In Progress', 'Default', 'warning', 'secondary', '2025-02-06 00:10:09', '2025-02-06 00:10:09', '2025-02-06 00:10:09'),
(63, 39, 'App\\Models\\Task', 'On Hold', 'Default', 'info', 'secondary', '2025-02-06 00:10:35', '2025-02-06 00:10:35', '2025-02-06 00:10:35'),
(64, 40, 'App\\Models\\Task', 'Completed', 'Default', 'success', 'secondary', '2025-02-06 00:11:01', '2025-02-06 00:11:01', '2025-02-06 00:11:01'),
(65, 13, 'App\\Models\\Project', 'Default', '-', 'secondary', NULL, '2025-02-06 01:07:17', '2025-02-06 01:07:17', '2025-02-06 01:07:17'),
(66, 13, 'App\\Models\\Project', 'In Progress', 'Default', 'warning', 'secondary', '2025-02-06 01:09:07', '2025-02-06 01:09:07', '2025-02-06 01:09:07'),
(67, 46, 'App\\Models\\Task', 'Not Started', '-', 'primary', NULL, '2025-02-06 01:13:52', '2025-02-06 01:13:52', '2025-02-06 01:13:52'),
(68, 47, 'App\\Models\\Task', 'Not Started', '-', 'primary', NULL, '2025-02-06 01:15:53', '2025-02-06 01:15:53', '2025-02-06 01:15:53'),
(69, 48, 'App\\Models\\Task', 'Not Started', '-', 'primary', NULL, '2025-02-06 01:17:33', '2025-02-06 01:17:33', '2025-02-06 01:17:33'),
(70, 49, 'App\\Models\\Task', 'Default', '-', 'secondary', NULL, '2025-02-06 01:20:42', '2025-02-06 01:20:42', '2025-02-06 01:20:42'),
(71, 50, 'App\\Models\\Task', 'Default', '-', 'secondary', NULL, '2025-02-06 01:22:59', '2025-02-06 01:22:59', '2025-02-06 01:22:59'),
(72, 51, 'App\\Models\\Task', 'Default', '-', 'secondary', NULL, '2025-02-06 01:24:45', '2025-02-06 01:24:45', '2025-02-06 01:24:45'),
(73, 52, 'App\\Models\\Task', 'Default', '-', 'secondary', NULL, '2025-02-06 01:26:16', '2025-02-06 01:26:16', '2025-02-06 01:26:16'),
(74, 53, 'App\\Models\\Task', 'Default', '-', 'secondary', NULL, '2025-02-06 01:28:10', '2025-02-06 01:28:10', '2025-02-06 01:28:10'),
(75, 56, 'App\\Models\\Task', 'In Progress', '-', 'warning', NULL, '2025-02-06 01:36:32', '2025-02-06 01:36:32', '2025-02-06 01:36:32'),
(76, 57, 'App\\Models\\Task', 'Default', '-', 'secondary', NULL, '2025-02-06 01:37:43', '2025-02-06 01:37:43', '2025-02-06 01:37:43'),
(77, 58, 'App\\Models\\Task', 'Default', '-', 'secondary', NULL, '2025-02-06 01:46:10', '2025-02-06 01:46:10', '2025-02-06 01:46:10'),
(78, 14, 'App\\Models\\Project', 'Not Started', '-', 'primary', NULL, '2025-02-06 01:54:51', '2025-02-06 01:54:51', '2025-02-06 01:54:51'),
(79, 12, 'App\\Models\\Project', 'In Progress', 'Default', 'warning', 'secondary', '2025-02-06 01:56:26', '2025-02-06 01:56:26', '2025-02-06 01:56:26'),
(80, 59, 'App\\Models\\Task', 'Not Started', '-', 'primary', NULL, '2025-02-06 01:59:50', '2025-02-06 01:59:50', '2025-02-06 01:59:50'),
(81, 60, 'App\\Models\\Task', 'Default', '-', 'secondary', NULL, '2025-02-06 02:08:54', '2025-02-06 02:08:54', '2025-02-06 02:08:54'),
(82, 61, 'App\\Models\\Task', 'Deferred', '-', 'info', NULL, '2025-02-06 02:10:51', '2025-02-06 02:10:51', '2025-02-06 02:10:51'),
(83, 62, 'App\\Models\\Task', 'In Progress', '-', 'warning', NULL, '2025-02-06 02:16:03', '2025-02-06 02:16:03', '2025-02-06 02:16:03'),
(84, 63, 'App\\Models\\Task', 'Default', '-', 'secondary', NULL, '2025-02-06 02:31:41', '2025-02-06 02:31:41', '2025-02-06 02:31:41'),
(85, 64, 'App\\Models\\Task', 'Default', '-', 'secondary', NULL, '2025-02-06 03:18:23', '2025-02-06 03:18:23', '2025-02-06 03:18:23'),
(86, 65, 'App\\Models\\Task', 'Default', '-', 'secondary', NULL, '2025-02-06 03:20:06', '2025-02-06 03:20:06', '2025-02-06 03:20:06'),
(87, 66, 'App\\Models\\Task', 'Default', '-', 'secondary', NULL, '2025-02-06 03:21:41', '2025-02-06 03:21:41', '2025-02-06 03:21:41'),
(88, 67, 'App\\Models\\Task', 'Default', '-', 'secondary', NULL, '2025-02-06 03:23:19', '2025-02-06 03:23:19', '2025-02-06 03:23:19'),
(89, 68, 'App\\Models\\Task', 'Default', '-', 'secondary', NULL, '2025-02-06 03:24:36', '2025-02-06 03:24:36', '2025-02-06 03:24:36'),
(90, 69, 'App\\Models\\Task', 'Default', '-', 'secondary', NULL, '2025-02-06 03:28:31', '2025-02-06 03:28:31', '2025-02-06 03:28:31'),
(91, 15, 'App\\Models\\Project', 'Not Started', '-', 'primary', NULL, '2025-02-06 04:14:15', '2025-02-06 04:14:15', '2025-02-06 04:14:15'),
(92, 70, 'App\\Models\\Task', 'Default', '-', 'secondary', NULL, '2025-02-06 06:27:29', '2025-02-06 06:27:29', '2025-02-06 06:27:29'),
(93, 71, 'App\\Models\\Task', 'Default', '-', 'secondary', NULL, '2025-02-06 21:43:40', '2025-02-06 21:43:40', '2025-02-06 21:43:40'),
(94, 72, 'App\\Models\\Task', 'Default', '-', 'secondary', NULL, '2025-02-06 21:45:00', '2025-02-06 21:45:00', '2025-02-06 21:45:00'),
(95, 73, 'App\\Models\\Task', 'Default', '-', 'secondary', NULL, '2025-02-06 21:45:31', '2025-02-06 21:45:31', '2025-02-06 21:45:31'),
(96, 74, 'App\\Models\\Task', 'Default', '-', 'secondary', NULL, '2025-02-06 21:46:16', '2025-02-06 21:46:16', '2025-02-06 21:46:16'),
(97, 75, 'App\\Models\\Task', 'Default', '-', 'secondary', NULL, '2025-02-06 21:46:57', '2025-02-06 21:46:57', '2025-02-06 21:46:57'),
(98, 76, 'App\\Models\\Task', 'Default', '-', 'secondary', NULL, '2025-02-06 21:47:53', '2025-02-06 21:47:53', '2025-02-06 21:47:53'),
(99, 71, 'App\\Models\\Task', 'Not Started', 'Default', 'primary', 'secondary', '2025-02-06 21:49:01', '2025-02-06 21:49:01', '2025-02-06 21:49:01'),
(100, 72, 'App\\Models\\Task', 'Not Started', 'Default', 'primary', 'secondary', '2025-02-06 21:49:55', '2025-02-06 21:49:55', '2025-02-06 21:49:55'),
(101, 73, 'App\\Models\\Task', 'Not Started', 'Default', 'primary', 'secondary', '2025-02-06 21:50:42', '2025-02-06 21:50:42', '2025-02-06 21:50:42'),
(102, 74, 'App\\Models\\Task', 'Not Started', 'Default', 'primary', 'secondary', '2025-02-06 21:51:14', '2025-02-06 21:51:14', '2025-02-06 21:51:14'),
(103, 70, 'App\\Models\\Task', 'In Progress', 'Default', 'warning', 'secondary', '2025-02-06 21:53:04', '2025-02-06 21:53:04', '2025-02-06 21:53:04'),
(104, 70, 'App\\Models\\Task', 'Completed', 'In Progress', 'success', 'warning', '2025-02-06 21:53:38', '2025-02-06 21:53:38', '2025-02-06 21:53:38'),
(105, 76, 'App\\Models\\Task', 'Canceled', 'Default', 'danger', 'secondary', '2025-02-06 21:53:51', '2025-02-06 21:53:51', '2025-02-06 21:53:51'),
(106, 75, 'App\\Models\\Task', 'In Progress', 'Default', 'warning', 'secondary', '2025-02-06 21:54:19', '2025-02-06 21:54:19', '2025-02-06 21:54:19'),
(107, 73, 'App\\Models\\Task', 'On Hold', 'Not Started', 'info', 'primary', '2025-02-06 21:54:55', '2025-02-06 21:54:55', '2025-02-06 21:54:55'),
(108, 71, 'App\\Models\\Task', 'Completed', 'Not Started', 'success', 'primary', '2025-02-06 21:55:33', '2025-02-06 21:55:33', '2025-02-06 21:55:33'),
(109, 72, 'App\\Models\\Task', 'Completed', 'Not Started', 'success', 'primary', '2025-02-06 21:56:05', '2025-02-06 21:56:05', '2025-02-06 21:56:05'),
(110, 74, 'App\\Models\\Task', 'Completed', 'Not Started', 'success', 'primary', '2025-02-06 21:56:45', '2025-02-06 21:56:45', '2025-02-06 21:56:45'),
(111, 16, 'App\\Models\\Project', 'Not Started', '-', 'primary', NULL, '2025-02-06 22:04:10', '2025-02-06 22:04:10', '2025-02-06 22:04:10'),
(112, 77, 'App\\Models\\Task', 'Not Started', '-', 'primary', NULL, '2025-02-06 22:24:03', '2025-02-06 22:24:03', '2025-02-06 22:24:03'),
(113, 78, 'App\\Models\\Task', 'Not Started', '-', 'primary', NULL, '2025-02-06 22:27:05', '2025-02-06 22:27:05', '2025-02-06 22:27:05'),
(114, 79, 'App\\Models\\Task', 'Not Started', '-', 'primary', NULL, '2025-02-06 22:45:12', '2025-02-06 22:45:12', '2025-02-06 22:45:12'),
(115, 80, 'App\\Models\\Task', 'Default', '-', 'secondary', NULL, '2025-02-06 22:48:05', '2025-02-06 22:48:05', '2025-02-06 22:48:05'),
(116, 81, 'App\\Models\\Task', 'Not Started', '-', 'primary', NULL, '2025-02-06 22:48:52', '2025-02-06 22:48:52', '2025-02-06 22:48:52'),
(117, 82, 'App\\Models\\Task', 'Default', '-', 'secondary', NULL, '2025-02-06 22:49:32', '2025-02-06 22:49:32', '2025-02-06 22:49:32'),
(118, 83, 'App\\Models\\Task', 'Default', '-', 'secondary', NULL, '2025-02-06 22:50:26', '2025-02-06 22:50:26', '2025-02-06 22:50:26'),
(119, 84, 'App\\Models\\Task', 'Default', '-', 'secondary', NULL, '2025-02-06 22:51:03', '2025-02-06 22:51:03', '2025-02-06 22:51:03'),
(120, 85, 'App\\Models\\Task', 'Default', '-', 'secondary', NULL, '2025-02-06 22:52:27', '2025-02-06 22:52:27', '2025-02-06 22:52:27'),
(121, 86, 'App\\Models\\Task', 'Default', '-', 'secondary', NULL, '2025-02-06 22:53:08', '2025-02-06 22:53:08', '2025-02-06 22:53:08'),
(122, 87, 'App\\Models\\Task', 'Default', '-', 'secondary', NULL, '2025-02-06 22:53:58', '2025-02-06 22:53:58', '2025-02-06 22:53:58'),
(123, 88, 'App\\Models\\Task', 'Default', '-', 'secondary', NULL, '2025-02-06 22:54:38', '2025-02-06 22:54:38', '2025-02-06 22:54:38'),
(124, 89, 'App\\Models\\Task', 'Default', '-', 'secondary', NULL, '2025-02-06 22:55:18', '2025-02-06 22:55:18', '2025-02-06 22:55:18'),
(125, 17, 'App\\Models\\Project', 'Default', '-', 'secondary', NULL, '2025-02-06 23:44:44', '2025-02-06 23:44:44', '2025-02-06 23:44:44'),
(126, 90, 'App\\Models\\Task', 'In Progress', '-', 'warning', NULL, '2025-02-06 23:47:20', '2025-02-06 23:47:20', '2025-02-06 23:47:20'),
(127, 91, 'App\\Models\\Task', 'In Progress', '-', 'warning', NULL, '2025-02-07 00:40:47', '2025-02-07 00:40:47', '2025-02-07 00:40:47'),
(128, 92, 'App\\Models\\Task', 'Default', '-', 'secondary', NULL, '2025-02-07 00:41:42', '2025-02-07 00:41:42', '2025-02-07 00:41:42'),
(129, 93, 'App\\Models\\Task', 'Default', '-', 'secondary', NULL, '2025-02-07 00:42:22', '2025-02-07 00:42:22', '2025-02-07 00:42:22'),
(130, 94, 'App\\Models\\Task', 'Default', '-', 'secondary', NULL, '2025-02-07 00:57:45', '2025-02-07 00:57:45', '2025-02-07 00:57:45'),
(131, 95, 'App\\Models\\Task', 'Default', '-', 'secondary', NULL, '2025-02-07 00:58:31', '2025-02-07 00:58:31', '2025-02-07 00:58:31'),
(132, 96, 'App\\Models\\Task', 'Not Started', '-', 'primary', NULL, '2025-02-07 00:59:24', '2025-02-07 00:59:24', '2025-02-07 00:59:24'),
(133, 97, 'App\\Models\\Task', 'Not Started', '-', 'primary', NULL, '2025-02-07 01:00:17', '2025-02-07 01:00:17', '2025-02-07 01:00:17'),
(134, 98, 'App\\Models\\Task', 'Default', '-', 'secondary', NULL, '2025-02-07 01:01:39', '2025-02-07 01:01:39', '2025-02-07 01:01:39'),
(135, 99, 'App\\Models\\Task', 'Not Started', '-', 'primary', NULL, '2025-02-07 01:03:52', '2025-02-07 01:03:52', '2025-02-07 01:03:52'),
(136, 100, 'App\\Models\\Task', 'Default', '-', 'secondary', NULL, '2025-02-07 01:04:53', '2025-02-07 01:04:53', '2025-02-07 01:04:53'),
(137, 101, 'App\\Models\\Task', 'Not Started', '-', 'primary', NULL, '2025-02-07 01:06:19', '2025-02-07 01:06:19', '2025-02-07 01:06:19'),
(138, 102, 'App\\Models\\Task', 'Not Started', '-', 'primary', NULL, '2025-02-07 01:07:18', '2025-02-07 01:07:18', '2025-02-07 01:07:18'),
(139, 18, 'App\\Models\\Project', 'Default', '-', 'secondary', NULL, '2025-02-07 02:29:19', '2025-02-07 02:29:19', '2025-02-07 02:29:19'),
(140, 18, 'App\\Models\\Project', 'In Progress', 'Default', 'warning', 'secondary', '2025-02-07 02:29:49', '2025-02-07 02:29:49', '2025-02-07 02:29:49'),
(141, 103, 'App\\Models\\Task', 'Default', '-', 'secondary', NULL, '2025-02-07 03:14:36', '2025-02-07 03:14:36', '2025-02-07 03:14:36'),
(142, 104, 'App\\Models\\Task', 'Default', '-', 'secondary', NULL, '2025-02-07 03:16:59', '2025-02-07 03:16:59', '2025-02-07 03:16:59'),
(143, 105, 'App\\Models\\Task', 'Default', '-', 'secondary', NULL, '2025-02-07 03:19:00', '2025-02-07 03:19:00', '2025-02-07 03:19:00'),
(144, 106, 'App\\Models\\Task', 'Not Started', '-', 'primary', NULL, '2025-02-07 03:21:04', '2025-02-07 03:21:04', '2025-02-07 03:21:04'),
(145, 107, 'App\\Models\\Task', 'Default', '-', 'secondary', NULL, '2025-02-07 03:22:42', '2025-02-07 03:22:42', '2025-02-07 03:22:42'),
(146, 108, 'App\\Models\\Task', 'Default', '-', 'secondary', NULL, '2025-02-07 03:23:38', '2025-02-07 03:23:38', '2025-02-07 03:23:38'),
(147, 109, 'App\\Models\\Task', 'Default', '-', 'secondary', NULL, '2025-02-07 03:25:32', '2025-02-07 03:25:32', '2025-02-07 03:25:32'),
(148, 110, 'App\\Models\\Task', 'Default', '-', 'secondary', NULL, '2025-02-07 03:26:22', '2025-02-07 03:26:22', '2025-02-07 03:26:22'),
(149, 111, 'App\\Models\\Task', 'Default', '-', 'secondary', NULL, '2025-02-07 03:27:20', '2025-02-07 03:27:20', '2025-02-07 03:27:20'),
(150, 112, 'App\\Models\\Task', 'Default', '-', 'secondary', NULL, '2025-02-07 03:28:37', '2025-02-07 03:28:37', '2025-02-07 03:28:37'),
(151, 113, 'App\\Models\\Task', 'Not Started', '-', 'primary', NULL, '2025-02-07 03:31:01', '2025-02-07 03:31:01', '2025-02-07 03:31:01'),
(152, 114, 'App\\Models\\Task', 'Default', '-', 'secondary', NULL, '2025-02-07 03:32:25', '2025-02-07 03:32:25', '2025-02-07 03:32:25'),
(153, 17, 'App\\Models\\Project', 'On Hold', 'Default', 'info', 'secondary', '2025-02-07 05:05:32', '2025-02-07 05:05:32', '2025-02-07 05:05:32'),
(154, 19, 'App\\Models\\Project', 'Default', '-', 'secondary', NULL, '2025-02-07 21:24:59', '2025-02-07 21:24:59', '2025-02-07 21:24:59'),
(155, 115, 'App\\Models\\Task', 'Default', '-', 'secondary', NULL, '2025-02-07 21:27:55', '2025-02-07 21:27:55', '2025-02-07 21:27:55'),
(156, 116, 'App\\Models\\Task', 'Default', '-', 'secondary', NULL, '2025-02-07 21:28:42', '2025-02-07 21:28:42', '2025-02-07 21:28:42'),
(157, 117, 'App\\Models\\Task', 'Default', '-', 'secondary', NULL, '2025-02-07 21:29:55', '2025-02-07 21:29:55', '2025-02-07 21:29:55'),
(158, 118, 'App\\Models\\Task', 'Default', '-', 'secondary', NULL, '2025-02-07 21:31:04', '2025-02-07 21:31:04', '2025-02-07 21:31:04'),
(159, 119, 'App\\Models\\Task', 'Default', '-', 'secondary', NULL, '2025-02-07 21:33:00', '2025-02-07 21:33:00', '2025-02-07 21:33:00'),
(160, 120, 'App\\Models\\Task', 'Default', '-', 'secondary', NULL, '2025-02-07 21:33:53', '2025-02-07 21:33:53', '2025-02-07 21:33:53'),
(161, 121, 'App\\Models\\Task', 'Default', '-', 'secondary', NULL, '2025-02-07 21:34:34', '2025-02-07 21:34:34', '2025-02-07 21:34:34'),
(162, 122, 'App\\Models\\Task', 'Deferred', '-', 'info', NULL, '2025-02-07 21:39:05', '2025-02-07 21:39:05', '2025-02-07 21:39:05'),
(163, 123, 'App\\Models\\Task', 'Default', '-', 'secondary', NULL, '2025-02-07 21:46:07', '2025-02-07 21:46:07', '2025-02-07 21:46:07'),
(164, 124, 'App\\Models\\Task', 'Default', '-', 'secondary', NULL, '2025-02-07 21:53:55', '2025-02-07 21:53:55', '2025-02-07 21:53:55'),
(165, 125, 'App\\Models\\Task', 'Default', '-', 'secondary', NULL, '2025-02-07 21:55:22', '2025-02-07 21:55:22', '2025-02-07 21:55:22'),
(166, 20, 'App\\Models\\Project', 'Default', '-', 'secondary', NULL, '2025-02-08 03:56:03', '2025-02-08 03:56:03', '2025-02-08 03:56:03'),
(167, 20, 'App\\Models\\Project', 'Not Started', 'Default', 'primary', 'secondary', '2025-02-08 03:58:38', '2025-02-08 03:58:38', '2025-02-08 03:58:38'),
(168, 126, 'App\\Models\\Task', 'In Progress', '-', 'warning', NULL, '2025-02-08 04:00:41', '2025-02-08 04:00:41', '2025-02-08 04:00:41'),
(169, 127, 'App\\Models\\Task', 'Default', '-', 'secondary', NULL, '2025-02-08 04:01:18', '2025-02-08 04:01:18', '2025-02-08 04:01:18'),
(170, 128, 'App\\Models\\Task', 'Default', '-', 'secondary', NULL, '2025-02-08 04:02:58', '2025-02-08 04:02:58', '2025-02-08 04:02:58'),
(171, 129, 'App\\Models\\Task', 'Default', '-', 'secondary', NULL, '2025-02-08 04:03:47', '2025-02-08 04:03:47', '2025-02-08 04:03:47'),
(172, 130, 'App\\Models\\Task', 'Default', '-', 'secondary', NULL, '2025-02-08 04:05:54', '2025-02-08 04:05:54', '2025-02-08 04:05:54'),
(173, 131, 'App\\Models\\Task', 'Default', '-', 'secondary', NULL, '2025-02-08 04:07:56', '2025-02-08 04:07:56', '2025-02-08 04:07:56'),
(174, 132, 'App\\Models\\Task', 'Default', '-', 'secondary', NULL, '2025-02-08 04:09:24', '2025-02-08 04:09:24', '2025-02-08 04:09:24'),
(175, 133, 'App\\Models\\Task', 'Not Started', '-', 'primary', NULL, '2025-02-08 04:10:22', '2025-02-08 04:10:22', '2025-02-08 04:10:22'),
(176, 134, 'App\\Models\\Task', 'Default', '-', 'secondary', NULL, '2025-02-08 04:12:04', '2025-02-08 04:12:04', '2025-02-08 04:12:04'),
(177, 135, 'App\\Models\\Task', 'Default', '-', 'secondary', NULL, '2025-02-08 04:13:02', '2025-02-08 04:13:02', '2025-02-08 04:13:02'),
(178, 21, 'App\\Models\\Project', 'Default', '-', 'secondary', NULL, '2025-02-08 04:31:38', '2025-02-08 04:31:38', '2025-02-08 04:31:38'),
(179, 136, 'App\\Models\\Task', 'Default', '-', 'secondary', NULL, '2025-02-08 04:33:35', '2025-02-08 04:33:35', '2025-02-08 04:33:35'),
(180, 137, 'App\\Models\\Task', 'Default', '-', 'secondary', NULL, '2025-02-08 04:35:45', '2025-02-08 04:35:45', '2025-02-08 04:35:45'),
(181, 138, 'App\\Models\\Task', 'Default', '-', 'secondary', NULL, '2025-02-08 04:40:00', '2025-02-08 04:40:00', '2025-02-08 04:40:00'),
(182, 139, 'App\\Models\\Task', 'Default', '-', 'secondary', NULL, '2025-02-08 04:40:33', '2025-02-08 04:40:33', '2025-02-08 04:40:33'),
(183, 140, 'App\\Models\\Task', 'Default', '-', 'secondary', NULL, '2025-02-08 04:41:05', '2025-02-08 04:41:05', '2025-02-08 04:41:05'),
(184, 141, 'App\\Models\\Task', 'Default', '-', 'secondary', NULL, '2025-02-08 04:41:42', '2025-02-08 04:41:42', '2025-02-08 04:41:42'),
(185, 142, 'App\\Models\\Task', 'Default', '-', 'secondary', NULL, '2025-02-08 04:42:56', '2025-02-08 04:42:56', '2025-02-08 04:42:56'),
(186, 143, 'App\\Models\\Task', 'Default', '-', 'secondary', NULL, '2025-02-08 04:43:48', '2025-02-08 04:43:48', '2025-02-08 04:43:48'),
(187, 144, 'App\\Models\\Task', 'Default', '-', 'secondary', NULL, '2025-02-08 04:44:25', '2025-02-08 04:44:25', '2025-02-08 04:44:25'),
(188, 145, 'App\\Models\\Task', 'Default', '-', 'secondary', NULL, '2025-02-08 04:44:53', '2025-02-08 04:44:53', '2025-02-08 04:44:53'),
(189, 146, 'App\\Models\\Task', 'Default', '-', 'secondary', NULL, '2025-02-08 04:45:24', '2025-02-08 04:45:24', '2025-02-08 04:45:24'),
(190, 147, 'App\\Models\\Task', 'Default', '-', 'secondary', NULL, '2025-02-08 04:46:25', '2025-02-08 04:46:25', '2025-02-08 04:46:25'),
(191, 22, 'App\\Models\\Project', 'Default', '-', 'secondary', NULL, '2025-02-08 04:59:28', '2025-02-08 04:59:28', '2025-02-08 04:59:28'),
(192, 148, 'App\\Models\\Task', 'Default', '-', 'secondary', NULL, '2025-02-08 05:01:47', '2025-02-08 05:01:47', '2025-02-08 05:01:47'),
(193, 149, 'App\\Models\\Task', 'Default', '-', 'secondary', NULL, '2025-02-08 05:12:24', '2025-02-08 05:12:24', '2025-02-08 05:12:24'),
(194, 150, 'App\\Models\\Task', 'Default', '-', 'secondary', NULL, '2025-02-08 05:13:51', '2025-02-08 05:13:51', '2025-02-08 05:13:51'),
(195, 23, 'App\\Models\\Project', 'In Progress', '-', 'warning', NULL, '2025-02-09 23:01:08', '2025-02-09 23:01:08', '2025-02-09 23:01:08'),
(196, 151, 'App\\Models\\Task', 'In Progress', '-', 'warning', NULL, '2025-02-09 23:14:47', '2025-02-09 23:14:47', '2025-02-09 23:14:47'),
(197, 24, 'App\\Models\\Project', 'Not Started', '-', 'primary', NULL, '2025-02-09 23:34:18', '2025-02-09 23:34:18', '2025-02-09 23:34:18'),
(198, 163, 'App\\Models\\Task', 'Default', '-', 'secondary', NULL, '2025-02-09 23:44:13', '2025-02-09 23:44:13', '2025-02-09 23:44:13'),
(199, 164, 'App\\Models\\Task', 'Not Started', 'Default', 'primary', 'secondary', '2025-02-09 23:49:36', '2025-02-09 23:49:36', '2025-02-09 23:49:36'),
(200, 171, 'App\\Models\\Task', 'Deferred', 'Default', 'info', 'secondary', '2025-02-10 00:05:04', '2025-02-10 00:05:04', '2025-02-10 00:05:04'),
(201, 25, 'App\\Models\\Project', 'Default', '-', 'secondary', NULL, '2025-02-10 00:59:21', '2025-02-10 00:59:21', '2025-02-10 00:59:21'),
(202, 175, 'App\\Models\\Task', 'Default', '-', 'secondary', NULL, '2025-02-10 01:05:49', '2025-02-10 01:05:49', '2025-02-10 01:05:49'),
(203, 179, 'App\\Models\\Task', 'Not Started', '-', 'primary', NULL, '2025-02-10 01:26:45', '2025-02-10 01:26:45', '2025-02-10 01:26:45'),
(204, 182, 'App\\Models\\Task', 'Default', '-', 'secondary', NULL, '2025-02-10 01:40:52', '2025-02-10 01:40:52', '2025-02-10 01:40:52'),
(205, 25, 'App\\Models\\Project', 'Deferred', 'Default', 'info', 'secondary', '2025-02-10 01:43:01', '2025-02-10 01:43:01', '2025-02-10 01:43:01'),
(206, 26, 'App\\Models\\Project', 'Default', '-', 'secondary', NULL, '2025-02-10 01:48:07', '2025-02-10 01:48:07', '2025-02-10 01:48:07'),
(207, 183, 'App\\Models\\Task', 'Not Started', '-', 'primary', NULL, '2025-02-10 01:57:52', '2025-02-10 01:57:52', '2025-02-10 01:57:52'),
(208, 27, 'App\\Models\\Project', 'Default', '-', 'secondary', NULL, '2025-02-10 02:14:30', '2025-02-10 02:14:30', '2025-02-10 02:14:30'),
(209, 188, 'App\\Models\\Task', 'In Progress', '-', 'warning', NULL, '2025-02-10 02:27:23', '2025-02-10 02:27:23', '2025-02-10 02:27:23'),
(210, 189, 'App\\Models\\Task', 'Deferred', '-', 'info', NULL, '2025-02-10 03:16:26', '2025-02-10 03:16:26', '2025-02-10 03:16:26'),
(211, 191, 'App\\Models\\Task', 'Deferred', '-', 'info', NULL, '2025-02-10 03:20:19', '2025-02-10 03:20:19', '2025-02-10 03:20:19'),
(212, 28, 'App\\Models\\Project', 'Default', '-', 'secondary', NULL, '2025-02-10 03:27:20', '2025-02-10 03:27:20', '2025-02-10 03:27:20'),
(213, 28, 'App\\Models\\Project', 'Not Started', 'Default', 'primary', 'secondary', '2025-02-10 03:29:24', '2025-02-10 03:29:24', '2025-02-10 03:29:24'),
(214, 194, 'App\\Models\\Task', 'Default', '-', 'secondary', NULL, '2025-02-10 03:39:59', '2025-02-10 03:39:59', '2025-02-10 03:39:59'),
(215, 195, 'App\\Models\\Task', 'Deferred', '-', 'info', NULL, '2025-02-10 03:42:04', '2025-02-10 03:42:04', '2025-02-10 03:42:04'),
(216, 200, 'App\\Models\\Task', 'In Progress', '-', 'warning', NULL, '2025-02-10 03:55:47', '2025-02-10 03:55:47', '2025-02-10 03:55:47');

-- --------------------------------------------------------

--
-- Table structure for table `tags`
--

CREATE TABLE `tags` (
  `id` bigint UNSIGNED NOT NULL,
  `title` varchar(255) CHARACTER SET utf8mb4 COLLATE utf8mb4_unicode_ci NOT NULL,
  `slug` varchar(255) CHARACTER SET utf8mb4 COLLATE utf8mb4_unicode_ci NOT NULL,
  `color` varchar(255) CHARACTER SET utf8mb4 COLLATE utf8mb4_unicode_ci NOT NULL,
  `created_at` timestamp NULL DEFAULT NULL,
  `updated_at` timestamp NULL DEFAULT NULL
) ENGINE=InnoDB DEFAULT CHARSET=utf8mb4 COLLATE=utf8mb4_unicode_ci;

--
-- Dumping data for table `tags`
--

INSERT INTO `tags` (`id`, `title`, `slug`, `color`, `created_at`, `updated_at`) VALUES
(1, 'Urgent', 'urgent', 'warning', '2025-02-03 00:50:19', '2025-02-03 00:50:19'),
(2, 'Internal', 'internal', 'secondary', '2025-02-03 00:50:38', '2025-02-03 00:50:38'),
(3, 'Client-facing', 'client-facing', 'info', '2025-02-03 00:50:48', '2025-02-03 00:50:48'),
(4, 'Design', 'design', 'primary', '2025-02-03 00:51:02', '2025-02-03 00:51:02'),
(5, 'Development', 'development', 'primary', '2025-02-03 00:51:08', '2025-02-03 00:51:08'),
(6, 'Maintenance', 'maintenance', 'dark', '2025-02-03 00:51:21', '2025-02-03 00:51:21'),
(7, 'Long-term', 'long-term', 'info', '2025-02-03 00:51:30', '2025-02-03 00:51:30'),
(8, 'Short-term', 'short-term', 'primary', '2025-02-03 00:51:37', '2025-02-03 00:51:37'),
(9, 'High-Risk', 'high-risk', 'warning', '2025-02-03 00:51:47', '2025-02-03 00:51:47'),
(10, 'Low-Risk', 'low-risk', 'info', '2025-02-03 00:51:56', '2025-02-03 00:51:56'),
(11, 'Budget-Constrained', 'budget-constrained', 'info', '2025-02-03 00:52:04', '2025-02-03 00:52:04'),
(12, 'Test', 'test', 'primary', '2025-02-03 00:52:15', '2025-02-03 00:52:15'),
(13, 'Non-profit', 'non-profit', 'warning', '2025-02-03 00:52:29', '2025-02-03 00:52:29'),
(14, 'Innovation', 'innovation', 'primary', '2025-02-03 00:53:37', '2025-02-03 00:53:37'),
(15, 'Re-Design', 're-design', 'primary', '2025-02-03 00:54:50', '2025-02-03 00:54:50'),
(16, 'Server Setup', 'server-setup', 'primary', '2025-02-03 03:15:22', '2025-02-03 03:15:22'),
(17, 'App Development', 'app-development', 'primary', '2025-02-04 00:04:15', '2025-02-04 00:04:15'),
(18, 'Play Store', 'play-store', 'primary', '2025-02-04 00:05:05', '2025-02-04 00:05:05'),
(19, 'App Store', 'app-store', 'primary', '2025-02-04 00:05:12', '2025-02-04 00:05:12'),
(20, 'App Launch', 'app-launch', 'primary', '2025-02-04 00:05:22', '2025-02-04 00:05:22'),
(21, 'WordPress', 'wordpress', 'primary', '2025-02-04 21:26:18', '2025-02-04 21:26:18'),
(22, 'PlugIn', 'plugin', 'primary', '2025-02-04 21:26:25', '2025-02-04 21:26:25'),
(23, 'construction', 'construction', 'warning', '2025-02-06 01:06:41', '2025-02-06 01:06:41'),
(24, 'Cvil', 'cvil', 'info', '2025-02-06 01:06:56', '2025-02-06 01:06:56'),
(25, 'Event Management', 'event-management', 'primary', '2025-02-06 21:58:44', '2025-02-06 21:58:44'),
(26, 'Business Strategy', 'business-strategy', 'warning', '2025-02-06 21:59:01', '2025-02-06 21:59:01'),
(27, 'Corporate Event', 'corporate-event', 'info', '2025-02-06 21:59:12', '2025-02-06 21:59:12'),
(28, 'Sponsorships', 'sponsorships', 'dark', '2025-02-06 21:59:27', '2025-02-06 21:59:27'),
(29, 'Education', 'education', 'success', '2025-02-06 23:43:36', '2025-02-06 23:43:36'),
(30, 'Training', 'training', 'secondary', '2025-02-06 23:43:46', '2025-02-06 23:43:46'),
(31, 'Green Energy', 'green-energy', 'success', '2025-02-07 21:23:38', '2025-02-07 21:23:38'),
(32, 'Energy Management:', 'energy-management', 'primary', '2025-02-07 21:24:01', '2025-02-07 21:24:01'),
(33, 'IoT Integration', 'iot-integration', 'warning', '2025-02-07 21:24:17', '2025-02-07 21:24:17');

-- --------------------------------------------------------

--
-- Table structure for table `tasks`
--

CREATE TABLE `tasks` (
  `id` bigint UNSIGNED NOT NULL,
  `workspace_id` bigint UNSIGNED NOT NULL,
  `project_id` bigint UNSIGNED NOT NULL,
  `title` varchar(255) CHARACTER SET utf8mb4 COLLATE utf8mb4_unicode_ci NOT NULL,
  `description` longtext CHARACTER SET utf8mb4 COLLATE utf8mb4_unicode_ci,
  `status_id` bigint NOT NULL DEFAULT '1',
  `priority_id` bigint DEFAULT NULL,
  `start_date` date DEFAULT NULL,
  `due_date` date DEFAULT NULL,
  `note` longtext CHARACTER SET utf8mb4 COLLATE utf8mb4_unicode_ci,
  `client_can_discuss` tinyint(1) DEFAULT '0',
  `created_by` bigint UNSIGNED NOT NULL,
  `parent_id` bigint UNSIGNED DEFAULT NULL,
  `created_at` timestamp NULL DEFAULT CURRENT_TIMESTAMP,
  `updated_at` timestamp NULL DEFAULT CURRENT_TIMESTAMP
) ENGINE=InnoDB DEFAULT CHARSET=utf8mb4 COLLATE=utf8mb4_unicode_ci;

--
-- Dumping data for table `tasks`
--

INSERT INTO `tasks` (`id`, `workspace_id`, `project_id`, `title`, `description`, `status_id`, `priority_id`, `start_date`, `due_date`, `note`, `client_can_discuss`, `created_by`, `parent_id`, `created_at`, `updated_at`) VALUES
(1, 1, 1, 'Design new homepage layout', '<p>Design a modern, visually appealing homepage layout for the client&rsquo;s website. The layout should align with the company&rsquo;s updated branding guidelines and focus on improving the user experience. Use <strong>Figma</strong> for designing the wireframes and high-fidelity mockups. Ensure that the design is responsive, catering to both desktop and mobile versions.</p>', 72, 15, '2025-02-03', '2025-02-04', NULL, 1, 1, NULL, '2025-02-03 02:15:57', '2025-02-03 02:16:35'),
(2, 1, 1, 'Implement Responsive Design', '<p>Implement a responsive design for the newly designed homepage layout. Ensure that the website is fully optimized for different screen sizes, including desktop, tablet, and mobile. The goal is to create a seamless user experience regardless of the device being used.</p>', 0, NULL, '2025-02-04', '2025-02-04', NULL, 1, 1, NULL, '2025-02-03 02:25:11', '2025-02-03 02:25:11'),
(3, 1, 8, 'Home Page Degine & Development', '<p>Design the home page with a minimalistic approach, focusing on a clean layout and strategic use of colors to create a visually appealing interface.</p>', 72, 15, '2025-02-06', '2025-02-07', 'Ensure the design remains minimal and incorporates a well-balanced color palette for better user engagement.', 1, 1, NULL, '2025-02-03 03:30:11', '2025-02-03 22:11:36'),
(4, 1, 8, 'Category Page Degine & Development', '<p>Develop a category page with a neat and clean design, ensuring all elements are easily clickable and incorporating smooth animation effects to enhance user interaction.</p>', 72, 15, '2025-02-08', '2025-02-10', 'Focus on maintaining a clutter-free layout for better readability and usability. Ensure animations are subtle and do not compromise performance. Test clickability across different devices and screen sizes to provide a seamless user experience.', 1, 1, NULL, '2025-02-03 03:39:33', '2025-02-03 22:11:42'),
(5, 1, 8, 'Products Page Degine & Development', '<p>Design the products page to ensure all products are displayed optimally across different screen sizes, providing a responsive and user-friendly experience.</p>', 72, 15, '2025-02-11', '2025-02-14', 'Use responsive design principles to make the layout adaptable to various devices, including desktops, tablets, and mobile phones. Ensure that images and text adjust seamlessly without compromising clarity or aesthetics.', 1, 1, NULL, '2025-02-03 03:54:08', '2025-02-03 22:11:48'),
(6, 1, 8, 'Cart Page Degine & Development', '<p>Create a cart page that displays selected items clearly and provides a seamless \'Place Order\' functionality with support for various payment gateways.</p>', 72, 14, '2025-02-15', '2025-02-18', 'Ensure the cart page has a user-friendly layout with clear item details, including quantity, price, and total. Implement secure and reliable integration for multiple payment gateways, allowing users to choose their preferred payment method. Include error handling for failed transactions and provide clear feedback to users.', 1, 1, NULL, '2025-02-03 21:37:51', '2025-02-03 22:11:54'),
(7, 1, 8, 'Profile Page Degine & Development', '<p>Design a profile page where users can edit their personal details, update preferences, and manage their account settings</p>', 72, 15, '2025-02-19', '2025-02-22', 'Make sure the layout is intuitive, with clear fields for editing user information such as name, email, password, and preferences. Include sections for changing account settings and preferences easily. Allow users to save their changes securely and provide confirmation upon successful updates.', 0, 1, NULL, '2025-02-03 21:41:15', '2025-02-03 22:11:23'),
(8, 1, 8, 'Improve Responsiveness', '<p>Enhance the responsiveness across all pages to ensure a seamless experience on all devices, while improving the UI to make it more elegant and visually appealing.</p>', 72, 14, '2025-02-24', '2025-02-28', 'Focus on optimizing the layout for different screen sizes, including mobile, tablet, and desktop. Use clean, modern design elements and consistent spacing to create an elegant and polished user interface. Ensure all elements are properly aligned, and navigation is intuitive.', 1, 1, NULL, '2025-02-03 21:46:46', '2025-02-03 21:53:44'),
(10, 1, 8, 'Testing the Web', '<p>Conduct strict and thorough testing on the product to ensure all features are functioning correctly, optimized, and free of bugs.</p>', 72, 14, '2025-03-01', '2025-03-08', 'Perform comprehensive tests, including functional testing, usability testing, performance testing, and security checks. Any identified issues must be addressed before moving forward with deployment. Ensure compatibility across multiple devices and browsers, and validate user interactions for a smooth experience', 0, 1, NULL, '2025-02-03 22:09:11', '2025-02-03 22:09:11'),
(11, 1, 8, 'Resolve the Bug Sheet', '<p>Resolve all issues listed in the bug sheet, ensuring that each bug is identified, fixed, and properly tested for resolution.</p>', 72, 14, '2025-03-10', '2025-03-22', 'Review the bug sheet thoroughly, prioritize the bugs based on severity, and ensure each one is addressed. After fixing the issues, test the fixes to verify they work as expected and confirm that no new issues have been introduced. Provide updates on the progress and verify with the team before final confirmation', 0, 1, NULL, '2025-02-03 22:17:54', '2025-02-03 22:17:54'),
(12, 1, 8, 'Verification of the Functionality and Bug List', '<p>Verify the functionality of the application by thoroughly reviewing the bug list and ensuring that all identified issues are addressed and resolved</p>', 72, 14, '2025-03-24', '2025-04-01', 'Go through each item in the bug list, verify that the reported bugs have been fixed, and test the corresponding functionality to ensure it works as expected. Additionally, perform regression testing to make sure that no new issues have arisen from previous fixes. Document the verification results and provide a summary of completed fixes', 0, 1, NULL, '2025-02-03 22:41:20', '2025-02-03 22:43:36'),
(13, 1, 8, 'Deployment to the Production Server', '<p>Deploy the application to the production server after ensuring all features are fully tested and ready for live use.</p>', 72, 14, '2025-04-02', '2025-04-05', 'After testing, thoroughly check the production environment configuration, including database connections, security settings, and server stability. Monitor the deployment for performance issues and ensure that all features are functioning smoothly post-launch.', 0, 1, NULL, '2025-02-03 22:43:26', '2025-02-03 22:43:26'),
(14, 1, 9, 'Project Planning & Requirement Gathering', '<p>Meet with stakeholders to define app requirements and objectives.<br>Create a project roadmap with milestones and deadlines.</p>', 72, 14, '2025-05-01', '2025-05-03', NULL, 0, 1, NULL, '2025-02-04 00:15:16', '2025-02-04 00:15:16'),
(15, 1, 9, 'Wireframing & UI/UX Design', '<p>Design wireframes for app layout and user flow.</p>\r\n<p>Create a visual style guide and UI design mockups.</p>\r\n<p>Conduct user feedback sessions to validate design concepts.</p>', 72, 14, '2025-05-05', '2025-05-08', NULL, 1, 1, NULL, '2025-02-04 00:23:10', '2025-02-04 00:23:10'),
(16, 1, 9, 'Backend Development & Database Setup', '<p>Set up database structure and backend architecture.</p>\r\n<p>Develop API integrations with third-party services (e.g., payment gateways, inventory systems).</p>\r\n<p>Implement secure user authentication protocols.</p>', 72, 15, '2025-05-09', '2025-05-16', NULL, 1, 1, NULL, '2025-02-04 00:35:46', '2025-02-04 00:39:51'),
(17, 1, 9, 'App Testing & Quality Assurance', NULL, 72, 15, '2025-05-17', '2025-05-31', NULL, 0, 1, NULL, '2025-02-04 00:38:56', '2025-02-04 00:38:56'),
(18, 1, 9, 'App Deployment & Launch', '<p>Prepare app for submission to Google Play Store and Apple App Store.</p>\r\n<p>Ensure compliance with app store guidelines.</p>\r\n<p>Coordinate the app launch with marketing teams for promotions.</p>', 72, 17, '2025-06-01', '2025-06-02', NULL, 1, 1, NULL, '2025-02-04 00:46:18', '2025-02-04 00:46:18'),
(19, 1, 10, 'Planning & Requirement Analysis', '<ul>\r\n<li>Review project scope and requirements.</li>\r\n<li>Research existing SEO plugins to identify features and unique selling points.</li>\r\n<li>Define the plugin structure and file organization.</li>\r\n</ul>', 72, 17, '2025-03-14', '2025-03-14', NULL, 1, 1, NULL, '2025-02-04 21:36:44', '2025-02-04 22:11:57'),
(20, 1, 10, 'Plugin Setup', '<ul>\r\n<li>Set up the main plugin file with WordPress headers.</li>\r\n<li>Create the folder structure (<code>includes/</code>, <code>assets/</code>, <code>languages/</code>).</li>\r\n<li>Set up a local WordPress environment for development and testing.</li>\r\n</ul>', 72, 15, '2025-03-15', '2025-03-22', NULL, 0, 1, NULL, '2025-02-04 22:07:34', '2025-02-04 22:07:34'),
(21, 1, 10, 'Admin Panel Development', '<ul>\r\n<li>Build a settings page using the WordPress Settings API.</li>\r\n<li>Add input fields for meta titles, descriptions, and keywords.</li>\r\n<li>Implement real-time preview for meta data changes.</li>\r\n</ul>', 72, 14, '2025-03-24', '2025-04-02', NULL, 0, 1, NULL, '2025-02-04 22:10:41', '2025-02-04 22:12:01'),
(22, 1, 10, 'Meta Data Handling', '<ul>\r\n<li>Use WordPress functions (<code>add_post_meta</code>, <code>get_post_meta</code>) to store and retrieve meta data.</li>\r\n<li>Develop functionality to bulk edit meta data for posts and pages.</li>\r\n<li>Validate and sanitize all inputs to prevent security vulnerabilities.</li>\r\n</ul>', 72, 16, '2025-04-03', '2025-04-10', NULL, 0, 1, NULL, '2025-02-04 22:16:40', '2025-02-04 22:16:55'),
(23, 1, 10, 'SEO Analysis Features', '<ul>\r\n<li>Implement SEO scoring logic for posts and pages.</li>\r\n<li>Integrate suggestions for improving meta data based on content.</li>\r\n<li>Add a dashboard widget for a summary of SEO performance.</li>\r\n</ul>', 0, 15, '2025-04-11', '2025-04-19', NULL, 0, 1, NULL, '2025-02-04 22:18:24', '2025-02-04 22:18:31'),
(24, 1, 10, 'Testing & Debugging', '<ul>\r\n<li>Test the plugin on various WordPress versions, themes, and plugins.</li>\r\n<li>Check compatibility with Gutenberg and popular page builders (e.g., Elementor, Divi).</li>\r\n<li>Debug errors and optimize code for performance.</li>\r\n</ul>', 0, NULL, '2025-04-20', '2025-04-26', NULL, 0, 1, NULL, '2025-02-04 22:19:07', '2025-02-04 22:19:07'),
(25, 1, 10, 'Documentation', '<ul>\r\n<li>Write user documentation, including installation, configuration, and usage instructions.</li>\r\n<li>Create a developer guide with information on extending the plugin.</li>\r\n<li>Add inline comments to explain complex code logic.</li>\r\n</ul>', 72, 16, '2025-04-28', '2025-04-30', NULL, 1, 1, NULL, '2025-02-04 22:23:30', '2025-02-04 22:23:30'),
(26, 1, 10, 'Deployment', '<ul>\r\n<li>Package the plugin into a zip file for distribution.</li>\r\n<li>Submit the plugin to the WordPress Plugin Repository or prepare it for private release.</li>\r\n<li>Set up version control and a changelog for future updates.</li>\r\n</ul>', 72, 15, '2025-05-01', '2025-06-02', NULL, 1, 1, NULL, '2025-02-04 22:24:34', '2025-02-04 22:24:48'),
(27, 2, 11, 'Planning and Research', '<ul>\r\n<li>Define project goals, features, and target audience.</li>\r\n<li>Research available AI APIs (e.g., OpenAI, GPT) for integration.</li>\r\n<li>Analyze similar plugins to identify strengths and opportunities.</li>\r\n</ul>', 72, 14, '2025-02-06', '2025-02-06', NULL, 1, 1, NULL, '2025-02-05 00:18:12', '2025-02-05 00:18:12'),
(28, 2, 11, 'Project Setup', '<ul>\r\n<li>Set up a local WordPress environment for development and testing.</li>\r\n<li>Create a structured folder system (<code>includes/</code>, <code>assets/</code>, <code>templates/</code>, <code>languages/</code>).</li>\r\n<li>Initialize the main plugin file with proper headers.</li>\r\n</ul>', 72, 15, '2025-02-07', '2025-02-12', NULL, 0, 1, NULL, '2025-02-05 00:32:35', '2025-02-05 00:32:35'),
(29, 2, 11, 'API Integration', '<ul>\r\n<li>Integrate AI API for content generation (e.g., connect to OpenAI).</li>\r\n<li>Create functions to handle API requests and responses.</li>\r\n<li>Add error handling for failed API requests.</li>\r\n</ul>', 72, 15, '2025-02-08', '2025-02-12', NULL, 0, 1, NULL, '2025-02-05 00:34:22', '2025-02-05 00:34:22'),
(30, 2, 11, 'Content Generation Features', '<ul>\r\n<li>Develop input fields for user prompts (e.g., title, tone, word count).</li>\r\n<li>Build AI-powered content generation logic based on user input.</li>\r\n<li>Add templates for specific content types (e.g., blogs, product descriptions, FAQs).</li>\r\n</ul>', 72, NULL, '2025-02-13', '2025-02-20', NULL, 0, 1, NULL, '2025-02-05 00:36:50', '2025-02-05 00:42:59'),
(31, 2, 11, 'Admin Panel Development', '<ul>\r\n<li>Create a settings page for API key configuration and plugin preferences.</li>\r\n<li>Develop an intuitive interface for managing content generation options.</li>\r\n<li>Add a content preview editor with editing capabilities.</li>\r\n</ul>', 72, 15, '2025-02-21', '2025-02-28', NULL, 0, 1, NULL, '2025-02-05 00:41:41', '2025-02-05 00:42:52'),
(32, 2, 11, 'Integration with WordPress Editors', '<ul>\r\n<li>Ensure compatibility with Gutenberg and Elementor.</li>\r\n<li>Add functionality to save generated content directly as a draft.</li>\r\n<li>Provide a shortcode or block for embedding AI-generated content.</li>\r\n</ul>', 0, NULL, '2025-03-01', '2025-03-06', NULL, 0, 1, NULL, '2025-02-05 00:55:26', '2025-02-05 00:55:26'),
(33, 2, 11, 'Testing and Debugging', '<ul>\r\n<li>Test the plugin across different WordPress versions, themes, and plugins.</li>\r\n<li>Ensure compatibility with various content types (posts, pages, custom post types).</li>\r\n<li>Debug and resolve errors in content generation and UI.</li>\r\n</ul>', 72, 15, '2025-03-07', '2025-03-12', NULL, 0, 1, NULL, '2025-02-05 00:55:59', '2025-02-05 00:57:25'),
(34, 2, 11, 'Documentation', '<ul>\r\n<li>Write user documentation for installation, setup, and usage.</li>\r\n<li>Provide a troubleshooting guide for common issues (e.g., API connection errors).</li>\r\n<li>Create a developer guide for extending the plugin features.</li>\r\n</ul>', 0, NULL, '2025-03-20', '2025-03-22', NULL, 0, 1, NULL, '2025-02-05 00:58:42', '2025-02-05 00:58:42'),
(35, 2, 11, 'Deployment', '<ul>\r\n<li>Package the plugin for distribution in a .zip file.</li>\r\n<li>Prepare a changelog and version control for updates.</li>\r\n<li>Submit the plugin to the WordPress Plugin Repository or prepare for private distribution.</li>\r\n</ul>', 0, NULL, '2025-03-30', '2025-03-31', NULL, 0, 1, NULL, '2025-02-05 00:59:38', '2025-02-05 00:59:38'),
(36, 1, 12, 'Planning and Requirement Analysis', '<ul>\r\n<li>Identify key features and workflows (e.g., course creation, student management).</li>\r\n<li>Research existing LMS plugins to analyze functionality and user needs.</li>\r\n<li>Define user roles (admin, instructor, student) and their respective permissions.</li>\r\n</ul>', 75, 14, '2025-03-01', '2025-03-01', NULL, 1, 1, NULL, '2025-02-05 23:50:16', '2025-02-06 00:09:40'),
(37, 1, 12, 'Project Setup', '<ul>\r\n<li>Set up a local WordPress environment for development.</li>\r\n<li>Create a structured folder system (<code>includes/</code>, <code>assets/</code>, <code>templates/</code>, <code>languages/</code>).</li>\r\n<li>Initialize the main plugin file with proper WordPress headers.</li>\r\n</ul>', 72, 17, '2025-03-03', '2025-03-08', NULL, 0, 1, NULL, '2025-02-05 23:51:39', '2025-02-05 23:51:39'),
(38, 1, 12, 'Make Course Management Module', '<ul>\r\n<li>Develop a drag-and-drop course builder with support for lessons, modules, and quizzes.</li>\r\n<li>Add functionality to upload multimedia content (videos, PDFs, etc.).</li>\r\n<li>Implement course categorization and tagging for better organization.</li>\r\n</ul>', 73, 16, '2025-03-10', '2025-03-15', NULL, 0, 1, NULL, '2025-02-05 23:53:20', '2025-02-06 00:10:09'),
(39, 1, 12, 'User Roles and Permission', '<ul>\r\n<li>Create role-specific dashboards for administrators, instructors, and students.</li>\r\n<li>Set up permissions for managing courses, viewing progress, and accessing reports.</li>\r\n</ul>', 74, 15, '2025-03-17', '2025-03-18', NULL, 1, 1, NULL, '2025-02-05 23:54:05', '2025-02-06 00:10:35'),
(40, 1, 12, 'Progress Tracking and Analytics', '<ul>\r\n<li>Develop a system to track student progress, grades, and completion rates.</li>\r\n<li>Build instructor dashboards to display detailed course analytics and reports.</li>\r\n</ul>', 75, 14, '2025-03-19', '2025-03-21', NULL, 1, 1, NULL, '2025-02-05 23:55:03', '2025-02-06 00:11:01'),
(41, 1, 12, 'Interactive Learning Features', '<ul>\r\n<li>Design quiz functionality with multiple question types (MCQs, True/False, etc.).</li>\r\n<li>Add support for assignments with file upload and peer-review options.</li>\r\n<li>Implement real-time chat and discussion forums for student engagement.</li>\r\n</ul>', 0, 17, '2025-03-22', '2025-03-26', NULL, 1, 1, NULL, '2025-02-05 23:56:42', '2025-02-06 00:09:13'),
(42, 1, 12, 'Certification System', '<ul>\r\n<li>Develop customizable certificates for course completion.</li>\r\n<li>Integrate with digital badge services for gamification.</li>\r\n</ul>', 0, 16, '2025-03-27', '2025-03-28', NULL, 1, 1, NULL, '2025-02-05 23:57:58', '2025-02-06 00:09:05'),
(43, 1, 12, 'Payment Integration', '<ul>\r\n<li>Set up payment gateways like PayPal and Stripe for paid courses.</li>\r\n<li>Develop options for memberships and course bundles.</li>\r\n</ul>', 0, 15, '2025-03-28', '2025-03-29', NULL, 1, 1, NULL, '2025-02-06 00:00:58', '2025-02-06 00:09:00'),
(44, 1, 12, 'Testing and Debugging', '<ul>\r\n<li>Test across WordPress versions, themes, and plugins for compatibility.</li>\r\n<li>Perform usability testing for course creation, enrollment, and progress tracking.</li>\r\n<li>Debug issues in payment processing, user roles, and engagement features.</li>\r\n</ul>', 0, 15, '2025-04-01', '2025-04-03', NULL, 0, 1, NULL, '2025-02-06 00:06:05', '2025-02-06 00:08:53'),
(45, 1, 12, 'Deployment', '<ul>\r\n<li>Package the plugin for distribution as a .zip file.</li>\r\n<li>Prepare a changelog and version history for updates.</li>\r\n<li>Submit the plugin to the WordPress Plugin Repository or prepare it for private release.</li>\r\n</ul>', 0, 14, '2025-04-04', '2025-04-08', NULL, 0, 1, NULL, '2025-02-06 00:06:56', '2025-02-06 00:08:48'),
(46, 1, 13, 'Planning and Feasibility Study', '<p><strong>Description:</strong></p>\r\n<ul>\r\n<li>Assess project scope, site location, and market demand.</li>\r\n<li>Conduct soil testing, land surveys, and feasibility studies.</li>\r\n<li>Obtain necessary permits and approvals from local authorities.</li>\r\n</ul>', 72, 15, '2025-02-07', '2025-02-13', NULL, 0, 1, NULL, '2025-02-06 01:13:52', '2025-02-06 01:13:52'),
(47, 1, 13, 'Design and Architecture', '<p><strong>Description:</strong></p>\r\n<ul>\r\n<li>Create architectural plans, including building layout, elevations, and interiors.</li>\r\n<li>Collaborate with structural engineers to ensure design integrity.</li>\r\n<li>Finalize designs based on client preferences and regulatory compliance.</li>\r\n</ul>', 72, 14, '2025-02-15', '2025-02-20', NULL, 1, 1, NULL, '2025-02-06 01:15:53', '2025-02-06 01:15:53'),
(48, 1, 13, 'Budgeting and Cost Estimation', '<p><strong>Description:</strong></p>\r\n<ul>\r\n<li>Estimate the total cost of materials, labor, and equipment.</li>\r\n<li>Create a detailed budget and allocate funds for each phase.</li>\r\n<li>Set contingency funds for unforeseen expenses.</li>\r\n</ul>', 72, 15, '2025-02-23', '2025-02-26', NULL, 1, 1, NULL, '2025-02-06 01:17:33', '2025-02-06 01:17:33'),
(49, 1, 13, 'Procurement of Materials', '<p><strong>Description:</strong></p>\r\n<ul>\r\n<li>Source high-quality materials and negotiate with suppliers.</li>\r\n<li>Ensure timely delivery of construction materials and equipment.</li>\r\n<li>Verify materials meet project specifications and standards.</li>\r\n</ul>', 0, NULL, '2025-02-27', '2025-03-01', NULL, 0, 1, NULL, '2025-02-06 01:20:42', '2025-02-06 01:20:42'),
(50, 1, 13, 'Site Preparation', '<p><strong>Description:</strong></p>\r\n<ul>\r\n<li>Clear and level the land for construction.</li>\r\n<li>Set up temporary facilities, such as worker accommodations and storage.</li>\r\n<li>Mark boundaries and layout construction zones.</li>\r\n</ul>', 0, NULL, '2025-03-03', '2025-03-17', NULL, 0, 1, NULL, '2025-02-06 01:22:59', '2025-02-06 01:22:59'),
(51, 1, 13, 'Foundation Construction', '<p><strong>Description:</strong></p>\r\n<ul>\r\n<li>Excavate the site and lay the building foundation.</li>\r\n<li>Ensure proper reinforcement with steel and concrete.</li>\r\n<li>Conduct inspections to verify foundation strength and stability.</li>\r\n</ul>', 0, 15, '2025-03-18', '2025-03-28', NULL, 0, 1, NULL, '2025-02-06 01:24:45', '2025-02-06 01:24:45'),
(52, 1, 13, 'Structural Work', '<p><strong>Description:</strong></p>\r\n<ul>\r\n<li>Build the core structure, including beams, columns, and slabs.</li>\r\n<li>Use quality materials to ensure the building&rsquo;s load-bearing capacity.</li>\r\n<li>Follow architectural plans for accurate dimensions and placement.</li>\r\n</ul>', 0, NULL, '2025-03-29', '2025-04-10', NULL, 0, 1, NULL, '2025-02-06 01:26:16', '2025-02-06 01:26:16'),
(53, 1, 13, 'Electrical and Plumbing Installation', '<p>&nbsp;</p>\r\n<p><strong>Description:</strong></p>\r\n<ul>\r\n<li>Install electrical wiring, panels, and fixtures.</li>\r\n<li>Set up plumbing systems, including water supply and drainage.</li>\r\n<li>Test systems for functionality and compliance with safety standards.</li>\r\n</ul>', 0, NULL, '2025-04-03', '2025-04-23', NULL, 0, 1, NULL, '2025-02-06 01:28:10', '2025-02-06 01:28:10'),
(54, 1, 13, 'Exterior Work', '<p>&nbsp;</p>\r\n<p><strong>Description:</strong></p>\r\n<ul>\r\n<li>Construct exterior walls, windows, and roofing.</li>\r\n<li>Install insulation and waterproofing systems.</li>\r\n<li>Apply exterior finishes, such as paint or cladding.</li>\r\n</ul>', 0, NULL, '2025-04-24', '2025-04-30', NULL, 0, 1, NULL, '2025-02-06 01:28:56', '2025-02-06 01:30:28'),
(55, 1, 13, 'Interior Finishing', '<p>&nbsp;</p>\r\n<p><strong>Description:</strong></p>\r\n<ul>\r\n<li>Install flooring, ceilings, and partition walls.</li>\r\n<li>Fit doors, windows, and hardware.</li>\r\n<li>Apply interior paint and finishes.</li>\r\n</ul>', 0, 15, '2025-05-01', '2025-05-08', NULL, 0, 1, NULL, '2025-02-06 01:30:00', '2025-02-06 01:31:12'),
(56, 1, 13, 'Testing and Quality Assurance', '<p><strong>Description:</strong></p>\r\n<ul>\r\n<li>Inspect structural elements, plumbing, and electrical systems.</li>\r\n<li>Conduct stress tests, water leakage checks, and safety assessments.</li>\r\n<li>Resolve any defects or issues before handover.</li>\r\n</ul>', 73, 15, '2025-05-09', '2025-06-11', NULL, 0, 1, NULL, '2025-02-06 01:36:32', '2025-02-06 01:36:32'),
(57, 1, 13, 'Marketing and Sales', '<p><strong>Description:</strong></p>\r\n<ul>\r\n<li>Promote the property to potential buyers through advertisements.</li>\r\n<li>Organize site visits and provide detailed project presentations.</li>\r\n<li>Manage sales processes and legal documentation for ownership transfer.</li>\r\n</ul>', 0, NULL, '2025-05-23', '2025-06-28', NULL, 0, 1, NULL, '2025-02-06 01:37:43', '2025-02-06 01:37:43'),
(58, 1, 13, 'Post-Construction Maintenance', '<p><strong>Description:</strong></p>\r\n<ul>\r\n<li>Provide initial maintenance support for installed systems.</li>\r\n<li>Address client feedback and resolve issues after handover.</li>\r\n<li>Conduct periodic inspections to ensure durability and functionality.</li>\r\n</ul>', 0, NULL, '2025-06-30', '2026-02-06', NULL, 0, 1, NULL, '2025-02-06 01:46:10', '2025-02-06 01:46:10'),
(59, 1, 14, 'Project Planning and Design', '<p><strong>Description:</strong></p>\r\n<ul>\r\n<li>Define client requirements, preferences, and budget.</li>\r\n<li>Conduct site surveys and feasibility studies.</li>\r\n<li>Develop architectural plans, 3D renderings, and interior layouts.</li>\r\n</ul>', 72, 15, '2025-03-20', '2025-03-20', NULL, 1, 1, NULL, '2025-02-06 01:59:50', '2025-02-06 01:59:50'),
(60, 1, 14, 'Permits and Approvals', '<p><strong>Description:</strong></p>\r\n<ul>\r\n<li>Apply for necessary building permits and local authority approvals.</li>\r\n<li>Ensure compliance with zoning regulations and environmental laws.</li>\r\n<li>Obtain certifications for sustainability features, if applicable.</li>\r\n</ul>', 0, NULL, '2025-03-21', '2025-04-23', NULL, 0, 1, NULL, '2025-02-06 02:08:54', '2025-02-06 02:08:54'),
(61, 1, 14, 'Budgeting and Procurement', '<p><strong>Description:</strong></p>\r\n<ul>\r\n<li>Create a detailed cost estimate for materials, labor, and contingencies.</li>\r\n<li>Source premium materials and negotiate with suppliers.</li>\r\n<li>Arrange procurement and logistics for timely delivery.</li>\r\n</ul>', 71, 15, '2025-04-24', '2025-05-10', NULL, 0, 1, NULL, '2025-02-06 02:10:51', '2025-02-06 02:10:51'),
(62, 1, 14, 'Site Preparation', '<p><strong>Description:</strong></p>\r\n<ul>\r\n<li>Clear the site of debris and unwanted structures.</li>\r\n<li>Level and grade the land to prepare for construction.</li>\r\n<li>Set up temporary facilities for workers and storage.</li>\r\n</ul>', 73, 15, '2025-05-11', '2025-05-31', NULL, 0, 1, NULL, '2025-02-06 02:16:03', '2025-02-06 02:16:03'),
(63, 1, 14, 'Roofing and Exterior Construction', '<p><strong>Description:</strong></p>\r\n<ul>\r\n<li>Install high-quality roofing with thermal and waterproofing layers.</li>\r\n<li>Build exterior walls, facades, and terraces as per the design.</li>\r\n<li>Incorporate insulation and weather-resistant materials.</li>\r\n</ul>', 0, NULL, '2025-06-01', '2025-06-28', NULL, 0, 1, NULL, '2025-02-06 02:31:41', '2025-02-06 02:31:41'),
(64, 1, 14, 'Plumbing and Electrical Systems', '<p><strong>Description:</strong></p>\r\n<ul>\r\n<li>Design and install efficient plumbing systems for water supply, drainage, and recycling.</li>\r\n<li>Set up electrical wiring, smart home systems, and lighting fixtures.</li>\r\n<li>Conduct safety tests to ensure compliance with standards.</li>\r\n</ul>', 0, NULL, '2025-06-30', '2025-07-05', NULL, 0, 1, NULL, '2025-02-06 03:18:23', '2025-02-06 03:18:23'),
(65, 1, 14, 'Smart Home Integration', '<p><strong>Description:</strong></p>\r\n<ul>\r\n<li>Install and configure smart home devices for lighting, HVAC, and security.</li>\r\n<li>Set up mobile app integration and voice-controlled systems.</li>\r\n<li>Conduct tests to ensure seamless automation and functionality.</li>\r\n</ul>', 0, NULL, '2025-05-07', '2025-07-31', NULL, 0, 1, NULL, '2025-02-06 03:20:06', '2025-02-06 03:20:06'),
(66, 1, 14, 'Safety and Security Systems', '<p><strong>Description:</strong></p>\r\n<ul>\r\n<li>Install advanced surveillance cameras, motion detectors, and alarms.</li>\r\n<li>Set up secure entry systems with biometric or keypad access.</li>\r\n<li>Conduct safety drills and tests for emergency protocols.</li>\r\n</ul>', 0, NULL, '2025-08-01', '2025-08-23', NULL, 0, 1, NULL, '2025-02-06 03:21:40', '2025-02-06 03:21:40'),
(67, 1, 14, 'Quality Control and Testing', '<p><strong>Description:</strong></p>\r\n<ul>\r\n<li>Inspect all construction phases for adherence to design and quality standards.</li>\r\n<li>Test structural elements, electrical systems, and plumbing for durability and safety.</li>\r\n<li>Rectify any defects or issues before project handover.</li>\r\n</ul>', 0, NULL, '2025-08-25', '2025-09-29', NULL, 0, 1, NULL, '2025-02-06 03:23:19', '2025-02-06 03:23:19'),
(68, 1, 14, 'Handover Preparation', '<p><strong>Description:</strong></p>\r\n<ul>\r\n<li>Clean the villa thoroughly and prepare it for final inspection.</li>\r\n<li>Provide as-built drawings, system manuals, and warranties to the client.</li>\r\n<li>Conduct a walkthrough with the client and address any concerns.</li>\r\n</ul>', 0, 14, '2025-09-02', '2025-09-22', NULL, 0, 1, NULL, '2025-02-06 03:24:36', '2025-02-06 03:24:36'),
(69, 1, 14, 'Post-Construction Support', '<p><strong>Description:</strong></p>\r\n<ul>\r\n<li>Offer initial maintenance services for installed systems.</li>\r\n<li>Address any client feedback or concerns.</li>\r\n<li>Provide long-term support for upgrades or modifications if needed.</li>\r\n</ul>', 0, NULL, '2025-08-27', '2026-03-13', NULL, 0, 1, NULL, '2025-02-06 03:28:31', '2025-02-06 03:28:31'),
(70, 1, 15, 'Initial Planning and Strategy', '<ul>\r\n<li><strong>Define Objectives:</strong> Outline the purpose and goals of the conference.</li>\r\n<li><strong>Identify Target Audience:</strong> Determine the attendees, including employees, stakeholders, and external guests.</li>\r\n<li><strong>Budget Allocation:</strong> Create a detailed budget for all aspects of the event.</li>\r\n</ul>', 75, 17, '2025-02-06', '2025-02-07', NULL, 0, 1, NULL, '2025-02-06 06:27:28', '2025-02-06 21:57:49'),
(71, 1, 15, 'Venue and Logistics Management', '<ul>\r\n<li><strong>Venue Selection:</strong> Choose a venue that fits the audience size and technical requirements.</li>\r\n<li><strong>Setup Planning:</strong> Design the layout, including seating arrangements, stage setup, and breakout areas.</li>\r\n<li><strong>Transportation Coordination:</strong> Arrange travel and parking facilities for guests.</li>\r\n</ul>', 75, 14, '2025-02-07', '2025-02-10', NULL, 0, 1, NULL, '2025-02-06 21:43:40', '2025-02-06 21:55:33'),
(72, 1, 15, 'Program Design and Coordination', '<ul>\r\n<li><strong>Agenda Creation:</strong> Plan the conference schedule, including sessions, breaks, and activities.</li>\r\n<li><strong>Speaker Coordination:</strong> Confirm keynote speakers, panelists, and session facilitators.</li>\r\n<li><strong>Entertainment Planning:</strong> Organize engaging activities or performances.</li>\r\n</ul>', 75, 15, '2025-02-11', '2025-02-13', NULL, 0, 1, NULL, '2025-02-06 21:45:00', '2025-02-06 21:57:35'),
(73, 1, 15, 'Marketing and Promotion', '<ul>\r\n<li><strong>Branding Materials:</strong> Design banners, invitations, and digital ads.</li>\r\n<li><strong>Social Media Campaigns:</strong> Promote the event on company platforms.</li>\r\n<li><strong>Email Outreach:</strong> Send invites and reminders to the attendee list.</li>\r\n</ul>', 74, 15, '2025-02-14', '2025-02-15', NULL, 0, 1, NULL, '2025-02-06 21:45:31', '2025-02-06 21:54:55'),
(74, 1, 15, 'Registration and Guest Management', '<ul>\r\n<li><strong>Online Registration Setup:</strong> Create a portal for attendees to register.</li>\r\n<li><strong>Confirmation and Follow-Up:</strong> Send confirmation emails and updates to attendees.</li>\r\n<li><strong>On-Site Registration:</strong> Organize check-in desks and provide attendee badges.</li>\r\n</ul>', 75, 15, '2025-02-16', '2025-02-22', NULL, 0, 1, NULL, '2025-02-06 21:46:16', '2025-02-06 21:56:45'),
(75, 1, 15, 'Event Execution', '<ul>\r\n<li><strong>Rehearsals:</strong> Conduct a full event run-through with speakers and staff.</li>\r\n<li><strong>Live Event Coordination:</strong> Oversee all activities on the day of the event.</li>\r\n<li><strong>Real-Time Troubleshooting:</strong> Address any issues that arise promptly.</li>\r\n</ul>', 73, 14, '2025-02-24', '2025-02-25', NULL, 0, 1, NULL, '2025-02-06 21:46:57', '2025-02-06 21:57:31'),
(76, 1, 15, 'Feedback Collection and Follow-Up', '<ul>\r\n<li><strong>Survey Distribution:</strong> Send post-event surveys to gather feedback.</li>\r\n<li><strong>Event Debrief:</strong> Hold a meeting with the team to evaluate successes and challenges.</li>\r\n<li><strong>Content Sharing:</strong> Provide attendees with recordings, photos, and presentation slides.</li>\r\n</ul>', 78, 16, '2025-02-26', '2025-02-28', NULL, 0, 1, NULL, '2025-02-06 21:47:53', '2025-02-06 21:57:25'),
(77, 1, 16, 'Planning and Strategy', '<ul>\r\n<li><strong>Define Objectives:</strong> Outline the goals of the health camp (e.g., services to provide, target audience).</li>\r\n<li><strong>Location Selection:</strong> Identify a central, accessible location for the camp.</li>\r\n<li><strong>Budgeting:</strong> Prepare a budget covering medical supplies, venue, and logistics.</li>\r\n</ul>', 72, 14, '2025-03-01', '2025-03-01', NULL, 0, 1, NULL, '2025-02-06 22:24:03', '2025-02-06 22:24:03'),
(78, 1, 16, 'Partner and Volunteer Coordination', '<ul>\r\n<li><strong>Healthcare Professionals:</strong> Partner with local doctors, nurses, and specialists.</li>\r\n<li><strong>NGO Collaboration:</strong> Collaborate with NGOs and community groups for outreach and support.</li>\r\n<li><strong>Volunteer Recruitment:</strong> Enlist and train volunteers to assist with registration, logistics, and crowd management.</li>\r\n</ul>', 72, 14, '2025-03-03', '2025-03-05', NULL, 1, 1, NULL, '2025-02-06 22:27:05', '2025-02-06 22:27:05'),
(79, 1, 16, 'Logistics and Setup', '<ul>\r\n<li><strong>Venue Preparation:</strong> Arrange tents, seating, and examination stations.</li>\r\n<li><strong>Equipment and Supplies:</strong> Procure medical tools, diagnostic kits, and wellness supplies.</li>\r\n<li><strong>Signage and Directions:</strong> Install clear signage to guide attendees and organize the flow.</li>\r\n</ul>', 72, 14, '2025-03-06', '2025-03-13', NULL, 0, 1, NULL, '2025-02-06 22:45:12', '2025-02-06 22:45:12'),
(80, 1, 16, 'Promotion and Outreach', '<ul>\r\n<li><strong>Community Announcements:</strong> Spread awareness through posters, flyers, and local advertisements.</li>\r\n<li><strong>Social Media Campaigns:</strong> Utilize platforms to reach a wider audience.</li>\r\n<li><strong>Partnership Promotions:</strong> Promote the event through partner organizations and local influencers.</li>\r\n</ul>', 0, NULL, '2025-03-13', '2025-03-20', NULL, 0, 1, NULL, '2025-02-06 22:48:05', '2025-02-06 22:48:05'),
(81, 1, 16, 'Registration and Attendance Management', '<ul>\r\n<li><strong>Pre-Registration:</strong> Set up online and offline registration systems for attendees.</li>\r\n<li><strong>On-Site Registration:</strong> Organize desks to handle walk-ins efficiently.</li>\r\n<li><strong>Attendance Tracking:</strong> Record participant details for post-event follow-ups.</li>\r\n</ul>', 72, 14, '2025-03-21', '2025-03-25', NULL, 0, 1, NULL, '2025-02-06 22:48:52', '2025-02-06 22:48:52'),
(82, 1, 16, 'Service Execution', '<ul>\r\n<li><strong>Health Check-Up Stations:</strong> Set up areas for general, dental, and vision screenings.</li>\r\n<li><strong>Specialist Consultations:</strong> Arrange separate stations for specialized services.</li>\r\n<li><strong>Health Workshops:</strong> Conduct awareness sessions on nutrition, fitness, and mental health.</li>\r\n</ul>', 0, NULL, '2025-03-26', '2025-03-27', NULL, 0, 1, NULL, '2025-02-06 22:49:32', '2025-02-06 22:49:32'),
(83, 1, 16, 'Community Engagement and Distribution', '<ul>\r\n<li><strong>Interactive Sessions:</strong> Facilitate Q&amp;A sessions with healthcare professionals.</li>\r\n<li><strong>Wellness Kit Distribution:</strong> Distribute hygiene kits, masks, and first aid supplies.</li>\r\n<li><strong>Feedback Collection:</strong> Gather input from participants on their experience.</li>\r\n</ul>', 0, NULL, '2025-03-28', '2025-03-28', NULL, 0, 1, NULL, '2025-02-06 22:50:26', '2025-02-06 22:50:26'),
(84, 1, 16, 'Post-Event Follow-Up', '<ul>\r\n<li><strong>Data Compilation:</strong> Record outcomes, participant count, and services rendered.</li>\r\n<li><strong>Thank-You Notes:</strong> Send appreciation letters to partners, volunteers, and sponsors.</li>\r\n<li><strong>Impact Analysis:</strong> Prepare a report on the event\'s effectiveness and areas for improvement.</li>\r\n</ul>', 0, NULL, '2025-03-29', '2025-03-31', NULL, 0, 1, NULL, '2025-02-06 22:51:03', '2025-02-06 22:51:03'),
(85, 1, 16, 'Post-Event Health Support (1-3 Weeks After the Event)', '<ul>\r\n<li>\r\n<p><strong>Follow-Up Communication:</strong></p>\r\n<ul>\r\n<li>Reach out to attendees with recommendations based on their check-up results.</li>\r\n<li>Share contact details of nearby clinics or specialists for further consultation.</li>\r\n</ul>\r\n</li>\r\n<li>\r\n<p><strong>Post-Camp Health Monitoring:</strong></p>\r\n<ul>\r\n<li>Set up a hotline or online support for health queries post-event.</li>\r\n<li>Organize follow-up visits for critical cases identified during the camp.</li>\r\n</ul>\r\n</li>\r\n</ul>', 0, NULL, '2025-04-01', '2025-04-09', NULL, 0, 1, NULL, '2025-02-06 22:52:27', '2025-02-06 22:52:27'),
(86, 1, 16, 'Data Analysis and Reporting (2-4 Weeks After the Event)', '<ul>\r\n<li>\r\n<p><strong>Impact Metrics:</strong></p>\r\n<ul>\r\n<li>Analyze participant demographics, number of screenings, and services provided.</li>\r\n<li>Identify common health issues within the community.</li>\r\n</ul>\r\n</li>\r\n<li>\r\n<p><strong>Report Preparation:</strong></p>\r\n<ul>\r\n<li>Compile a detailed report for stakeholders, partners, and sponsors.</li>\r\n<li>Highlight successes, challenges, and areas for improvement.</li>\r\n</ul>\r\n</li>\r\n<li>\r\n<p><strong>Share Findings:</strong></p>\r\n<ul>\r\n<li>Share the report with local health authorities and NGOs to align future initiatives.</li>\r\n</ul>\r\n</li>\r\n</ul>', 0, NULL, '2025-04-10', '2025-04-17', NULL, 0, 1, NULL, '2025-02-06 22:53:08', '2025-02-06 22:53:08'),
(87, 1, 16, 'Community Engagement (1-3 Months After the Event)', '<ul>\r\n<li>\r\n<p><strong>Health Education Programs:</strong></p>\r\n<ul>\r\n<li>Launch periodic workshops on preventive healthcare and wellness.</li>\r\n<li>Partner with local schools or community centers for ongoing awareness sessions.</li>\r\n</ul>\r\n</li>\r\n<li>\r\n<p><strong>Mobile Health Camps:</strong></p>\r\n<ul>\r\n<li>Plan smaller, mobile versions of the health camp in remote areas.</li>\r\n<li>Focus on underserved regions identified during the main event.</li>\r\n</ul>\r\n</li>\r\n</ul>', 0, NULL, '2025-04-18', '2025-04-24', NULL, 0, 1, NULL, '2025-02-06 22:53:58', '2025-02-06 22:53:58'),
(88, 1, 16, 'Sustainable Partnerships (Ongoing)', '<ul>\r\n<li>\r\n<p><strong>Strengthen Collaborations:</strong></p>\r\n<ul>\r\n<li>Build long-term partnerships with healthcare providers and NGOs.</li>\r\n<li>Develop a shared calendar for future health-related events.</li>\r\n</ul>\r\n</li>\r\n<li>\r\n<p><strong>Corporate Sponsorships:</strong></p>\r\n<ul>\r\n<li>Secure recurring sponsorship deals to fund future health camps.</li>\r\n<li>Showcase the success of the recent event as proof of impact.</li>\r\n</ul>\r\n</li>\r\n</ul>', 0, NULL, '2025-04-25', '2025-04-30', NULL, 0, 1, NULL, '2025-02-06 22:54:38', '2025-02-06 22:54:38'),
(89, 1, 16, 'Continuous Improvement (Ongoing)', '<ul>\r\n<li>\r\n<p><strong>Feedback Implementation:</strong></p>\r\n<ul>\r\n<li>Review participant and partner feedback to enhance future events.</li>\r\n<li>Address logistical and service-related challenges.</li>\r\n</ul>\r\n</li>\r\n<li>\r\n<p><strong>Resource Expansion:</strong></p>\r\n<ul>\r\n<li>Invest in better equipment, supplies, or partnerships for upcoming camps.</li>\r\n<li>Train volunteers and staff for improved service delivery.</li>\r\n</ul>\r\n</li>\r\n</ul>', 0, NULL, '2025-05-01', '2025-08-01', NULL, 0, 1, NULL, '2025-02-06 22:55:18', '2025-02-06 22:55:18'),
(90, 1, 17, 'Planning and Strategy Development', '<ul>\r\n<li>\r\n<p><strong>Define Objectives:</strong></p>\r\n<ul>\r\n<li>Identify specific digital skills to teach based on the target audience.</li>\r\n</ul>\r\n</li>\r\n<li>\r\n<p><strong>Budget Planning:</strong></p>\r\n<ul>\r\n<li>Allocate resources for training materials, instructors, and technology.</li>\r\n</ul>\r\n</li>\r\n<li>\r\n<p><strong>Identify Target Groups:</strong></p>\r\n<ul>\r\n<li>Focus on students, job seekers, and senior citizens in underserved communities.</li>\r\n</ul>\r\n</li>\r\n</ul>', 73, 14, '2025-04-01', '2025-04-05', NULL, 0, 1, NULL, '2025-02-06 23:47:20', '2025-02-06 23:47:20'),
(91, 1, 17, 'Resource and Content Development', '<ul>\r\n<li>\r\n<p><strong>Curriculum Design:</strong></p>\r\n<ul>\r\n<li>Develop training modules covering computer basics, internet usage, online safety, and productivity tools.</li>\r\n</ul>\r\n</li>\r\n<li>\r\n<p><strong>Resource Compilation:</strong></p>\r\n<ul>\r\n<li>Create or acquire instructional materials like guides, videos, and software demos.</li>\r\n</ul>\r\n</li>\r\n<li>\r\n<p><strong>Training Kits:</strong></p>\r\n<ul>\r\n<li>Prepare kits with notebooks, pens, and portable devices (if applicable).</li>\r\n</ul>\r\n</li>\r\n</ul>', 73, 15, '2025-05-06', '2025-05-13', NULL, 0, 1, NULL, '2025-02-07 00:40:47', '2025-02-07 00:40:47'),
(92, 1, 17, 'Venue and Technology Setup', '<ul>\r\n<li>\r\n<p><strong>Venue Selection:</strong></p>\r\n<ul>\r\n<li>Partner with schools, libraries, or community centers for training sessions.</li>\r\n</ul>\r\n</li>\r\n<li>\r\n<p><strong>Technology Procurement:</strong></p>\r\n<ul>\r\n<li>Arrange laptops, projectors, and internet access for training.</li>\r\n</ul>\r\n</li>\r\n<li>\r\n<p><strong>Software Installation:</strong></p>\r\n<ul>\r\n<li>Install necessary software like Microsoft Office and antivirus programs on training devices.</li>\r\n</ul>\r\n</li>\r\n</ul>', 0, NULL, '2025-05-14', '2025-05-17', NULL, 0, 1, NULL, '2025-02-07 00:41:42', '2025-02-07 00:41:42'),
(93, 1, 17, 'Recruitment and Training of Trainers', '<ul>\r\n<li>\r\n<p><strong>Trainer Selection:</strong></p>\r\n<ul>\r\n<li>Hire or partner with tech-savvy educators and professionals.</li>\r\n</ul>\r\n</li>\r\n<li>\r\n<p><strong>Trainer Workshops:</strong></p>\r\n<ul>\r\n<li>Conduct orientation sessions to familiarize trainers with the curriculum and teaching methods.</li>\r\n</ul>\r\n</li>\r\n<li>\r\n<p><strong>Volunteer Coordination:</strong></p>\r\n<ul>\r\n<li>Engage local volunteers to assist trainers during sessions.</li>\r\n</ul>\r\n</li>\r\n</ul>', 0, NULL, '2025-05-19', '2025-05-24', NULL, 0, 1, NULL, '2025-02-07 00:42:22', '2025-02-07 00:42:22'),
(94, 1, 17, 'Outreach and Registration', '<ul>\r\n<li>\r\n<p><strong>Promotional Campaign:</strong></p>\r\n<ul>\r\n<li>Spread awareness through posters, social media, and local announcements.</li>\r\n</ul>\r\n</li>\r\n<li>\r\n<p><strong>Registration Management:</strong></p>\r\n<ul>\r\n<li>Create an online and offline registration system for participants.</li>\r\n</ul>\r\n</li>\r\n<li>\r\n<p><strong>Community Engagement:</strong></p>\r\n<ul>\r\n<li>Work with community leaders to encourage participation.</li>\r\n</ul>\r\n</li>\r\n</ul>', 0, NULL, '2025-02-07', '2025-02-14', NULL, 0, 1, NULL, '2025-02-07 00:57:45', '2025-02-07 00:57:45'),
(95, 1, 17, 'Training Execution', '<ul>\r\n<li>\r\n<p><strong>Conduct Training Sessions:</strong></p>\r\n<ul>\r\n<li>Deliver workshops covering each module with hands-on practice.</li>\r\n</ul>\r\n</li>\r\n<li>\r\n<p><strong>Practical Assignments:</strong></p>\r\n<ul>\r\n<li>Assign simple tasks like creating an email account or writing a document.</li>\r\n</ul>\r\n</li>\r\n<li>\r\n<p><strong>Feedback Collection:</strong></p>\r\n<ul>\r\n<li>Gather feedback from participants during and after sessions to improve training.</li>\r\n</ul>\r\n</li>\r\n</ul>', 0, NULL, '2025-02-15', '2025-02-22', NULL, 0, 1, NULL, '2025-02-07 00:58:31', '2025-02-07 00:58:31'),
(96, 1, 17, 'Post-Training Support', '<ul>\r\n<li>\r\n<p><strong>Certificate Distribution:</strong></p>\r\n<ul>\r\n<li>Provide completion certificates to participants.</li>\r\n</ul>\r\n</li>\r\n<li>\r\n<p><strong>Online Helpdesk:</strong></p>\r\n<ul>\r\n<li>Set up a support channel for participants to ask questions post-training.</li>\r\n</ul>\r\n</li>\r\n<li>\r\n<p><strong>Advanced Resources:</strong></p>\r\n<ul>\r\n<li>Share links to free online courses or additional learning materials.</li>\r\n</ul>\r\n</li>\r\n</ul>', 72, 15, '2025-02-24', '2025-02-28', NULL, 0, 1, NULL, '2025-02-07 00:59:24', '2025-02-07 00:59:24'),
(97, 1, 17, 'Impact Evaluation and Reporting', '<ul>\r\n<li>\r\n<p><strong>Certificate Distribution:</strong></p>\r\n<ul>\r\n<li>Provide completion certificates to participants.</li>\r\n</ul>\r\n</li>\r\n<li>\r\n<p><strong>Online Helpdesk:</strong></p>\r\n<ul>\r\n<li>Set up a support channel for participants to ask questions post-training.</li>\r\n</ul>\r\n</li>\r\n<li>\r\n<p><strong>Advanced Resources:</strong></p>\r\n<ul>\r\n<li>Share links to free online courses or additional learning materials.</li>\r\n</ul>\r\n</li>\r\n</ul>', 72, 15, '2025-03-01', '2025-03-14', NULL, 0, 1, NULL, '2025-02-07 01:00:17', '2025-02-07 01:00:17'),
(99, 1, 17, 'Program Expansion', '<ul>\r\n<li>\r\n<p><strong>Identify New Locations:</strong></p>\r\n<ul>\r\n<li>Survey underserved areas for potential program expansion.</li>\r\n<li>Build relationships with local organizations for partnerships.</li>\r\n</ul>\r\n</li>\r\n<li>\r\n<p><strong>Refine Curriculum:</strong></p>\r\n<ul>\r\n<li>Incorporate feedback from previous participants to improve training content.</li>\r\n<li>Add new modules based on emerging technology trends.</li>\r\n</ul>\r\n</li>\r\n<li>\r\n<p><strong>Scale Outreach:</strong></p>\r\n<ul>\r\n<li>Develop larger campaigns to attract more participants and sponsors for future sessions.</li>\r\n</ul>\r\n</li>\r\n</ul>', 72, 15, '2025-03-28', '2025-03-31', NULL, 0, 1, NULL, '2025-02-07 01:03:52', '2025-02-07 01:03:52'),
(100, 1, 17, 'Sustainability Initiatives (Ongoing)', '<ul>\r\n<li>\r\n<p><strong>Train-the-Trainer Program:</strong></p>\r\n<ul>\r\n<li>Train select participants to become trainers themselves, creating a self-sustaining model.</li>\r\n<li>Provide them with resources and support for conducting independent workshops.</li>\r\n</ul>\r\n</li>\r\n<li>\r\n<p><strong>Resource Libraries:</strong></p>\r\n<ul>\r\n<li>Develop an online repository of videos, tutorials, and guides for participants to access anytime.</li>\r\n</ul>\r\n</li>\r\n<li>\r\n<p><strong>Technology Donation Drives:</strong></p>\r\n<ul>\r\n<li>Partner with organizations to donate refurbished devices to participants who lack access.</li>\r\n</ul>\r\n</li>\r\n</ul>', 0, NULL, '2025-04-01', '2025-04-10', NULL, 1, 1, NULL, '2025-02-07 01:04:53', '2025-02-07 01:04:53'),
(101, 1, 17, 'Stakeholder Engagement', '<ul>\r\n<li>\r\n<p><strong>Regular Updates:</strong></p>\r\n<ul>\r\n<li>Share updates on the program\'s impact and success stories with stakeholders.</li>\r\n</ul>\r\n</li>\r\n<li>\r\n<p><strong>Renew Funding:</strong></p>\r\n<ul>\r\n<li>Approach sponsors and organizations for continued funding or support.</li>\r\n</ul>\r\n</li>\r\n<li>\r\n<p><strong>Partnership Strengthening:</strong></p>\r\n<ul>\r\n<li>Develop deeper collaborations with schools, NGOs, and tech companies for joint initiatives.</li>\r\n</ul>\r\n</li>\r\n</ul>', 72, 15, '2025-04-11', '2025-04-25', NULL, 0, 1, NULL, '2025-02-07 01:06:19', '2025-02-07 01:06:19'),
(102, 1, 17, 'Monitor Long-Term Impact', '<ul>\r\n<li>\r\n<p><strong>Surveys and Feedback:</strong></p>\r\n<ul>\r\n<li>Conduct surveys to track how participants are applying the skills they learned.</li>\r\n</ul>\r\n</li>\r\n<li>\r\n<p><strong>Case Studies:</strong></p>\r\n<ul>\r\n<li>Document success stories to showcase the program\'s long-term benefits.</li>\r\n</ul>\r\n</li>\r\n<li>\r\n<p><strong>Impact Metrics:</strong></p>\r\n<ul>\r\n<li>Analyze data to measure how the program has improved digital literacy and career opportunities in the community.</li>\r\n</ul>\r\n</li>\r\n</ul>', 72, 15, '2025-04-26', '2025-04-30', NULL, 0, 1, NULL, '2025-02-07 01:07:18', '2025-02-07 01:07:18'),
(103, 1, 18, 'Requirement Gathering', '<ul>\r\n<li>Collect and document the requirements from stakeholders.</li>\r\n<li>Identify target customer needs and pain points to address.</li>\r\n</ul>', 0, NULL, '2025-06-01', '2025-06-02', NULL, 1, 1, NULL, '2025-02-07 03:14:36', '2025-02-07 03:17:36'),
(104, 1, 18, 'Platform and Technology Selection', '<ul>\r\n<li>Choose an AI platform (e.g., Dialogflow, Microsoft Bot Framework) and programming language.</li>\r\n<li>Decide on hosting (on-premise or cloud).</li>\r\n</ul>', 0, NULL, '2025-06-03', '2025-06-05', NULL, 0, 1, NULL, '2025-02-07 03:16:59', '2025-02-07 03:16:59'),
(105, 1, 18, 'Conversational Flow Design', '<ul>\r\n<li>Map out the chatbot&rsquo;s conversational flow using decision trees.</li>\r\n<li>Include greetings, FAQs, troubleshooting, and escalation paths.</li>\r\n</ul>', 0, NULL, '2025-06-06', '2025-06-21', NULL, 1, 1, NULL, '2025-02-07 03:19:00', '2025-02-07 03:42:12'),
(106, 1, 18, 'Database and CRM Integration', '<ul>\r\n<li>Set up connections with the company&rsquo;s database and CRM system.</li>\r\n<li>Ensure the chatbot can access relevant customer data for personalized responses.</li>\r\n</ul>', 72, 14, '2025-06-23', '2025-06-30', NULL, 1, 1, NULL, '2025-02-07 03:21:04', '2025-02-07 03:21:04'),
(107, 1, 18, 'Natural Language Processing (NLP) Setup', '<ul>\r\n<li>Train the NLP model with sample queries and responses.</li>\r\n<li>Incorporate multilingual support if required.</li>\r\n</ul>', 0, NULL, '2025-07-01', '2025-07-19', NULL, 0, 1, NULL, '2025-02-07 03:22:42', '2025-02-07 03:22:42'),
(108, 1, 18, 'Development of Core Features', '<ul>\r\n<li>Code the chatbot to handle basic queries and perform predefined actions.</li>\r\n<li>Enable functionalities like search, form submissions, and ticket creation.</li>\r\n</ul>', 0, NULL, '2025-07-21', '2025-07-31', NULL, 0, 1, NULL, '2025-02-07 03:23:38', '2025-02-07 03:23:38'),
(109, 1, 18, 'Feedback and Learning Module', '<ul>\r\n<li>Implement a system to collect user feedback on chatbot responses.</li>\r\n<li>Train the chatbot with new data to improve accuracy over time.</li>\r\n</ul>', 0, NULL, '2025-08-01', '2025-08-15', NULL, 0, 1, NULL, '2025-02-07 03:25:32', '2025-02-07 03:25:32');
INSERT INTO `tasks` (`id`, `workspace_id`, `project_id`, `title`, `description`, `status_id`, `priority_id`, `start_date`, `due_date`, `note`, `client_can_discuss`, `created_by`, `parent_id`, `created_at`, `updated_at`) VALUES
(110, 1, 18, 'Testing and Quality Assurance', '<ul>\r\n<li>Conduct unit testing for individual components.</li>\r\n<li>Perform end-to-end testing for conversation flows and integrations.</li>\r\n</ul>', 0, NULL, '2025-08-16', '2025-08-31', NULL, 0, 1, NULL, '2025-02-07 03:26:22', '2025-02-07 03:26:22'),
(111, 1, 18, 'Deployment and Hosting', '<ul>\r\n<li>Deploy the chatbot on the company&rsquo;s website, mobile app, or communication channels.</li>\r\n<li>Ensure the chatbot is live and accessible to users.</li>\r\n</ul>', 0, NULL, '2025-09-01', '2025-09-30', NULL, 1, 1, NULL, '2025-02-07 03:27:20', '2025-02-07 03:27:20'),
(112, 1, 18, 'Monitoring and Analytics Setup', '<ul>\r\n<li>Set up analytics tools to track chatbot performance metrics (e.g., response time, query resolution rate).</li>\r\n<li>Monitor live interactions to identify improvement areas.</li>\r\n</ul>', 0, NULL, '2025-10-01', '2025-10-31', NULL, 0, 1, NULL, '2025-02-07 03:28:37', '2025-02-07 03:28:37'),
(113, 1, 18, 'User Training and Documentation', '<ul>\r\n<li>Train the support team on how to use and manage the chatbot.</li>\r\n<li>Prepare user guides and FAQs for administrators.</li>\r\n</ul>', 72, 15, '2025-11-01', '2025-11-15', NULL, 0, 1, NULL, '2025-02-07 03:31:01', '2025-02-07 03:31:01'),
(114, 1, 18, 'Maintenance and Updates', '<ul>\r\n<li>Regularly update the chatbot with new data and features.</li>\r\n<li>Monitor for errors and continuously optimize performance.</li>\r\n</ul>', 0, NULL, '2025-11-17', '2025-12-31', NULL, 0, 1, NULL, '2025-02-07 03:32:25', '2025-02-07 03:32:25'),
(115, 1, 19, 'Requirement Analysis and Feasibility Study', '<ul>\r\n<li>Identify building-specific needs for energy, security, and comfort.</li>\r\n<li>Engage with stakeholders, including architects and building managers, to gather input.</li>\r\n<li>Conduct a cost-benefit analysis to determine ROI for smart systems.</li>\r\n</ul>', 0, NULL, '2025-03-01', '2025-03-04', NULL, 0, 1, NULL, '2025-02-07 21:27:55', '2025-02-07 21:27:55'),
(116, 1, 19, 'System Design and Planning', '<ul>\r\n<li>Create a detailed layout for IoT device placement, such as sensors and controllers.</li>\r\n<li>Define communication protocols (e.g., Zigbee, MQTT, Wi-Fi) for device integration.</li>\r\n<li>Plan backup systems for critical functions like security and HVAC.</li>\r\n</ul>', 0, NULL, '2025-03-04', '2025-03-15', NULL, 0, 1, NULL, '2025-02-07 21:28:42', '2025-02-07 21:28:42'),
(117, 1, 19, 'IoT Device Procurement', '<ul>\r\n<li>Research and shortlist vendors for reliable IoT devices.</li>\r\n<li>Ensure devices meet safety standards and energy efficiency certifications.</li>\r\n<li>Test sample devices before bulk procurement to verify compatibility.</li>\r\n</ul>', 0, NULL, '2025-03-17', '2025-03-22', NULL, 0, 1, NULL, '2025-02-07 21:29:55', '2025-02-07 21:29:55'),
(118, 1, 19, 'Hardware Installation', '<ul>\r\n<li>Install motion sensors for automated lighting in hallways and common areas.</li>\r\n<li>Configure smart thermostats in individual rooms for zoned climate control.</li>\r\n<li>Set up water flow monitors to track usage and detect leaks.</li>\r\n</ul>', 0, NULL, '2025-03-25', '2025-04-30', NULL, 0, 1, NULL, '2025-02-07 21:31:04', '2025-02-07 21:31:04'),
(119, 1, 19, 'Software Development and Integration', '<ul>\r\n<li>Develop the central dashboard for building managers to monitor and control systems.</li>\r\n<li>Integrate APIs for third-party services like weather forecasts for HVAC optimization.</li>\r\n<li>Ensure the software is scalable to add more devices or features in the future.</li>\r\n</ul>', 0, NULL, '2025-05-01', '2025-07-31', NULL, 0, 1, NULL, '2025-02-07 21:33:00', '2025-02-07 21:33:00'),
(120, 1, 19, 'Mobile Application Development', '<ul>\r\n<li>Include remote control features for occupants to adjust room settings.</li>\r\n<li>Enable push notifications for maintenance alerts or system failures.</li>\r\n<li>Design a user-friendly interface with clear options for different functions.</li>\r\n</ul>', 0, NULL, '2025-08-01', '2025-09-30', NULL, 0, 1, NULL, '2025-02-07 21:33:53', '2025-02-07 21:33:53'),
(121, 1, 19, 'Security System Setup', '<ul>\r\n<li>Install and integrate biometric or RFID access control systems.</li>\r\n<li>Set up cameras with AI-based motion detection for surveillance.</li>\r\n<li>Configure fire alarm systems to notify emergency services automatically.</li>\r\n</ul>', 0, NULL, '2025-10-01', '2025-12-01', NULL, 0, 1, NULL, '2025-02-07 21:34:34', '2025-02-07 21:49:42'),
(122, 1, 19, 'Testing and Quality Assurance', '<ul>\r\n<li>Test for device interoperability to ensure all IoT components work together.</li>\r\n<li>Conduct stress testing on software to handle peak loads or multiple requests.</li>\r\n<li>Perform scenario-based testing, such as fire drills or power outages.</li>\r\n</ul>', 71, 15, '2025-12-02', '2025-12-31', NULL, 0, 1, NULL, '2025-02-07 21:39:05', '2025-02-07 21:51:44'),
(123, 1, 19, 'Training and User Onboarding', '<ul>\r\n<li>Provide on-site training sessions for building managers and maintenance staff.</li>\r\n<li>Create video tutorials and FAQs for end-users of the mobile app.</li>\r\n<li>Conduct workshops to demonstrate energy-saving tips and system capabilities.</li>\r\n</ul>', 0, NULL, '2026-01-01', '2026-01-20', NULL, 0, 1, NULL, '2025-02-07 21:46:07', '2025-02-07 21:52:55'),
(124, 1, 19, 'System Deployment', '<ul>\r\n<li>Roll out the SBMS in phases, starting with pilot testing in a smaller section of the building.</li>\r\n<li>Monitor system performance during the initial deployment phase.</li>\r\n<li>Gather feedback from users for final adjustments.</li>\r\n</ul>', 0, NULL, '2026-01-21', '2026-01-25', NULL, 0, 1, NULL, '2025-02-07 21:53:55', '2025-02-07 21:56:02'),
(125, 1, 19, 'Maintenance Plan Development', '<ul>\r\n<li>Schedule routine hardware inspections, such as sensor calibration and battery replacements.</li>\r\n<li>Establish a monitoring system for software updates and security patches.</li>\r\n<li>Set up a helpdesk for technical support and issue resolution.</li>\r\n</ul>', 0, NULL, '2026-01-27', '2026-03-01', NULL, 0, 1, NULL, '2025-02-07 21:55:22', '2025-02-07 21:56:23'),
(126, 2, 20, 'Requirement Analysis', '<ul>\r\n<li>Gather and document client requirements.</li>\r\n<li>Identify key features and integrations needed for the system.</li>\r\n<li>Research industry standards and best practices for inventory management.</li>\r\n</ul>', 73, 15, '2025-02-08', '2025-02-14', NULL, 0, 1, NULL, '2025-02-08 04:00:41', '2025-02-08 04:00:41'),
(127, 2, 20, 'System Architecture Design', '<ul>\r\n<li>Design the overall system architecture, including cloud infrastructure and database schema.</li>\r\n<li>Plan for scalability and security measures.</li>\r\n</ul>', 0, NULL, '2025-02-15', '2025-02-22', NULL, 0, 1, NULL, '2025-02-08 04:01:18', '2025-02-08 04:01:18'),
(128, 2, 20, 'User Interface (UI) and User Experience (UX) Design', '<ul>\r\n<li>Create wireframes and prototypes for the system interface.</li>\r\n<li>Ensure the design is intuitive, mobile-responsive, and user-friendly.</li>\r\n</ul>', 0, NULL, '2025-02-24', '2025-02-28', NULL, 1, 1, NULL, '2025-02-08 04:02:58', '2025-02-08 04:02:58'),
(129, 2, 20, 'Cloud Infrastructure Setup', '<ul>\r\n<li>Choose a cloud provider (e.g., AWS, Azure, Google Cloud).</li>\r\n<li>Set up servers, databases, and backup solutions.</li>\r\n<li>Configure API gateways for external integrations.</li>\r\n</ul>', 0, NULL, '2025-03-01', '2025-03-08', NULL, 0, 1, NULL, '2025-02-08 04:03:47', '2025-02-08 04:06:28'),
(130, 2, 20, 'Backend Development', '<ul>\r\n<li>Develop the core inventory management logic (e.g., stock tracking, reorder alerts).</li>\r\n<li>Implement role-based access control and authentication systems.</li>\r\n<li>Create APIs for integrations with accounting and e-commerce platforms.</li>\r\n</ul>', 0, NULL, '2025-03-10', '2025-03-15', NULL, 0, 1, NULL, '2025-02-08 04:05:54', '2025-02-08 04:06:57'),
(131, 2, 20, 'Frontend Development', '<ul>\r\n<li>Build a web-based dashboard for real-time inventory monitoring.</li>\r\n<li>Develop forms for adding, editing, and deleting inventory items.</li>\r\n<li>Integrate dynamic reporting tools for analytics and insights.</li>\r\n</ul>', 0, NULL, '2025-03-17', '2025-04-17', NULL, 0, 1, NULL, '2025-02-08 04:07:56', '2025-02-08 04:07:56'),
(132, 2, 20, 'Integration with Third-Party Tools', '<ul>\r\n<li>Connect the system to accounting software (e.g., QuickBooks) and e-commerce platforms (e.g., Shopify).</li>\r\n<li>Enable integration with shipping providers for automated updates.</li>\r\n</ul>', 0, 16, '2025-04-18', '2025-04-30', NULL, 0, 1, NULL, '2025-02-08 04:09:24', '2025-02-08 04:18:21'),
(133, 2, 20, 'Testing and Quality Assurance', '<ul>\r\n<li>Perform unit, integration, and system testing to identify bugs.</li>\r\n<li>Test the system under different scenarios to ensure reliability and performance.</li>\r\n</ul>', 72, 15, '2025-05-01', '2025-05-17', NULL, 0, 1, NULL, '2025-02-08 04:10:22', '2025-02-08 04:10:22'),
(134, 2, 20, 'User Training and Documentation', '<ul>\r\n<li>Provide training materials and sessions for users.</li>\r\n<li>Develop comprehensive user guides and FAQs.</li>\r\n</ul>', 0, NULL, '2025-05-19', '2025-05-24', NULL, 0, 1, NULL, '2025-02-08 04:12:04', '2025-02-08 04:12:04'),
(135, 2, 20, 'Deployment', '<ul>\r\n<li>Deploy the system on the cloud platform.</li>\r\n<li>Configure DNS settings and ensure accessibility across devices.</li>\r\n</ul>', 0, 16, '2025-05-26', '2025-05-28', NULL, 0, 1, NULL, '2025-02-08 04:13:02', '2025-02-08 04:13:02'),
(136, 2, 21, 'Requirement Gathering and Analysis', '<ul>\r\n<li>Collaborate with clients to understand their machinery and maintenance challenges.</li>\r\n<li>Define project goals, including key performance indicators (KPIs) such as reduced downtime or cost savings.</li>\r\n<li>Identify machinery types and parameters to be monitored (e.g., vibration, temperature).</li>\r\n</ul>', 0, 14, '2025-04-02', '2025-04-05', NULL, 1, 1, NULL, '2025-02-08 04:33:35', '2025-02-08 04:36:15'),
(137, 2, 21, 'IoT Sensor Selection and Deployment', '<ul>\r\n<li>Research and select suitable IoT sensors for data collection.</li>\r\n<li>Install sensors on machinery while minimizing operational disruptions.</li>\r\n<li>Test sensor functionality and ensure data transmission capabilities.</li>\r\n</ul>', 0, 15, '2025-04-07', '2025-04-12', NULL, 0, 1, NULL, '2025-02-08 04:35:45', '2025-02-08 04:35:45'),
(138, 2, 21, 'Data Collection and Integration', '<ul>\r\n<li>Set up a data collection pipeline using IoT devices.</li>\r\n<li>Integrate collected data with a cloud-based storage system for processing.</li>\r\n<li>Ensure data is encrypted and securely transmitted.</li>\r\n</ul>', 0, 15, '2025-04-14', '2025-04-24', NULL, 0, 1, NULL, '2025-02-08 04:40:00', '2025-02-08 04:40:00'),
(139, 2, 21, 'Machine Learning Model Development', '<ul>\r\n<li>Preprocess historical data for training (e.g., removing noise and handling missing values).</li>\r\n<li>Develop predictive models using machine learning algorithms (e.g., time-series forecasting, anomaly detection).</li>\r\n<li>Validate models with test data to assess accuracy and reliability.</li>\r\n</ul>', 0, 15, '2025-04-25', '2025-04-30', NULL, 0, 1, NULL, '2025-02-08 04:40:33', '2025-02-08 04:51:16'),
(140, 2, 21, 'Backend System Development', '<ul>\r\n<li>Design and implement the system architecture for handling data and predictions.</li>\r\n<li>Build APIs for integration with the IoT system and other enterprise tools.</li>\r\n<li>Incorporate role-based access controls for secure data access.</li>\r\n</ul>', 0, NULL, '2025-05-01', '2025-05-31', NULL, 0, 1, NULL, '2025-02-08 04:41:05', '2025-02-08 04:41:05'),
(141, 2, 21, 'Frontend Dashboard Development', '<ul>\r\n<li>Design an intuitive user interface displaying equipment health metrics and maintenance schedules.</li>\r\n<li>Develop data visualization tools (e.g., charts and alerts) for quick decision-making.</li>\r\n<li>Ensure the dashboard is mobile-friendly for remote monitoring.</li>\r\n</ul>', 0, 15, '2025-06-01', '2025-06-30', NULL, 0, 1, NULL, '2025-02-08 04:41:42', '2025-02-08 04:41:42'),
(142, 2, 21, 'Alert System Implementation', '<ul>\r\n<li>Set up automated notifications for potential equipment failures.</li>\r\n<li>Integrate alerts with email, SMS, or enterprise communication tools like Slack.</li>\r\n</ul>', 0, NULL, '2025-07-01', '2025-07-10', NULL, 0, 1, NULL, '2025-02-08 04:42:56', '2025-02-08 04:42:56'),
(143, 2, 21, 'Integration with Existing Systems', '<ul>\r\n<li>Connect the predictive maintenance system to enterprise resource planning (ERP) or inventory management systems.</li>\r\n<li>Enable automated scheduling of repairs and part orders based on predictions.</li>\r\n</ul>', 0, NULL, '2025-07-11', '2025-07-30', NULL, 0, 1, NULL, '2025-02-08 04:43:48', '2025-02-08 04:43:48'),
(144, 2, 21, 'Testing and Quality Assurance', '<ul>\r\n<li>Perform functional testing to verify the accuracy of predictions.</li>\r\n<li>Conduct stress testing to ensure system performance under high data loads.</li>\r\n<li>Validate end-to-end functionality, including data collection, analysis, and alerts.</li>\r\n</ul>', 0, 15, '2025-08-01', '2025-08-15', NULL, 0, 1, NULL, '2025-02-08 04:44:25', '2025-02-08 04:44:25'),
(145, 2, 21, 'Deployment and Training', '<ul>\r\n<li>Deploy the system on the client&rsquo;s cloud or on-premises infrastructure.</li>\r\n<li>Train operators and managers to use the dashboard and respond to alerts effectively.</li>\r\n<li>Provide documentation and guides for system usage.</li>\r\n</ul>', 0, NULL, '2025-08-16', '2025-08-30', NULL, 0, 1, NULL, '2025-02-08 04:44:53', '2025-02-08 04:44:53'),
(146, 2, 21, 'Feedback Collection and Refinement', '<ul>\r\n<li>Gather feedback from users during the initial rollout.</li>\r\n<li>Adjust models and features based on real-world performance and user suggestions.</li>\r\n</ul>', 0, NULL, '2025-08-31', '2025-09-18', NULL, 0, 1, NULL, '2025-02-08 04:45:24', '2025-02-08 04:45:24'),
(147, 2, 21, 'Ongoing Support and Maintenance', '<ul>\r\n<li>Monitor the system for bugs, performance issues, and predictive accuracy.</li>\r\n<li>Provide regular updates to improve algorithms and system capabilities.</li>\r\n<li>Offer technical support for troubleshooting and additional customization.</li>\r\n</ul>', 0, NULL, '2025-09-19', '2025-09-30', NULL, 0, 1, NULL, '2025-02-08 04:46:25', '2025-02-08 04:46:25'),
(148, 2, 22, 'Requirement Gathering and Analysis', '<ul>\r\n<li>Collaborate with healthcare providers to identify monitoring needs.</li>\r\n<li>Document critical features, such as vitals to track, alert thresholds, and data privacy requirements.</li>\r\n<li>Research industry compliance standards like HIPAA or GDPR.</li>\r\n</ul>', 0, NULL, '2025-09-01', '2025-09-05', NULL, 0, 1, NULL, '2025-02-08 05:01:47', '2025-02-08 05:01:47'),
(149, 2, 22, 'IoT Device Selection and Setup', '<ul>\r\n<li>Select suitable IoT wearables for tracking vitals (e.g., smartwatches, chest patches).</li>\r\n<li>Test the accuracy and compatibility of devices with the system.</li>\r\n<li>Develop a data collection protocol for seamless device integration.</li>\r\n</ul>', 0, NULL, '2025-09-06', '2025-09-18', NULL, 0, 1, NULL, '2025-02-08 05:12:24', '2025-02-08 05:12:24'),
(150, 2, 22, 'System Architecture Design', '<ul>\r\n<li>Design the architecture for real-time data collection, transmission, and storage.</li>\r\n<li>Define cloud infrastructure for scalability and security.</li>\r\n<li>Plan integration points for third-party systems like EHR platforms.</li>\r\n</ul>', 0, 15, '2025-09-19', '2025-09-27', NULL, 0, 1, NULL, '2025-02-08 05:13:51', '2025-02-08 05:13:51'),
(151, 3, 23, 'Conduct Brand Audit', '<p>The first step in the <strong>Brand Amplify Campaign</strong> is to perform a comprehensive brand audit. This task involves evaluating the current state of the brand, its market positioning, and its public perception. By identifying strengths, weaknesses, opportunities, and threats (SWOT analysis), the marketing team will have a clear understanding of where the brand currently stands and what areas need improvement.</p>\r\n<hr>\r\n<h4><strong>Steps to Complete:</strong></h4>\r\n<ol>\r\n<li>\r\n<p><strong>Analyze Existing Marketing Materials:</strong></p>\r\n<ul>\r\n<li>Review current advertisements, brochures, websites, social media accounts, and other brand assets to ensure consistency and effectiveness.</li>\r\n</ul>\r\n</li>\r\n<li>\r\n<p><strong>Assess Brand Performance Metrics:</strong></p>\r\n<ul>\r\n<li>Collect data on website traffic, social media engagement, and customer feedback to understand how the brand is perceived online.</li>\r\n</ul>\r\n</li>\r\n<li>\r\n<p><strong>Survey Customers and Stakeholders:</strong></p>\r\n<ul>\r\n<li>Conduct surveys or interviews with customers, partners, and internal stakeholders to gather honest feedback on the brand\'s image and performance.</li>\r\n</ul>\r\n</li>\r\n<li>\r\n<p><strong>Research Competitors:</strong></p>\r\n<ul>\r\n<li>Analyze competitors to identify gaps in the market and understand what strategies are working for similar brands.</li>\r\n</ul>\r\n</li>\r\n<li>\r\n<p><strong>Evaluate Brand Guidelines:</strong></p>\r\n<ul>\r\n<li>Check the alignment of brand visuals (logo, colors, typography) and messaging (tone, slogans) with the overall mission and vision of the company.</li>\r\n</ul>\r\n</li>\r\n<li>\r\n<p><strong>Prepare a Brand Audit Report:</strong></p>\r\n<ul>\r\n<li>Summarize findings in a report, highlighting key insights and areas for improvement.</li>\r\n</ul>\r\n</li>\r\n</ol>', 73, 14, '2025-02-10', '2025-02-15', NULL, 0, 1, NULL, '2025-02-09 23:14:47', '2025-02-09 23:14:47'),
(152, 3, 23, 'Define Target Audience', '<p>The second step in the <strong>Brand Amplify Campaign</strong> is to clearly define the target audience. This task ensures that all campaign strategies are tailored to meet the needs and preferences of the intended audience. A precise understanding of who the campaign is aimed at will improve its effectiveness and engagement rates.</p>\r\n<hr>\r\n<h4><strong>Steps to Complete:</strong></h4>\r\n<ol>\r\n<li>\r\n<p><strong>Analyze Existing Customer Data:</strong></p>\r\n<ul>\r\n<li>Review customer databases, sales records, and CRM analytics to identify common traits among current customers.</li>\r\n</ul>\r\n</li>\r\n<li>\r\n<p><strong>Create Audience Segments:</strong></p>\r\n<ul>\r\n<li>Divide the audience into segments based on demographics (age, gender, income), psychographics (lifestyle, values, interests), and behavioral factors (purchase habits, online activity).</li>\r\n</ul>\r\n</li>\r\n<li>\r\n<p><strong>Research Market Trends:</strong></p>\r\n<ul>\r\n<li>Examine industry reports and consumer behavior studies to understand evolving trends and preferences.</li>\r\n</ul>\r\n</li>\r\n<li>\r\n<p><strong>Develop Audience Personas:</strong></p>\r\n<ul>\r\n<li>Create detailed profiles of hypothetical ideal customers, including their needs, pain points, goals, and preferred channels for communication.</li>\r\n</ul>\r\n</li>\r\n<li>\r\n<p><strong>Validate Findings with Surveys:</strong></p>\r\n<ul>\r\n<li>Conduct surveys or focus groups to ensure alignment between assumptions and real-world audience feedback.</li>\r\n</ul>\r\n</li>\r\n<li>\r\n<p><strong>Document the Target Audience Profile:</strong></p>\r\n<ul>\r\n<li>Consolidate findings into a clear and actionable profile document that can be used across all campaign activities.</li>\r\n</ul>\r\n</li>\r\n</ol>', 73, 14, '2025-02-17', '2025-02-22', NULL, 0, 1, NULL, '2025-02-09 23:17:04', '2025-02-09 23:18:02'),
(153, 3, 23, 'Set Clear Campaign Goals', '<p>The third task in the <strong>Brand Amplify Campaign</strong> is to establish specific, measurable, achievable, relevant, and time-bound (SMART) goals. Setting clear objectives will guide the marketing team&rsquo;s efforts and ensure that every campaign activity contributes to achieving the desired outcomes.</p>\r\n<hr>\r\n<h4><strong>Steps to Complete:</strong></h4>\r\n<ol>\r\n<li>\r\n<p><strong>Define Key Objectives:</strong></p>\r\n<ul>\r\n<li>Identify primary campaign objectives, such as:\r\n<ul>\r\n<li>Increase brand awareness.</li>\r\n<li>Boost social media engagement.</li>\r\n<li>Drive website traffic.</li>\r\n<li>Improve lead generation or sales.</li>\r\n</ul>\r\n</li>\r\n</ul>\r\n</li>\r\n<li>\r\n<p><strong>Set Measurable KPIs:</strong></p>\r\n<ul>\r\n<li>Decide on metrics to track progress, such as:\r\n<ul>\r\n<li>Social media followers and engagement rates.</li>\r\n<li>Website visits and bounce rates.</li>\r\n<li>Number of new leads or conversions.</li>\r\n</ul>\r\n</li>\r\n</ul>\r\n</li>\r\n<li>\r\n<p><strong>Establish Timeframes:</strong></p>\r\n<ul>\r\n<li>Define deadlines for achieving each objective to ensure the campaign remains on track.</li>\r\n</ul>\r\n</li>\r\n<li>\r\n<p><strong>Align Goals with Business Objectives:</strong></p>\r\n<ul>\r\n<li>Ensure that campaign goals support broader company goals, such as expanding into new markets or improving customer retention.</li>\r\n</ul>\r\n</li>\r\n<li>\r\n<p><strong>Collaborate with Stakeholders:</strong></p>\r\n<ul>\r\n<li>Work with team members and stakeholders to validate goals and ensure alignment across departments.</li>\r\n</ul>\r\n</li>\r\n<li>\r\n<p><strong>Document the Goals:</strong></p>\r\n<ul>\r\n<li>Compile the objectives into a campaign goal document for easy reference and communication.</li>\r\n</ul>\r\n</li>\r\n</ol>', 73, 14, '2025-02-24', '2025-03-01', NULL, 0, 1, NULL, '2025-02-09 23:18:22', '2025-02-09 23:19:27'),
(154, 3, 23, 'Develop Brand Messaging', '<h4><strong>Description:</strong></h4>\r\n<p>The fourth task in the <strong>Brand Amplify Campaign</strong> is to create a consistent and compelling brand messaging framework. This ensures that all communication across platforms resonates with the target audience and aligns with the brand&rsquo;s identity. Effective messaging will evoke the right emotions, convey the brand&rsquo;s value, and differentiate it from competitors.</p>\r\n<hr>\r\n<h4><strong>Steps to Complete:</strong></h4>\r\n<ol>\r\n<li>\r\n<p><strong>Define Core Brand Values:</strong></p>\r\n<ul>\r\n<li>Identify the principles and values that the brand stands for and wants to communicate.</li>\r\n</ul>\r\n</li>\r\n<li>\r\n<p><strong>Craft a Unique Value Proposition (UVP):</strong></p>\r\n<ul>\r\n<li>Develop a concise statement that clearly explains what the brand offers, why it&rsquo;s unique, and how it benefits the audience.</li>\r\n</ul>\r\n</li>\r\n<li>\r\n<p><strong>Establish a Brand Tone and Voice:</strong></p>\r\n<ul>\r\n<li>Decide how the brand will \"sound\" (e.g., professional, friendly, innovative, etc.) and ensure consistency across all content.</li>\r\n</ul>\r\n</li>\r\n<li>\r\n<p><strong>Develop Key Messaging Pillars:</strong></p>\r\n<ul>\r\n<li>Create main themes or messages that reflect the brand&rsquo;s mission and goals, such as:\r\n<ul>\r\n<li>Innovation and quality.</li>\r\n<li>Trust and reliability.</li>\r\n<li>Social and environmental responsibility.</li>\r\n</ul>\r\n</li>\r\n</ul>\r\n</li>\r\n<li>\r\n<p><strong>Create Taglines and Slogans:</strong></p>\r\n<ul>\r\n<li>Develop catchy and memorable phrases that encapsulate the campaign\'s essence and attract attention.</li>\r\n</ul>\r\n</li>\r\n<li>\r\n<p><strong>Test Messaging:</strong></p>\r\n<ul>\r\n<li>Use focus groups or surveys to test messaging with a sample audience and gather feedback.</li>\r\n</ul>\r\n</li>\r\n<li>\r\n<p><strong>Document the Messaging Guide:</strong></p>\r\n<ul>\r\n<li>Compile all messaging guidelines into a document that can be shared with team members and partners for consistent communication.</li>\r\n</ul>\r\n</li>\r\n</ol>', 73, 14, '2025-03-01', '2025-03-08', NULL, 0, 1, NULL, '2025-02-09 23:18:42', '2025-02-09 23:20:16'),
(155, 3, 23, 'Design a Creative Campaign Theme', '<h4><strong>Description:</strong></h4>\r\n<p>The fifth task in the <strong>Brand Amplify Campaign</strong> is to conceptualize and design a unified creative theme for the campaign. This theme will serve as the visual and conceptual backbone of the entire marketing effort, ensuring all campaign elements feel cohesive and resonate with the target audience.</p>\r\n<hr>\r\n<h4><strong>Steps to Complete:</strong></h4>\r\n<ol>\r\n<li>\r\n<p><strong>Brainstorm Core Ideas:</strong></p>\r\n<ul>\r\n<li>Conduct brainstorming sessions with the team to explore potential concepts that align with the brand&rsquo;s identity and campaign objectives.</li>\r\n</ul>\r\n</li>\r\n<li>\r\n<p><strong>Align with Audience Preferences:</strong></p>\r\n<ul>\r\n<li>Ensure the theme reflects the values, aspirations, and interests of the target audience as defined in earlier tasks.</li>\r\n</ul>\r\n</li>\r\n<li>\r\n<p><strong>Choose a Central Concept:</strong></p>\r\n<ul>\r\n<li>Develop a central concept that captures the campaign&rsquo;s message in a simple, memorable, and impactful way. For example, themes like &ldquo;Empowering Progress&rdquo; or &ldquo;Discover the Future.&rdquo;</li>\r\n</ul>\r\n</li>\r\n<li>\r\n<p><strong>Develop Visual Elements:</strong></p>\r\n<ul>\r\n<li>Create a design style guide including color schemes, typography, imagery, and graphics that support the theme.</li>\r\n</ul>\r\n</li>\r\n<li>\r\n<p><strong>Incorporate Storytelling:</strong></p>\r\n<ul>\r\n<li>Build a narrative around the theme to engage the audience emotionally, making the campaign more relatable and impactful.</li>\r\n</ul>\r\n</li>\r\n<li>\r\n<p><strong>Create Initial Mockups:</strong></p>\r\n<ul>\r\n<li>Design sample assets (e.g., social media posts, banners, and ads) to visualize how the theme will appear across different channels.</li>\r\n</ul>\r\n</li>\r\n<li>\r\n<p><strong>Gather Feedback:</strong></p>\r\n<ul>\r\n<li>Share the theme concepts and mockups with stakeholders, team members, and a small audience group to gather feedback.</li>\r\n</ul>\r\n</li>\r\n<li>\r\n<p><strong>Finalize the Theme:</strong></p>\r\n<ul>\r\n<li>Refine the concept and design elements based on feedback and prepare them for implementation across the campaign.</li>\r\n</ul>\r\n</li>\r\n</ol>', 73, 14, '2025-03-10', '2025-03-22', NULL, 0, 1, NULL, '2025-02-09 23:20:46', '2025-02-09 23:21:32'),
(156, 3, 23, 'Create Content Calendar', '<h4><strong>Description:</strong></h4>\r\n<p>The sixth task in the <strong>Brand Amplify Campaign</strong> is to develop a detailed content calendar. This schedule will organize the publication of all campaign-related content, ensuring timely and consistent messaging across platforms. A well-structured calendar streamlines workflows, enhances coordination, and keeps the campaign on track.</p>\r\n<hr>\r\n<h4><strong>Steps to Complete:</strong></h4>\r\n<ol>\r\n<li>\r\n<p><strong>Identify Content Types:</strong></p>\r\n<ul>\r\n<li>Determine the types of content required, such as blogs, social media posts, videos, infographics, email newsletters, and press releases.</li>\r\n</ul>\r\n</li>\r\n<li>\r\n<p><strong>Map Content to Campaign Goals:</strong></p>\r\n<ul>\r\n<li>Align each piece of content with specific campaign objectives and target audience needs.</li>\r\n</ul>\r\n</li>\r\n<li>\r\n<p><strong>Set Publication Dates:</strong></p>\r\n<ul>\r\n<li>Assign dates and times for publishing each content piece to ensure consistent and strategic deployment.</li>\r\n</ul>\r\n</li>\r\n<li>\r\n<p><strong>Choose Content Platforms:</strong></p>\r\n<ul>\r\n<li>Decide where each type of content will be shared, such as social media channels, websites, or email campaigns.</li>\r\n</ul>\r\n</li>\r\n<li>\r\n<p><strong>Coordinate Team Responsibilities:</strong></p>\r\n<ul>\r\n<li>Assign tasks like content creation, editing, and scheduling to team members based on their roles.</li>\r\n</ul>\r\n</li>\r\n<li>\r\n<p><strong>Incorporate Campaign Themes:</strong></p>\r\n<ul>\r\n<li>Ensure that all planned content adheres to the creative campaign theme for consistency.</li>\r\n</ul>\r\n</li>\r\n<li>\r\n<p><strong>Plan for Engagement and Interaction:</strong></p>\r\n<ul>\r\n<li>Include interactive posts like polls, Q&amp;A sessions, and live events to boost engagement.</li>\r\n</ul>\r\n</li>\r\n<li>\r\n<p><strong>Schedule Content Creation and Review:</strong></p>\r\n<ul>\r\n<li>Allocate sufficient time for drafting, revising, and approving content before the publication date.</li>\r\n</ul>\r\n</li>\r\n<li>\r\n<p><strong>Include Metrics and KPIs:</strong></p>\r\n<ul>\r\n<li>Add placeholders to track the performance of each content piece (e.g., likes, shares, traffic, conversions).</li>\r\n</ul>\r\n</li>\r\n<li>\r\n<p><strong>Use a Calendar Tool:</strong></p>\r\n<ul>\r\n<li>Utilize tools like Google Calendar, Trello, or marketing-specific platforms (e.g., Buffer, Hootsuite) to visualize and manage the schedule.</li>\r\n</ul>\r\n</li>\r\n</ol>', 73, 14, '2025-03-24', '2025-03-31', NULL, 0, 1, NULL, '2025-02-09 23:21:42', '2025-02-09 23:23:59'),
(157, 3, 23, 'Launch Social Media Campaigns', '<h4><strong>Description:</strong></h4>\r\n<p>The seventh task in the <strong>Brand Amplify Campaign</strong> is to execute social media campaigns that align with the campaign theme and target audience. Social media platforms are critical for increasing brand visibility, engaging directly with the audience, and driving traffic to other campaign touchpoints.</p>\r\n<hr>\r\n<h4><strong>Steps to Complete:</strong></h4>\r\n<ol>\r\n<li>\r\n<p><strong>Select Platforms:</strong></p>\r\n<ul>\r\n<li>Identify the most relevant social media platforms for the target audience (e.g., Instagram, Facebook, LinkedIn, Twitter).</li>\r\n</ul>\r\n</li>\r\n<li>\r\n<p><strong>Create Platform-Specific Content:</strong></p>\r\n<ul>\r\n<li>Develop tailored content for each platform, including posts, stories, reels, and ads, optimized for platform algorithms.</li>\r\n</ul>\r\n</li>\r\n<li>\r\n<p><strong>Schedule Posts:</strong></p>\r\n<ul>\r\n<li>Use the content calendar to schedule posts during optimal engagement times for each platform.</li>\r\n</ul>\r\n</li>\r\n<li>\r\n<p><strong>Run Paid Advertising Campaigns:</strong></p>\r\n<ul>\r\n<li>Design and launch targeted ads, specifying audience demographics, interests, and behaviors for maximum reach and impact.</li>\r\n</ul>\r\n</li>\r\n<li>\r\n<p><strong>Engage with the Audience:</strong></p>\r\n<ul>\r\n<li>Actively respond to comments, messages, and mentions to foster relationships and build a sense of community.</li>\r\n</ul>\r\n</li>\r\n<li>\r\n<p><strong>Incorporate Interactive Elements:</strong></p>\r\n<ul>\r\n<li>Use polls, Q&amp;A sessions, challenges, or contests to encourage participation and increase engagement.</li>\r\n</ul>\r\n</li>\r\n<li>\r\n<p><strong>Collaborate with Influencers (if applicable):</strong></p>\r\n<ul>\r\n<li>Partner with influencers or brand ambassadors who align with the campaign&rsquo;s theme and audience to amplify reach.</li>\r\n</ul>\r\n</li>\r\n<li>\r\n<p><strong>Monitor Performance Metrics:</strong></p>\r\n<ul>\r\n<li>Track metrics like impressions, engagement rates, click-through rates, and conversions to evaluate the campaign&rsquo;s success.</li>\r\n</ul>\r\n</li>\r\n<li>\r\n<p><strong>Adjust Based on Performance:</strong></p>\r\n<ul>\r\n<li>Use real-time insights to tweak content, targeting, or posting schedules to maximize effectiveness.</li>\r\n</ul>\r\n</li>\r\n</ol>', 73, 14, '2025-04-01', '2025-04-12', NULL, 0, 1, NULL, '2025-02-09 23:24:08', '2025-02-09 23:24:58'),
(158, 3, 23, 'Execute Email Marketing Campaigns', '<h4><strong>Description:</strong></h4>\r\n<p>The eighth task in the <strong>Brand Amplify Campaign</strong> involves planning and executing targeted email marketing campaigns. Email is a powerful tool for nurturing leads, keeping the audience informed, and driving conversions through personalized communication.</p>\r\n<hr>\r\n<h4><strong>Steps to Complete:</strong></h4>\r\n<ol>\r\n<li>\r\n<p><strong>Segment the Audience:</strong></p>\r\n<ul>\r\n<li>Divide the email list into segments based on demographics, behaviors, interests, or stage in the customer journey.</li>\r\n</ul>\r\n</li>\r\n<li>\r\n<p><strong>Craft Engaging Subject Lines:</strong></p>\r\n<ul>\r\n<li>Write attention-grabbing subject lines to increase open rates while staying aligned with the campaign&rsquo;s theme.</li>\r\n</ul>\r\n</li>\r\n<li>\r\n<p><strong>Design Email Templates:</strong></p>\r\n<ul>\r\n<li>Use professional and visually appealing email templates that match the campaign&rsquo;s branding.</li>\r\n</ul>\r\n</li>\r\n<li>\r\n<p><strong>Personalize Content:</strong></p>\r\n<ul>\r\n<li>Tailor email content using recipient names, past interactions, or preferences for a more personalized experience.</li>\r\n</ul>\r\n</li>\r\n<li>\r\n<p><strong>Include Clear CTAs (Call-to-Actions):</strong></p>\r\n<ul>\r\n<li>Ensure every email has clear and compelling CTAs, such as &ldquo;Learn More,&rdquo; &ldquo;Sign Up Now,&rdquo; or &ldquo;Claim Your Offer.&rdquo;</li>\r\n</ul>\r\n</li>\r\n<li>\r\n<p><strong>Schedule Emails:</strong></p>\r\n<ul>\r\n<li>Plan a sequence of emails (e.g., announcements, reminders, follow-ups) and schedule them based on the campaign timeline.</li>\r\n</ul>\r\n</li>\r\n<li>\r\n<p><strong>Incorporate Analytics Tracking:</strong></p>\r\n<ul>\r\n<li>Add tracking parameters to monitor clicks, opens, and conversions for each email.</li>\r\n</ul>\r\n</li>\r\n<li>\r\n<p><strong>A/B Test Campaigns:</strong></p>\r\n<ul>\r\n<li>Test different subject lines, layouts, or CTAs to determine what resonates best with the audience.</li>\r\n</ul>\r\n</li>\r\n<li>\r\n<p><strong>Monitor Performance:</strong></p>\r\n<ul>\r\n<li>Use email marketing tools to analyze metrics like open rates, click-through rates, and bounce rates.</li>\r\n</ul>\r\n</li>\r\n<li>\r\n<p><strong>Refine Strategy:</strong></p>\r\n<ul>\r\n<li>Adjust email content or strategy based on performance data and audience feedback.</li>\r\n</ul>\r\n</li>\r\n</ol>', 73, 14, '2025-04-14', '2025-04-28', NULL, 0, 1, NULL, '2025-02-09 23:25:28', '2025-02-09 23:26:16'),
(159, 3, 23, 'Develop a Paid Advertising Campaign', '<p>The ninth task in the <strong>Brand Amplify Campaign</strong> is to design and implement a comprehensive paid advertising campaign. This effort focuses on boosting visibility, reaching a wider audience, and driving targeted traffic through strategic use of platforms like Google Ads, social media ads, and display networks.</p>\r\n<hr>\r\n<h4><strong>Steps to Complete:</strong></h4>\r\n<ol>\r\n<li>\r\n<p><strong>Define Objectives:</strong></p>\r\n<ul>\r\n<li>Set clear goals for the paid advertising campaign, such as brand awareness, lead generation, or conversions.</li>\r\n</ul>\r\n</li>\r\n<li>\r\n<p><strong>Choose Advertising Platforms:</strong></p>\r\n<ul>\r\n<li>Select platforms based on the audience and campaign goals, e.g., Google Ads for search visibility, Facebook Ads for engagement, or LinkedIn Ads for professional outreach.</li>\r\n</ul>\r\n</li>\r\n<li>\r\n<p><strong>Identify Target Audience:</strong></p>\r\n<ul>\r\n<li>Specify demographics, interests, behaviors, and geographies for precise ad targeting.</li>\r\n</ul>\r\n</li>\r\n<li>\r\n<p><strong>Create Compelling Ad Content:</strong></p>\r\n<ul>\r\n<li>Design visually appealing ads and craft persuasive copy that aligns with the campaign&rsquo;s theme and messaging.</li>\r\n</ul>\r\n</li>\r\n<li>\r\n<p><strong>Select Keywords (if applicable):</strong></p>\r\n<ul>\r\n<li>For search ads, conduct keyword research to identify high-performing keywords relevant to the campaign.</li>\r\n</ul>\r\n</li>\r\n<li>\r\n<p><strong>Set Budget and Bidding Strategies:</strong></p>\r\n<ul>\r\n<li>Allocate a budget and decide on bidding strategies like cost-per-click (CPC) or cost-per-impression (CPM) based on campaign priorities.</li>\r\n</ul>\r\n</li>\r\n<li>\r\n<p><strong>Launch Ad Campaigns:</strong></p>\r\n<ul>\r\n<li>Implement campaigns with carefully crafted targeting, visuals, and messaging.</li>\r\n</ul>\r\n</li>\r\n<li>\r\n<p><strong>Monitor Performance Metrics:</strong></p>\r\n<ul>\r\n<li>Track metrics such as click-through rates (CTR), impressions, conversions, and return on ad spend (ROAS).</li>\r\n</ul>\r\n</li>\r\n<li>\r\n<p><strong>Optimize Campaigns:</strong></p>\r\n<ul>\r\n<li>Continuously refine targeting, bidding, and creative elements based on performance data to maximize effectiveness.</li>\r\n</ul>\r\n</li>\r\n<li>\r\n<p><strong>Generate Performance Reports:</strong></p>\r\n<ul>\r\n<li>Create reports to evaluate overall campaign success and identify insights for future advertising efforts.</li>\r\n</ul>\r\n</li>\r\n</ol>', 73, 14, '2025-04-29', '2025-05-10', NULL, 0, 1, NULL, '2025-02-09 23:26:24', '2025-02-09 23:27:18'),
(160, 3, 23, 'Collaborate with Influencers and Partners', '<h4><strong>Description:</strong></h4>\r\n<p>The tenth task in the <strong>Brand Amplify Campaign</strong> involves establishing collaborations with influencers, brand ambassadors, and strategic partners. This task leverages their networks and credibility to amplify campaign reach, boost engagement, and enhance brand trust.</p>\r\n<hr>\r\n<h4><strong>Steps to Complete:</strong></h4>\r\n<ol>\r\n<li>\r\n<p><strong>Identify Relevant Influencers and Partners:</strong></p>\r\n<ul>\r\n<li>Research influencers and brands whose values, audience, and style align with the campaign theme and objectives.</li>\r\n</ul>\r\n</li>\r\n<li>\r\n<p><strong>Establish Partnership Goals:</strong></p>\r\n<ul>\r\n<li>Define the purpose of the collaboration, such as increasing visibility, gaining followers, or driving specific actions like sign-ups or purchases.</li>\r\n</ul>\r\n</li>\r\n<li>\r\n<p><strong>Reach Out with Proposals:</strong></p>\r\n<ul>\r\n<li>Contact potential collaborators with personalized proposals outlining mutual benefits and campaign expectations.</li>\r\n</ul>\r\n</li>\r\n<li>\r\n<p><strong>Agree on Deliverables:</strong></p>\r\n<ul>\r\n<li>Specify deliverables such as social media posts, sponsored content, live events, or cross-promotions, and set deadlines.</li>\r\n</ul>\r\n</li>\r\n<li>\r\n<p><strong>Provide Campaign Assets:</strong></p>\r\n<ul>\r\n<li>Share the campaign&rsquo;s creative theme, branding guidelines, and any necessary resources to ensure consistency.</li>\r\n</ul>\r\n</li>\r\n<li>\r\n<p><strong>Monitor Partner Content:</strong></p>\r\n<ul>\r\n<li>Review and approve content created by collaborators to ensure it aligns with campaign goals and maintains brand integrity.</li>\r\n</ul>\r\n</li>\r\n<li>\r\n<p><strong>Promote Collaborations:</strong></p>\r\n<ul>\r\n<li>Actively highlight partnerships through the brand&rsquo;s channels to show endorsement and foster mutual promotion.</li>\r\n</ul>\r\n</li>\r\n<li>\r\n<p><strong>Track Performance:</strong></p>\r\n<ul>\r\n<li>Measure the success of collaborations by analyzing metrics like reach, engagement, and conversions generated through partnered efforts.</li>\r\n</ul>\r\n</li>\r\n<li>\r\n<p><strong>Foster Long-Term Relationships:</strong></p>\r\n<ul>\r\n<li>Build ongoing relationships with successful collaborators for future campaigns and brand initiatives.</li>\r\n</ul>\r\n</li>\r\n<li>\r\n<p><strong>Document Results:</strong></p>\r\n<ul>\r\n<li>Record the outcomes and learnings from each collaboration to inform strategies for similar initiatives.</li>\r\n</ul>\r\n</li>\r\n</ol>', 73, 14, '2025-05-12', '2025-05-24', NULL, 0, 1, NULL, '2025-02-09 23:28:37', '2025-02-09 23:29:36'),
(161, 3, 23, 'Organize an Event or Webinar', '<h4><strong>Description:</strong></h4>\r\n<p>The eleventh task in the <strong>Brand Amplify Campaign</strong> is to organize a live event or webinar to engage directly with the target audience. Events provide an opportunity to create meaningful interactions, showcase expertise, and build a community around the brand.</p>\r\n<hr>\r\n<h4><strong>Steps to Complete:</strong></h4>\r\n<ol>\r\n<li>\r\n<p><strong>Define the Purpose:</strong></p>\r\n<ul>\r\n<li>Determine the goal of the event, such as increasing awareness, educating the audience, or generating leads.</li>\r\n</ul>\r\n</li>\r\n<li>\r\n<p><strong>Choose the Format:</strong></p>\r\n<ul>\r\n<li>Decide whether it will be a physical event, webinar, or hybrid, based on the audience\'s preferences and campaign objectives.</li>\r\n</ul>\r\n</li>\r\n<li>\r\n<p><strong>Select a Topic or Theme:</strong></p>\r\n<ul>\r\n<li>Align the event&rsquo;s theme with the campaign&rsquo;s message and audience interests to ensure relevance and engagement.</li>\r\n</ul>\r\n</li>\r\n<li>\r\n<p><strong>Set a Date and Time:</strong></p>\r\n<ul>\r\n<li>Schedule the event for a date and time that maximizes attendance, considering audience availability and time zones.</li>\r\n</ul>\r\n</li>\r\n<li>\r\n<p><strong>Secure Speakers or Panelists:</strong></p>\r\n<ul>\r\n<li>Invite subject-matter experts, influencers, or brand representatives to deliver value and attract attendees.</li>\r\n</ul>\r\n</li>\r\n<li>\r\n<p><strong>Create Promotional Materials:</strong></p>\r\n<ul>\r\n<li>Develop event invitations, banners, and social media posts to generate interest and registrations.</li>\r\n</ul>\r\n</li>\r\n<li>\r\n<p><strong>Set Up Registration:</strong></p>\r\n<ul>\r\n<li>Use event management tools (e.g., Eventbrite, Zoom, or custom forms) to handle registrations and collect attendee information.</li>\r\n</ul>\r\n</li>\r\n<li>\r\n<p><strong>Prepare an Agenda:</strong></p>\r\n<ul>\r\n<li>Outline the flow of the event, including introductions, main sessions, Q&amp;A segments, and closing remarks.</li>\r\n</ul>\r\n</li>\r\n<li>\r\n<p><strong>Test Technology and Logistics:</strong></p>\r\n<ul>\r\n<li>Ensure all technical requirements are met, such as stable internet, functional A/V equipment, and backup plans.</li>\r\n</ul>\r\n</li>\r\n<li>\r\n<p><strong>Promote the Event:</strong></p>\r\n<ul>\r\n<li>Utilize email campaigns, social media, and paid ads to reach a wider audience and boost registrations.</li>\r\n</ul>\r\n</li>\r\n<li>\r\n<p><strong>Engage During the Event:</strong></p>\r\n<ul>\r\n<li>Interact with participants through live Q&amp;A, polls, or chat features to make the experience interactive.</li>\r\n</ul>\r\n</li>\r\n<li>\r\n<p><strong>Follow Up Post-Event:</strong></p>\r\n<ul>\r\n<li>Send thank-you emails, share event recordings, and collect feedback for improvement.</li>\r\n</ul>\r\n</li>\r\n</ol>', 73, 14, '2025-05-26', '2025-05-31', NULL, 0, 1, NULL, '2025-02-09 23:30:06', '2025-02-09 23:31:07'),
(162, 3, 23, 'Analyze Campaign Results and Create a Final Report', '<h4><strong>Description:</strong></h4>\r\n<p>The final task in the <strong>Brand Amplify Campaign</strong> involves collecting, analyzing, and summarizing all campaign data to evaluate its success. This task ensures insights are gathered for future campaigns, stakeholders are informed, and the overall impact is clearly understood.</p>\r\n<hr>\r\n<h4><strong>Steps to Complete:</strong></h4>\r\n<ol>\r\n<li>\r\n<p><strong>Gather Data:</strong></p>\r\n<ul>\r\n<li>Collect performance metrics from all campaign channels, including social media, paid ads, email campaigns, and events.</li>\r\n</ul>\r\n</li>\r\n<li>\r\n<p><strong>Evaluate Goals vs. Outcomes:</strong></p>\r\n<ul>\r\n<li>Compare the campaign results to the initial objectives, identifying successes and areas for improvement.</li>\r\n</ul>\r\n</li>\r\n<li>\r\n<p><strong>Highlight Key Metrics:</strong></p>\r\n<ul>\r\n<li>Focus on metrics such as reach, engagement, conversions, ROI, customer acquisition cost (CAC), and audience growth.</li>\r\n</ul>\r\n</li>\r\n<li>\r\n<p><strong>Identify Challenges and Learnings:</strong></p>\r\n<ul>\r\n<li>Note obstacles encountered during the campaign and document strategies or tactics that worked well.</li>\r\n</ul>\r\n</li>\r\n<li>\r\n<p><strong>Create a Visual Report:</strong></p>\r\n<ul>\r\n<li>Compile data into a visually appealing report with charts, graphs, and summaries for easy comprehension.</li>\r\n</ul>\r\n</li>\r\n<li>\r\n<p><strong>Include Qualitative Feedback:</strong></p>\r\n<ul>\r\n<li>Incorporate testimonials, audience feedback, and insights from team members to add context to the quantitative data.</li>\r\n</ul>\r\n</li>\r\n<li>\r\n<p><strong>Calculate ROI:</strong></p>\r\n<ul>\r\n<li>Analyze the return on investment by comparing campaign costs to the revenue or value generated.</li>\r\n</ul>\r\n</li>\r\n<li>\r\n<p><strong>Segment Results by Channel:</strong></p>\r\n<ul>\r\n<li>Break down performance by individual channels to understand which contributed the most to the campaign&rsquo;s success.</li>\r\n</ul>\r\n</li>\r\n<li>\r\n<p><strong>Provide Recommendations:</strong></p>\r\n<ul>\r\n<li>Offer actionable recommendations for future campaigns based on the insights gained.</li>\r\n</ul>\r\n</li>\r\n<li>\r\n<p><strong>Present to Stakeholders:</strong></p>\r\n<ul>\r\n<li>Share the report with relevant stakeholders during a meeting or presentation, ensuring transparency and alignment.</li>\r\n</ul>\r\n</li>\r\n<li>\r\n<p><strong>Archive Campaign Data:</strong></p>\r\n<ul>\r\n<li>Store all materials, reports, and data in an accessible format for future reference.</li>\r\n</ul>\r\n</li>\r\n<li>\r\n<p><strong>Celebrate Success:</strong></p>\r\n<ul>\r\n<li>Acknowledge team contributions and celebrate milestones achieved during the campaign.</li>\r\n</ul>\r\n</li>\r\n</ol>', 73, 14, '2025-06-01', '2025-06-16', NULL, 0, 1, NULL, '2025-02-09 23:31:54', '2025-02-09 23:32:33'),
(163, 3, 24, 'Conduct a Social Media Audit', '<h4><strong>Description:</strong></h4>\r\n<p>The first step in overhauling the global social media strategy is conducting a thorough audit of the brand\'s current social media presence. This task identifies strengths, weaknesses, opportunities, and gaps in performance, providing a foundation for crafting a data-driven and impactful strategy.</p>\r\n<hr>\r\n<h4><strong>Steps to Complete:</strong></h4>\r\n<ol>\r\n<li>\r\n<p><strong>Inventory Existing Accounts:</strong></p>\r\n<ul>\r\n<li>List all active social media accounts and confirm ownership.</li>\r\n<li>Check for any outdated or duplicate accounts that may require consolidation or deletion.</li>\r\n</ul>\r\n</li>\r\n<li>\r\n<p><strong>Analyze Performance Metrics:</strong></p>\r\n<ul>\r\n<li>Collect and review key metrics such as follower growth, engagement rates, click-through rates (CTR), impressions, and reach for each platform.</li>\r\n<li>Compare these metrics against industry benchmarks.</li>\r\n</ul>\r\n</li>\r\n<li>\r\n<p><strong>Evaluate Content Effectiveness:</strong></p>\r\n<ul>\r\n<li>Assess the performance of past content, identifying which formats (videos, images, text posts) and themes resonate most with the audience.</li>\r\n<li>Note underperforming content types to refine future strategies.</li>\r\n</ul>\r\n</li>\r\n<li>\r\n<p><strong>Assess Audience Demographics:</strong></p>\r\n<ul>\r\n<li>Review analytics to understand the audience\'s demographics, such as age, gender, location, and interests, on each platform.</li>\r\n<li>Identify mismatches between the current audience and the target audience.</li>\r\n</ul>\r\n</li>\r\n<li>\r\n<p><strong>Review Branding Consistency:</strong></p>\r\n<ul>\r\n<li>Check for uniformity in visual elements (logos, color schemes, and fonts) and messaging across platforms.</li>\r\n<li>Identify inconsistencies that may confuse or alienate followers.</li>\r\n</ul>\r\n</li>\r\n<li>\r\n<p><strong>Audit Platform-Specific Strategies:</strong></p>\r\n<ul>\r\n<li>Analyze the effectiveness of current strategies for individual platforms, ensuring each is utilized according to its strengths.</li>\r\n<li>For instance, LinkedIn for professional content, Instagram for visual storytelling, and TikTok for short-form videos.</li>\r\n</ul>\r\n</li>\r\n<li>\r\n<p><strong>Benchmark Against Competitors:</strong></p>\r\n<ul>\r\n<li>Identify top competitors and evaluate their social media strategies.</li>\r\n<li>Highlight practices where competitors excel and explore opportunities to differentiate your brand.</li>\r\n</ul>\r\n</li>\r\n<li>\r\n<p><strong>Identify Pain Points and Opportunities:</strong></p>\r\n<ul>\r\n<li>Document gaps, such as lack of engagement, low content variety, or poor response rates to audience queries.</li>\r\n<li>Highlight opportunities like emerging platforms, trends, or underutilized content types.</li>\r\n</ul>\r\n</li>\r\n<li>\r\n<p><strong>Summarize Findings:</strong></p>\r\n<ul>\r\n<li>Compile audit results into a comprehensive report that includes strengths, weaknesses, and actionable recommendations.</li>\r\n<li>Use visuals like charts and tables to enhance clarity.</li>\r\n</ul>\r\n</li>\r\n<li>\r\n<p><strong>Present Audit to Stakeholders:</strong></p>\r\n</li>\r\n</ol>', 0, NULL, '2025-02-11', '2025-02-22', NULL, 1, 1, NULL, '2025-02-09 23:44:13', '2025-02-09 23:44:13');
INSERT INTO `tasks` (`id`, `workspace_id`, `project_id`, `title`, `description`, `status_id`, `priority_id`, `start_date`, `due_date`, `note`, `client_can_discuss`, `created_by`, `parent_id`, `created_at`, `updated_at`) VALUES
(164, 3, 24, 'Define Global Social Media Goals', '<h4><strong>Description:</strong></h4>\r\n<p>The second step in the project involves setting clear and measurable goals for the global social media strategy. These goals will guide all activities, ensure alignment with the brand&rsquo;s objectives, and help measure the success of the campaign.</p>\r\n<hr>\r\n<h4><strong>Steps to Complete:</strong></h4>\r\n<ol>\r\n<li>\r\n<p><strong>Align Goals with Business Objectives:</strong></p>\r\n<ul>\r\n<li>Identify how social media can support broader business objectives, such as increasing revenue, improving brand awareness, or driving customer retention.</li>\r\n</ul>\r\n</li>\r\n<li>\r\n<p><strong>Set SMART Goals:</strong></p>\r\n<ul>\r\n<li>Define <strong>Specific, Measurable, Achievable, Relevant, and Time-bound</strong> (SMART) goals to ensure clarity and focus.</li>\r\n<li>Examples:\r\n<ul>\r\n<li>Increase Instagram followers by 20% within six months.</li>\r\n<li>Achieve a 15% engagement rate on all platforms within three months.</li>\r\n<li>Generate 500 qualified leads per month through LinkedIn.</li>\r\n</ul>\r\n</li>\r\n</ul>\r\n</li>\r\n<li>\r\n<p><strong>Categorize Goals:</strong></p>\r\n<ul>\r\n<li>Break down goals into categories such as:\r\n<ul>\r\n<li><strong>Awareness:</strong> Growing audience size or brand visibility.</li>\r\n<li><strong>Engagement:</strong> Increasing likes, shares, comments, or other interactions.</li>\r\n<li><strong>Conversion:</strong> Driving website traffic, sign-ups, or purchases.</li>\r\n</ul>\r\n</li>\r\n</ul>\r\n</li>\r\n<li>\r\n<p><strong>Incorporate Regional and Global Perspectives:</strong></p>\r\n<ul>\r\n<li>Ensure goals address the needs of both global audiences and regional markets, balancing brand consistency with local relevance.</li>\r\n</ul>\r\n</li>\r\n<li>\r\n<p><strong>Involve Stakeholders:</strong></p>\r\n<ul>\r\n<li>Collaborate with marketing, sales, and executive teams to ensure alignment and buy-in for social media goals.</li>\r\n</ul>\r\n</li>\r\n<li>\r\n<p><strong>Set Platform-Specific Goals:</strong></p>\r\n<ul>\r\n<li>Tailor objectives for individual platforms based on their unique characteristics. For example:\r\n<ul>\r\n<li>LinkedIn: Increase B2B leads.</li>\r\n<li>Instagram: Enhance visual storytelling.</li>\r\n<li>TikTok: Expand reach among younger audiences.</li>\r\n</ul>\r\n</li>\r\n</ul>\r\n</li>\r\n<li>\r\n<p><strong>Prioritize Goals:</strong></p>\r\n<ul>\r\n<li>Rank goals by importance and feasibility to focus resources effectively.</li>\r\n</ul>\r\n</li>\r\n<li>\r\n<p><strong>Define Success Metrics:</strong></p>\r\n<ul>\r\n<li>Establish key performance indicators (KPIs) for each goal to measure progress.</li>\r\n<li>Examples: follower growth, CTR, conversion rate, or cost-per-lead (CPL).</li>\r\n</ul>\r\n</li>\r\n<li>\r\n<p><strong>Create a Goal Tracking System:</strong></p>\r\n<ul>\r\n<li>Use tools like spreadsheets or project management software to track progress and adjust strategies as needed.</li>\r\n</ul>\r\n</li>\r\n<li>\r\n<p><strong>Communicate Goals Across Teams:</strong></p>\r\n<ul>\r\n<li>Share the finalized goals with all relevant teams to ensure everyone is aligned and understands their role in achieving them.</li>\r\n</ul>\r\n</li>\r\n</ol>', 72, 15, '2025-02-24', '2025-02-28', NULL, 1, 1, NULL, '2025-02-09 23:44:48', '2025-02-09 23:49:36'),
(165, 3, 24, 'Research Target Audiences', '<h4><strong>Description:</strong></h4>\r\n<p>Understanding your target audience is critical for creating content and campaigns that resonate. This task involves gathering detailed insights into the demographics, preferences, and behaviors of the audience across global and regional markets.</p>\r\n<hr>\r\n<h4><strong>Steps to Complete:</strong></h4>\r\n<ol>\r\n<li>\r\n<p><strong>Identify Key Audience Segments:</strong></p>\r\n<ul>\r\n<li>Break down the audience into segments based on factors like age, gender, location, occupation, and interests.</li>\r\n<li>Include both current and potential customers.</li>\r\n</ul>\r\n</li>\r\n<li>\r\n<p><strong>Analyze Existing Data:</strong></p>\r\n<ul>\r\n<li>Use insights from social media analytics tools (e.g., Facebook Insights, Instagram Analytics) to understand who is engaging with your content.</li>\r\n<li>Leverage CRM or sales data to identify common audience traits.</li>\r\n</ul>\r\n</li>\r\n<li>\r\n<p><strong>Conduct Market Research:</strong></p>\r\n<ul>\r\n<li>Perform surveys, polls, and focus groups to gain firsthand insights into audience preferences and expectations.</li>\r\n<li>Research industry reports to understand broader trends influencing your audience.</li>\r\n</ul>\r\n</li>\r\n<li>\r\n<p><strong>Study Regional Variations:</strong></p>\r\n<ul>\r\n<li>Gather information about cultural preferences, language nuances, and popular trends in each region to tailor strategies effectively.</li>\r\n</ul>\r\n</li>\r\n<li>\r\n<p><strong>Review Competitor Audiences:</strong></p>\r\n<ul>\r\n<li>Analyze competitors&rsquo; audiences using tools like SEMrush or social media analytics to identify underserved segments or areas of opportunity.</li>\r\n</ul>\r\n</li>\r\n<li>\r\n<p><strong>Define Personas:</strong></p>\r\n<ul>\r\n<li>Create detailed audience personas for each segment, including information like:\r\n<ul>\r\n<li>Name and age group.</li>\r\n<li>Occupation and lifestyle.</li>\r\n<li>Preferred social media platforms.</li>\r\n<li>Pain points and goals.</li>\r\n<li>Content preferences (e.g., videos, blogs, infographics).</li>\r\n</ul>\r\n</li>\r\n</ul>\r\n</li>\r\n<li>\r\n<p><strong>Understand Behavioral Patterns:</strong></p>\r\n<ul>\r\n<li>Determine when your audience is most active on social media.</li>\r\n<li>Identify the types of content they share, comment on, or save.</li>\r\n</ul>\r\n</li>\r\n<li>\r\n<p><strong>Gather Platform-Specific Insights:</strong></p>\r\n<ul>\r\n<li>Research how your target audience uses each platform. For example:\r\n<ul>\r\n<li>LinkedIn for professional content.</li>\r\n<li>TikTok for entertainment and short videos.</li>\r\n<li>Instagram for visually rich posts and stories.</li>\r\n</ul>\r\n</li>\r\n</ul>\r\n</li>\r\n<li>\r\n<p><strong>Use Advanced Tools for Insights:</strong></p>\r\n<ul>\r\n<li>Utilize AI-driven tools like Hootsuite, Sprout Social, or Google Analytics for deeper analysis of audience behaviors and trends.</li>\r\n</ul>\r\n</li>\r\n<li>\r\n<p><strong>Compile a Comprehensive Report:</strong></p>\r\n<ul>\r\n<li>Organize all findings into a clear and actionable report. Include key demographics, behaviors, and content preferences.</li>\r\n<li>Highlight actionable insights for each audience segment and platform.</li>\r\n</ul>\r\n</li>\r\n</ol>', 0, NULL, '2025-03-01', '2025-03-22', NULL, 1, 1, NULL, '2025-02-09 23:44:55', '2025-02-09 23:51:44'),
(166, 3, 24, 'Develop a Comprehensive Content Strategy', '<h4><strong>Description:</strong></h4>\r\n<p>A well-structured content strategy is the backbone of a successful global social media campaign. This task focuses on defining the types of content, themes, posting schedules, and formats that align with the audience&rsquo;s preferences and the project&rsquo;s goals.</p>\r\n<hr>\r\n<h4><strong>Steps to Complete:</strong></h4>\r\n<ol>\r\n<li>\r\n<p><strong>Set Content Objectives:</strong></p>\r\n<ul>\r\n<li>Identify the purpose of your content, such as driving engagement, educating the audience, or increasing brand awareness.</li>\r\n<li>Ensure each content piece aligns with the global social media goals established earlier.</li>\r\n</ul>\r\n</li>\r\n<li>\r\n<p><strong>Define Content Pillars:</strong></p>\r\n<ul>\r\n<li>Establish the primary themes or topics that reflect the brand&rsquo;s identity and resonate with the audience.</li>\r\n<li>Examples:\r\n<ul>\r\n<li>Thought leadership and industry insights.</li>\r\n<li>Behind-the-scenes glimpses of company culture.</li>\r\n<li>User-generated content and testimonials.</li>\r\n</ul>\r\n</li>\r\n</ul>\r\n</li>\r\n<li>\r\n<p><strong>Select Content Formats:</strong></p>\r\n<ul>\r\n<li>Determine the most effective formats for each platform, such as:\r\n<ul>\r\n<li>Instagram: Stories, reels, and carousels.</li>\r\n<li>LinkedIn: Articles, polls, and infographics.</li>\r\n<li>TikTok: Short, engaging videos.</li>\r\n</ul>\r\n</li>\r\n</ul>\r\n</li>\r\n<li>\r\n<p><strong>Create a Content Calendar:</strong></p>\r\n<ul>\r\n<li>Develop a posting schedule that includes dates, times, and platforms for each piece of content.</li>\r\n<li>Ensure a balance of promotional, educational, and entertaining posts.</li>\r\n</ul>\r\n</li>\r\n<li>\r\n<p><strong>Incorporate Regional Adaptations:</strong></p>\r\n<ul>\r\n<li>Tailor content to fit regional markets by including local trends, language preferences, and culturally relevant visuals.</li>\r\n</ul>\r\n</li>\r\n<li>\r\n<p><strong>Establish Brand Guidelines:</strong></p>\r\n<ul>\r\n<li>Develop a style guide for tone, voice, visuals, and branding elements to ensure consistency across all platforms.</li>\r\n</ul>\r\n</li>\r\n<li>\r\n<p><strong>Leverage Influencers and Partnerships:</strong></p>\r\n<ul>\r\n<li>Identify influencers or brand ambassadors who can amplify your message to their followers.</li>\r\n<li>Collaborate with partners for co-branded content.</li>\r\n</ul>\r\n</li>\r\n<li>\r\n<p><strong>Plan for Engagement-Driven Content:</strong></p>\r\n<ul>\r\n<li>Include interactive content such as polls, Q&amp;A sessions, and contests to foster audience participation.</li>\r\n</ul>\r\n</li>\r\n<li>\r\n<p><strong>Repurpose Content Strategically:</strong></p>\r\n<ul>\r\n<li>Maximize efficiency by repurposing content across platforms.</li>\r\n<li>For example, transform a blog post into an infographic or a webinar into a series of short videos.</li>\r\n</ul>\r\n</li>\r\n<li>\r\n<p><strong>Allocate Resources for Content Creation:</strong></p>\r\n<ul>\r\n<li>Assign roles and responsibilities for content creation, such as copywriting, graphic design, and video production.</li>\r\n<li>Ensure teams have access to necessary tools and software.</li>\r\n</ul>\r\n</li>\r\n<li>\r\n<p><strong>Test and Iterate:</strong></p>\r\n<ul>\r\n<li>Experiment with different types of content to identify what resonates most with your audience.</li>\r\n<li>Use analytics to refine and optimize your strategy continuously.</li>\r\n</ul>\r\n</li>\r\n<li>\r\n<p><strong>Document the Strategy:</strong></p>\r\n<ul>\r\n<li>Compile the strategy into a formal document to guide the team and ensure consistency.</li>\r\n</ul>\r\n</li>\r\n</ol>', 0, NULL, '2025-03-24', '2025-03-31', NULL, 1, 1, NULL, '2025-02-09 23:51:57', '2025-02-09 23:52:52'),
(167, 3, 24, 'Establish Platform-Specific Strategies', '<h4><strong>Description:</strong></h4>\r\n<p>Each social media platform has unique features, audience preferences, and engagement dynamics. This task focuses on tailoring strategies for individual platforms to maximize their potential and ensure content resonates effectively with users.</p>\r\n<hr>\r\n<h4><strong>Steps to Complete:</strong></h4>\r\n<ol>\r\n<li>\r\n<p><strong>Analyze Platform Demographics:</strong></p>\r\n<ul>\r\n<li>Study the user base for each platform (e.g., Instagram, LinkedIn, TikTok, Twitter).</li>\r\n<li>Understand which audience segments are most active on each platform and align content accordingly.</li>\r\n</ul>\r\n</li>\r\n<li>\r\n<p><strong>Identify Platform Strengths:</strong></p>\r\n<ul>\r\n<li>Highlight the strengths of each platform, such as LinkedIn for B2B networking, Instagram for visual storytelling, or TikTok for short-form entertainment.</li>\r\n</ul>\r\n</li>\r\n<li>\r\n<p><strong>Tailor Content Formats:</strong></p>\r\n<ul>\r\n<li>Define specific formats for each platform:\r\n<ul>\r\n<li>Instagram: High-quality images, reels, and stories.</li>\r\n<li>TikTok: Short, creative, and trend-based videos.</li>\r\n<li>LinkedIn: Professional articles, thought leadership posts, and industry updates.</li>\r\n</ul>\r\n</li>\r\n</ul>\r\n</li>\r\n<li>\r\n<p><strong>Customize Engagement Approaches:</strong></p>\r\n<ul>\r\n<li>Plan platform-specific engagement strategies:\r\n<ul>\r\n<li>Instagram: Respond to comments and DMs quickly.</li>\r\n<li>Twitter: Actively participate in trending topics or hashtags.</li>\r\n<li>TikTok: Collaborate with creators or jump on viral challenges.</li>\r\n</ul>\r\n</li>\r\n</ul>\r\n</li>\r\n<li>\r\n<p><strong>Set Frequency and Timing:</strong></p>\r\n<ul>\r\n<li>Determine the ideal posting frequency for each platform based on audience activity patterns.</li>\r\n<li>Schedule posts to maximize visibility during peak engagement times.</li>\r\n</ul>\r\n</li>\r\n<li>\r\n<p><strong>Utilize Platform Tools:</strong></p>\r\n<ul>\r\n<li>Leverage native tools to enhance content, such as Instagram filters, LinkedIn polls, or Twitter spaces.</li>\r\n</ul>\r\n</li>\r\n<li>\r\n<p><strong>Plan Paid Campaigns:</strong></p>\r\n<ul>\r\n<li>Develop platform-specific paid strategies for promoted posts, ads, and sponsored content.</li>\r\n<li>Target audiences precisely using the platform&rsquo;s ad tools (e.g., Facebook Ads Manager, LinkedIn Campaign Manager).</li>\r\n</ul>\r\n</li>\r\n<li>\r\n<p><strong>Monitor Competitors:</strong></p>\r\n<ul>\r\n<li>Analyze competitors&rsquo; strategies on each platform to identify successful tactics or gaps to exploit.</li>\r\n</ul>\r\n</li>\r\n<li>\r\n<p><strong>Leverage Analytics:</strong></p>\r\n<ul>\r\n<li>Use platform analytics (e.g., Instagram Insights, LinkedIn Analytics) to track performance and refine strategies.</li>\r\n</ul>\r\n</li>\r\n<li>\r\n<p><strong>Integrate Platform Cross-Promotion:</strong></p>\r\n<ul>\r\n<li>Strategize ways to cross-promote content between platforms.</li>\r\n<li>Example: Use Instagram stories to highlight a LinkedIn article or share TikTok videos on Instagram reels.</li>\r\n</ul>\r\n</li>\r\n<li>\r\n<p><strong>Train the Team:</strong></p>\r\n<ul>\r\n<li>Provide platform-specific training for team members to ensure they understand unique features and engagement practices for each channel.</li>\r\n</ul>\r\n</li>\r\n<li>\r\n<p><strong>Document Strategies:</strong></p>\r\n<ul>\r\n<li>Compile individual platform strategies into a single guide for easy reference and consistent execution.</li>\r\n</ul>\r\n</li>\r\n</ol>', 0, NULL, '2025-04-01', '2025-04-19', NULL, 1, 1, NULL, '2025-02-09 23:53:45', '2025-02-09 23:55:17'),
(168, 3, 24, 'Design and Develop Creative Assets', '<h4><strong>Description:</strong></h4>\r\n<p>Creative assets are the visual and multimedia components that capture attention and convey messages effectively. This task involves designing high-quality visuals, videos, and other media tailored to the project&rsquo;s objectives and audience preferences.</p>\r\n<hr>\r\n<h4><strong>Steps to Complete:</strong></h4>\r\n<ol>\r\n<li>\r\n<p><strong>Define Asset Requirements:</strong></p>\r\n<ul>\r\n<li>Identify the types of creative assets needed for each platform, such as:\r\n<ul>\r\n<li>Instagram: Carousel posts, reels, and infographics.</li>\r\n<li>LinkedIn: Professional banners and infographics.</li>\r\n<li>TikTok: Short-form videos with engaging transitions.</li>\r\n</ul>\r\n</li>\r\n</ul>\r\n</li>\r\n<li>\r\n<p><strong>Create a Visual Style Guide:</strong></p>\r\n<ul>\r\n<li>Develop guidelines for colors, typography, logos, and imagery to ensure brand consistency.</li>\r\n<li>Include specific rules for platform adaptation (e.g., square vs. vertical images).</li>\r\n</ul>\r\n</li>\r\n<li>\r\n<p><strong>Plan for Multimedia Content:</strong></p>\r\n<ul>\r\n<li>Allocate resources for video production, GIFs, animations, and other multimedia elements.</li>\r\n<li>Create dynamic content like motion graphics or live videos to increase engagement.</li>\r\n</ul>\r\n</li>\r\n<li>\r\n<p><strong>Collaborate with Designers and Creators:</strong></p>\r\n<ul>\r\n<li>Work closely with graphic designers, videographers, and content creators to bring ideas to life.</li>\r\n<li>Provide clear briefs outlining the purpose, target audience, and platform requirements for each asset.</li>\r\n</ul>\r\n</li>\r\n<li>\r\n<p><strong>Leverage Stock Resources:</strong></p>\r\n<ul>\r\n<li>Utilize high-quality stock photos, videos, and illustrations where custom designs are not feasible.</li>\r\n<li>Ensure all assets are licensed and appropriate for commercial use.</li>\r\n</ul>\r\n</li>\r\n<li>\r\n<p><strong>Optimize for Platform Specifications:</strong></p>\r\n<ul>\r\n<li>Design assets to meet each platform\'s technical requirements, such as resolution, aspect ratio, and file size.</li>\r\n<li>Example:\r\n<ul>\r\n<li>Instagram stories: 1080x1920 pixels.</li>\r\n<li>LinkedIn posts: 1200x628 pixels.</li>\r\n</ul>\r\n</li>\r\n</ul>\r\n</li>\r\n<li>\r\n<p><strong>Ensure Accessibility:</strong></p>\r\n<ul>\r\n<li>Add alt text for images and captions for videos to make content accessible to all users.</li>\r\n<li>Use clear, high-contrast designs to improve readability.</li>\r\n</ul>\r\n</li>\r\n<li>\r\n<p><strong>Create Templates for Efficiency:</strong></p>\r\n<ul>\r\n<li>Develop reusable templates for recurring content, such as announcements, quotes, or updates.</li>\r\n</ul>\r\n</li>\r\n<li>\r\n<p><strong>Test and Iterate:</strong></p>\r\n<ul>\r\n<li>Review initial designs with team members or focus groups for feedback.</li>\r\n<li>Make improvements based on audience preferences and engagement data.</li>\r\n</ul>\r\n</li>\r\n<li>\r\n<p><strong>Maintain a Content Library:</strong></p>\r\n<ul>\r\n<li>Organize all creative assets in a centralized library for easy access by team members.</li>\r\n<li>Include version tracking for updates and improvements.</li>\r\n</ul>\r\n</li>\r\n<li>\r\n<p><strong>Align with Campaign Themes:</strong></p>\r\n<ul>\r\n<li>Ensure that all assets align with the overall campaign message and visual identity.</li>\r\n</ul>\r\n</li>\r\n<li>\r\n<p><strong>Track Performance of Assets:</strong></p>\r\n<ul>\r\n<li>Use analytics tools to measure the success of creative elements in driving engagement.</li>\r\n<li>Optimize future designs based on performance data.</li>\r\n</ul>\r\n</li>\r\n</ol>', 0, NULL, '2025-04-21', '2025-04-30', NULL, 1, 1, NULL, '2025-02-09 23:55:59', '2025-02-09 23:57:29'),
(169, 3, 24, 'Launch the Social Media Campaign', '<h4><strong>Description:</strong></h4>\r\n<p>This task focuses on executing the campaign across all identified social media platforms. It involves scheduling posts, activating ads, coordinating with influencers, and ensuring a seamless rollout of the campaign to engage the target audience effectively.</p>\r\n<hr>\r\n<h4><strong>Steps to Complete:</strong></h4>\r\n<ol>\r\n<li>\r\n<p><strong>Finalize the Campaign Schedule:</strong></p>\r\n<ul>\r\n<li>Review the content calendar to confirm posting dates and times.</li>\r\n<li>Ensure the schedule considers peak engagement periods for each platform.</li>\r\n</ul>\r\n</li>\r\n<li>\r\n<p><strong>Upload and Schedule Content:</strong></p>\r\n<ul>\r\n<li>Use social media management tools like Hootsuite, Buffer, or Sprout Social to schedule posts in advance.</li>\r\n<li>Include captions, hashtags, and links tailored to each platform.</li>\r\n</ul>\r\n</li>\r\n<li>\r\n<p><strong>Activate Paid Campaigns:</strong></p>\r\n<ul>\r\n<li>Set up ad campaigns using tools like Facebook Ads Manager or LinkedIn Campaign Manager.</li>\r\n<li>Define target audiences, budgets, and campaign objectives for each ad.</li>\r\n</ul>\r\n</li>\r\n<li>\r\n<p><strong>Coordinate with Influencers and Partners:</strong></p>\r\n<ul>\r\n<li>Ensure influencers and partners are briefed on posting guidelines and campaign timelines.</li>\r\n<li>Provide them with necessary creative assets and hashtags.</li>\r\n</ul>\r\n</li>\r\n<li>\r\n<p><strong>Monitor Rollout:</strong></p>\r\n<ul>\r\n<li>Assign team members to oversee the launch on each platform.</li>\r\n<li>Watch for issues such as incorrect posts or scheduling errors and resolve them quickly.</li>\r\n</ul>\r\n</li>\r\n<li>\r\n<p><strong>Engage with the Audience:</strong></p>\r\n<ul>\r\n<li>Respond to comments, messages, and mentions promptly to build engagement.</li>\r\n<li>Share user-generated content and highlight customer interactions.</li>\r\n</ul>\r\n</li>\r\n<li>\r\n<p><strong>Implement Real-Time Adjustments:</strong></p>\r\n<ul>\r\n<li>Monitor initial performance metrics and tweak content, targeting, or schedules as needed.</li>\r\n<li>Address negative feedback or technical issues proactively.</li>\r\n</ul>\r\n</li>\r\n<li>\r\n<p><strong>Promote Across Channels:</strong></p>\r\n<ul>\r\n<li>Use email newsletters, website banners, and other digital channels to amplify the campaign&rsquo;s reach.</li>\r\n<li>Encourage employees to share campaign posts on their personal networks.</li>\r\n</ul>\r\n</li>\r\n<li>\r\n<p><strong>Track Initial Metrics:</strong></p>\r\n<ul>\r\n<li>Begin collecting data on impressions, clicks, engagement, and conversions to evaluate early performance.</li>\r\n<li>Compare these metrics to predefined goals for insights.</li>\r\n</ul>\r\n</li>\r\n<li>\r\n<p><strong>Document the Launch Process:</strong></p>\r\n<ul>\r\n<li>Record key insights and outcomes from the launch for future reference and learning.</li>\r\n</ul>\r\n</li>\r\n<li>\r\n<p><strong>Provide Regular Updates to Stakeholders:</strong></p>\r\n<ul>\r\n<li>Share a summary of the campaign\'s launch status with team members, managers, and clients.</li>\r\n<li>Highlight successes and address any concerns transparently.</li>\r\n</ul>\r\n</li>\r\n<li>\r\n<p><strong>Celebrate the Launch:</strong></p>\r\n<ul>\r\n<li>Acknowledge the team\'s hard work with a small celebration or recognition.</li>\r\n<li>Motivate everyone to maintain momentum for the rest of the campaign.</li>\r\n</ul>\r\n</li>\r\n</ol>', 0, NULL, '2025-05-01', '2025-05-15', NULL, 1, 1, NULL, '2025-02-09 23:59:23', '2025-02-10 00:00:10'),
(170, 3, 24, 'Monitor and Optimize Campaign Performance', '<h4><strong>Description:</strong></h4>\r\n<p>After the campaign launch, continuous monitoring and optimization are essential to ensure its success. This task involves tracking key performance metrics, analyzing results, and making necessary adjustments to enhance the campaign&rsquo;s effectiveness.</p>\r\n<hr>\r\n<h4><strong>Steps to Complete:</strong></h4>\r\n<ol>\r\n<li>\r\n<p><strong>Set Up Monitoring Tools:</strong></p>\r\n<ul>\r\n<li>Use analytics platforms like Google Analytics, Facebook Insights, or Twitter Analytics to track campaign performance.</li>\r\n<li>Integrate these tools with your social media management system for centralized reporting.</li>\r\n</ul>\r\n</li>\r\n<li>\r\n<p><strong>Define Key Performance Indicators (KPIs):</strong></p>\r\n<ul>\r\n<li>Identify metrics such as reach, impressions, engagement rate, click-through rate (CTR), and conversions that align with campaign goals.</li>\r\n</ul>\r\n</li>\r\n<li>\r\n<p><strong>Track Real-Time Data:</strong></p>\r\n<ul>\r\n<li>Monitor how posts, ads, and other campaign elements are performing across platforms.</li>\r\n<li>Identify which content types are resonating most with the audience.</li>\r\n</ul>\r\n</li>\r\n<li>\r\n<p><strong>Analyze Audience Engagement:</strong></p>\r\n<ul>\r\n<li>Review audience interactions such as likes, shares, comments, and replies.</li>\r\n<li>Pinpoint which platforms and demographics are driving the highest engagement.</li>\r\n</ul>\r\n</li>\r\n<li>\r\n<p><strong>Evaluate Paid Campaigns:</strong></p>\r\n<ul>\r\n<li>Assess the performance of paid advertisements based on cost-per-click (CPC), return on ad spend (ROAS), and conversion rates.</li>\r\n<li>Adjust budgets, targeting, or ad creatives to improve ROI.</li>\r\n</ul>\r\n</li>\r\n<li>\r\n<p><strong>Identify Areas for Improvement:</strong></p>\r\n<ul>\r\n<li>Highlight underperforming content or strategies.</li>\r\n<li>Determine if adjustments are needed in messaging, visuals, or timing.</li>\r\n</ul>\r\n</li>\r\n<li>\r\n<p><strong>Conduct A/B Testing:</strong></p>\r\n<ul>\r\n<li>Test different versions of ads, captions, or creatives to see what works best.</li>\r\n<li>Use the results to refine the overall campaign strategy.</li>\r\n</ul>\r\n</li>\r\n<li>\r\n<p><strong>Optimize Posting Schedule:</strong></p>\r\n<ul>\r\n<li>Analyze performance data to determine the best times to post for maximum reach and engagement.</li>\r\n<li>Adjust the content calendar as needed.</li>\r\n</ul>\r\n</li>\r\n<li>\r\n<p><strong>Monitor Competitor Campaigns:</strong></p>\r\n<ul>\r\n<li>Keep an eye on competitor activity to identify trends or strategies worth adopting.</li>\r\n<li>Learn from their successes and mistakes.</li>\r\n</ul>\r\n</li>\r\n<li>\r\n<p><strong>Gather Team Feedback:</strong></p>\r\n<ul>\r\n<li>Regularly meet with the team to discuss observations and brainstorm solutions for challenges.</li>\r\n</ul>\r\n</li>\r\n<li>\r\n<p><strong>Document Insights:</strong></p>\r\n<ul>\r\n<li>Record what&rsquo;s working well and what isn&rsquo;t to inform future campaigns.</li>\r\n<li>Create a summary report with actionable recommendations.</li>\r\n</ul>\r\n</li>\r\n<li>\r\n<p><strong>Adapt Quickly:</strong></p>\r\n<ul>\r\n<li>Be prepared to pivot strategies or reallocate resources if certain tactics aren&rsquo;t delivering results.</li>\r\n</ul>\r\n</li>\r\n</ol>', 0, NULL, '2025-05-16', '2025-05-29', NULL, 1, 1, NULL, '2025-02-10 00:01:20', '2025-02-10 00:01:56'),
(171, 3, 24, 'Foster Community Engagement', '<h4><strong>Description:</strong></h4>\r\n<p>Building and nurturing a community around the campaign is crucial for its long-term success. This task focuses on engaging the audience through meaningful interactions, encouraging user-generated content, and creating a sense of belonging.</p>\r\n<hr>\r\n<h4><strong>Steps to Complete:</strong></h4>\r\n<ol>\r\n<li>\r\n<p><strong>Encourage User Interaction:</strong></p>\r\n<ul>\r\n<li>Ask engaging questions in posts to prompt audience participation.</li>\r\n<li>Host polls, quizzes, or challenges that align with the campaign theme.</li>\r\n</ul>\r\n</li>\r\n<li>\r\n<p><strong>Respond to Comments and Messages:</strong></p>\r\n<ul>\r\n<li>Assign team members to respond promptly to audience inquiries, feedback, or compliments.</li>\r\n<li>Show appreciation by liking and replying to user comments.</li>\r\n</ul>\r\n</li>\r\n<li>\r\n<p><strong>Highlight User-Generated Content (UGC):</strong></p>\r\n<ul>\r\n<li>Share content created by users related to the campaign, such as photos, reviews, or stories.</li>\r\n<li>Create a branded hashtag to collect and showcase UGC.</li>\r\n</ul>\r\n</li>\r\n<li>\r\n<p><strong>Organize Live Sessions:</strong></p>\r\n<ul>\r\n<li>Host live Q&amp;A sessions, webinars, or tutorials to engage directly with the audience.</li>\r\n<li>Invite influencers or experts to participate for added value.</li>\r\n</ul>\r\n</li>\r\n<li>\r\n<p><strong>Celebrate Milestones:</strong></p>\r\n<ul>\r\n<li>Announce and celebrate campaign milestones, such as reaching a certain number of followers or completing a project phase.</li>\r\n</ul>\r\n</li>\r\n<li>\r\n<p><strong>Create Exclusive Groups:</strong></p>\r\n<ul>\r\n<li>Form private groups or communities on platforms like Facebook or LinkedIn for loyal followers.</li>\r\n<li>Share exclusive content or updates to strengthen their connection with the brand.</li>\r\n</ul>\r\n</li>\r\n<li>\r\n<p><strong>Run Contests and Giveaways:</strong></p>\r\n<ul>\r\n<li>Launch interactive contests with exciting prizes to encourage participation.</li>\r\n<li>Ensure the rules are simple and align with the campaign objectives.</li>\r\n</ul>\r\n</li>\r\n<li>\r\n<p><strong>Share Behind-the-Scenes Content:</strong></p>\r\n<ul>\r\n<li>Offer a glimpse into the campaign creation process, such as team meetings or design work.</li>\r\n<li>Use stories or short videos to humanize the brand.</li>\r\n</ul>\r\n</li>\r\n<li>\r\n<p><strong>Leverage Stories and Reels:</strong></p>\r\n<ul>\r\n<li>Regularly post engaging short-form content, such as stories and reels, to maintain visibility.</li>\r\n<li>Highlight key moments or user contributions.</li>\r\n</ul>\r\n</li>\r\n<li>\r\n<p><strong>Acknowledge Top Supporters:</strong></p>\r\n<ul>\r\n<li>Give shoutouts to the most active or supportive followers.</li>\r\n<li>Create a sense of recognition and reward loyalty.</li>\r\n</ul>\r\n</li>\r\n<li>\r\n<p><strong>Conduct Surveys or Feedback Sessions:</strong></p>\r\n<ul>\r\n<li>Ask for audience opinions on the campaign or related topics.</li>\r\n<li>Use insights to improve ongoing efforts and demonstrate responsiveness.</li>\r\n</ul>\r\n</li>\r\n<li>\r\n<p><strong>Monitor Community Sentiment:</strong></p>\r\n<ul>\r\n<li>Keep track of how the audience feels about the campaign.</li>\r\n<li>Address any negative feedback constructively and maintain a positive atmosphere.</li>\r\n</ul>\r\n</li>\r\n</ol>', 71, 15, '2025-05-31', '2025-06-06', NULL, 1, 1, NULL, '2025-02-10 00:03:34', '2025-02-10 00:05:04'),
(172, 3, 24, 'Prepare and Present Final Campaign Report', '<h4><strong>Description:</strong></h4>\r\n<p>This task focuses on wrapping up the campaign by analyzing its overall performance and presenting the results to stakeholders. It involves gathering data, highlighting key achievements, identifying areas for improvement, and delivering actionable insights for future campaigns.</p>\r\n<hr>\r\n<h4><strong>Steps to Complete:</strong></h4>\r\n<ol>\r\n<li>\r\n<p><strong>Gather Campaign Data:</strong></p>\r\n<ul>\r\n<li>Collect metrics from all platforms, such as impressions, reach, engagement rates, click-through rates, conversions, and ROI.</li>\r\n<li>Include data from both organic and paid efforts.</li>\r\n</ul>\r\n</li>\r\n<li>\r\n<p><strong>Analyze Campaign Objectives:</strong></p>\r\n<ul>\r\n<li>Compare the final results against the predefined campaign goals.</li>\r\n<li>Identify whether objectives like increasing brand awareness, generating leads, or boosting engagement were achieved.</li>\r\n</ul>\r\n</li>\r\n<li>\r\n<p><strong>Highlight Key Achievements:</strong></p>\r\n<ul>\r\n<li>Showcase significant milestones, such as exceeding engagement targets, successful collaborations, or high-performing content.</li>\r\n<li>Include audience feedback and testimonials that reflect the campaign&rsquo;s impact.</li>\r\n</ul>\r\n</li>\r\n<li>\r\n<p><strong>Identify Challenges and Learnings:</strong></p>\r\n<ul>\r\n<li>Discuss any obstacles encountered during the campaign and how they were addressed.</li>\r\n<li>Document lessons learned to inform strategies for future campaigns.</li>\r\n</ul>\r\n</li>\r\n<li>\r\n<p><strong>Create Visual Summaries:</strong></p>\r\n<ul>\r\n<li>Use graphs, charts, and infographics to represent campaign data in a clear, visually appealing way.</li>\r\n<li>Highlight trends and patterns that support your analysis.</li>\r\n</ul>\r\n</li>\r\n<li>\r\n<p><strong>Prepare the Written Report:</strong></p>\r\n<ul>\r\n<li>Include an executive summary that provides an overview of the campaign&rsquo;s outcomes.</li>\r\n<li>Add detailed sections for each aspect of the campaign, including objectives, execution, performance, and recommendations.</li>\r\n</ul>\r\n</li>\r\n<li>\r\n<p><strong>Draft Actionable Recommendations:</strong></p>\r\n<ul>\r\n<li>Suggest improvements for future campaigns based on the data and feedback.</li>\r\n<li>Highlight successful strategies that should be replicated.</li>\r\n</ul>\r\n</li>\r\n<li>\r\n<p><strong>Organize a Stakeholder Presentation:</strong></p>\r\n<ul>\r\n<li>Prepare a concise, engaging presentation to share the campaign&rsquo;s results with stakeholders.</li>\r\n<li>Use slides with visuals, summaries, and key takeaways.</li>\r\n</ul>\r\n</li>\r\n<li>\r\n<p><strong>Conduct a Team Debrief:</strong></p>\r\n<ul>\r\n<li>Meet with the marketing team to review the report and discuss collective feedback.</li>\r\n<li>Recognize team contributions and celebrate accomplishments.</li>\r\n</ul>\r\n</li>\r\n<li>\r\n<p><strong>Archive Campaign Assets:</strong></p>\r\n<ul>\r\n<li>Organize all campaign materials, including content, reports, and data, for future reference.</li>\r\n<li>Maintain a centralized repository for easy access.</li>\r\n</ul>\r\n</li>\r\n<li>\r\n<p><strong>Share the Final Report:</strong></p>\r\n<ul>\r\n<li>Distribute the report to relevant stakeholders, including team members, clients, and management.</li>\r\n<li>Invite questions or suggestions for further clarification.</li>\r\n</ul>\r\n</li>\r\n<li>\r\n<p><strong>Plan for Post-Campaign Follow-Up:</strong></p>\r\n<ul>\r\n<li>Set a timeline for evaluating the long-term impact of the campaign.</li>\r\n<li>Schedule a follow-up meeting to revisit the campaign&rsquo;s influence on broader goals.</li>\r\n</ul>\r\n</li>\r\n</ol>', 71, 15, '2025-06-07', '2025-06-19', NULL, 1, 1, NULL, '2025-02-10 00:08:19', '2025-02-10 00:09:59'),
(173, 3, 24, 'Conduct Post-Campaign Audience Survey', '<h4><strong>Description:</strong></h4>\r\n<p>This task involves gathering direct feedback from the target audience to assess their perceptions and experiences with the campaign. The insights gained can help refine future marketing strategies and strengthen brand alignment with audience expectations.</p>\r\n<hr>\r\n<h4><strong>Steps to Complete:</strong></h4>\r\n<ol>\r\n<li>\r\n<p><strong>Design the Survey:</strong></p>\r\n<ul>\r\n<li>Use tools like Google Forms, Typeform, or SurveyMonkey to create the survey.</li>\r\n<li>Include a mix of multiple-choice, rating scale, and open-ended questions.</li>\r\n</ul>\r\n</li>\r\n<li>\r\n<p><strong>Key Questions to Include:</strong></p>\r\n<ul>\r\n<li>Did the campaign message resonate with you?</li>\r\n<li>How did you hear about this campaign?</li>\r\n<li>What aspects of the campaign did you find most engaging?</li>\r\n<li>Were there any areas for improvement?</li>\r\n<li>Would you be interested in participating in similar campaigns in the future?</li>\r\n</ul>\r\n</li>\r\n<li>\r\n<p><strong>Distribute the Survey:</strong></p>\r\n<ul>\r\n<li>Share the survey through email newsletters, social media posts, or direct messages.</li>\r\n<li>Consider offering small incentives like discount codes or exclusive content for participation.</li>\r\n</ul>\r\n</li>\r\n<li>\r\n<p><strong>Target Diverse Respondents:</strong></p>\r\n<ul>\r\n<li>Ensure responses come from various audience segments to capture diverse perspectives.</li>\r\n<li>Include both loyal customers and new followers.</li>\r\n</ul>\r\n</li>\r\n<li>\r\n<p><strong>Collect Responses:</strong></p>\r\n<ul>\r\n<li>Set a deadline for survey completion to encourage timely participation.</li>\r\n<li>Monitor response rates and send reminders if necessary.</li>\r\n</ul>\r\n</li>\r\n<li>\r\n<p><strong>Analyze Feedback:</strong></p>\r\n<ul>\r\n<li>Review quantitative data to identify trends and common themes.</li>\r\n<li>Extract key insights from open-ended responses for qualitative analysis.</li>\r\n</ul>\r\n</li>\r\n<li>\r\n<p><strong>Identify Strengths and Weaknesses:</strong></p>\r\n<ul>\r\n<li>Highlight what the audience appreciated most about the campaign.</li>\r\n<li>Note suggestions or criticisms for areas that need improvement.</li>\r\n</ul>\r\n</li>\r\n<li>\r\n<p><strong>Summarize Findings:</strong></p>\r\n<ul>\r\n<li>Create a concise report summarizing the survey results.</li>\r\n<li>Use charts or infographics to present data clearly and visually.</li>\r\n</ul>\r\n</li>\r\n<li>\r\n<p><strong>Share Insights with the Team:</strong></p>\r\n<ul>\r\n<li>Discuss the survey findings in a team meeting.</li>\r\n<li>Brainstorm actionable steps based on the audience feedback.</li>\r\n</ul>\r\n</li>\r\n<li>\r\n<p><strong>Incorporate Feedback into Future Plans:</strong></p>\r\n<ul>\r\n<li>Update your marketing strategies to address audience preferences and suggestions.</li>\r\n<li>Use the insights to refine messaging, visuals, and engagement tactics for future campaigns.</li>\r\n</ul>\r\n</li>\r\n<li>\r\n<p><strong>Express Gratitude:</strong></p>\r\n<ul>\r\n<li>Thank survey participants through a follow-up email or social media post.</li>\r\n<li>Share a brief summary of key survey insights with your audience to show their input matters.</li>\r\n</ul>\r\n</li>\r\n<li>\r\n<p><strong>Monitor Long-Term Impact:</strong></p>\r\n<ul>\r\n<li>Track how the survey results influence subsequent campaigns and overall brand perception.</li>\r\n<li>Revisit these insights during planning sessions for new initiatives.</li>\r\n</ul>\r\n</li>\r\n</ol>', 71, 15, '2025-06-20', '2025-06-26', NULL, 1, 1, NULL, '2025-02-10 00:10:19', '2025-02-10 00:12:01'),
(174, 3, 24, 'Establish Post-Campaign Engagement Plan', '<h4><strong>Description:</strong></h4>\r\n<p>The final task focuses on maintaining the momentum generated during the campaign. By creating a post-campaign engagement plan, the marketing team can ensure sustained interaction with the audience, strengthen brand loyalty, and set the foundation for future campaigns.</p>\r\n<hr>\r\n<h4><strong>Steps to Complete:</strong></h4>\r\n<ol>\r\n<li>\r\n<p><strong>Analyze Campaign Impact on Audience Growth:</strong></p>\r\n<ul>\r\n<li>Review new followers, email subscribers, or community members acquired during the campaign.</li>\r\n<li>Assess which audience segments showed the most interest.</li>\r\n</ul>\r\n</li>\r\n<li>\r\n<p><strong>Plan Ongoing Content:</strong></p>\r\n<ul>\r\n<li>Schedule regular social media updates, blog posts, or newsletters to keep the audience engaged.</li>\r\n<li>Share relevant updates, behind-the-scenes stories, or upcoming initiatives.</li>\r\n</ul>\r\n</li>\r\n<li>\r\n<p><strong>Personalized Follow-Ups:</strong></p>\r\n<ul>\r\n<li>Send thank-you emails or messages to participants and contributors.</li>\r\n<li>Provide personalized recommendations or offers based on campaign interactions.</li>\r\n</ul>\r\n</li>\r\n<li>\r\n<p><strong>Leverage Campaign Highlights:</strong></p>\r\n<ul>\r\n<li>Repurpose successful campaign content into evergreen formats like infographics, case studies, or videos.</li>\r\n<li>Create &ldquo;Best Moments&rdquo; posts or compilations to relive campaign success.</li>\r\n</ul>\r\n</li>\r\n<li>\r\n<p><strong>Promote Related Products or Services:</strong></p>\r\n<ul>\r\n<li>Highlight products, services, or events that align with the campaign theme.</li>\r\n<li>Offer exclusive deals to maintain interest and encourage conversions.</li>\r\n</ul>\r\n</li>\r\n<li>\r\n<p><strong>Engage with New Audience Members:</strong></p>\r\n<ul>\r\n<li>Welcome new followers or subscribers with a friendly message.</li>\r\n<li>Introduce them to the brand&rsquo;s ongoing initiatives or core values.</li>\r\n</ul>\r\n</li>\r\n<li>\r\n<p><strong>Launch a Loyalty Program:</strong></p>\r\n<ul>\r\n<li>Reward campaign supporters with exclusive perks like discounts, early access, or branded merchandise.</li>\r\n<li>Encourage continued engagement through a points-based system.</li>\r\n</ul>\r\n</li>\r\n<li>\r\n<p><strong>Seek Collaborations:</strong></p>\r\n<ul>\r\n<li>Partner with influencers, businesses, or organizations who engaged during the campaign.</li>\r\n<li>Co-create content or initiatives to expand reach and visibility.</li>\r\n</ul>\r\n</li>\r\n<li>\r\n<p><strong>Host a Thank-You Event:</strong></p>\r\n<ul>\r\n<li>Organize a virtual or in-person event to celebrate the campaign&rsquo;s success with the audience.</li>\r\n<li>Share campaign insights, showcase user contributions, and outline future plans.</li>\r\n</ul>\r\n</li>\r\n<li>\r\n<p><strong>Monitor Engagement Metrics Post-Campaign:</strong></p>\r\n<ul>\r\n<li>Track how audience interactions evolve after the campaign concludes.</li>\r\n<li>Identify content types or strategies that maintain high engagement levels.</li>\r\n</ul>\r\n</li>\r\n<li>\r\n<p><strong>Create a Campaign Reflection Blog or Video:</strong></p>\r\n<ul>\r\n<li>Share a transparent reflection on the campaign&rsquo;s journey, challenges, and successes.</li>\r\n<li>Include testimonials, stats, and visuals to inspire and connect with the audience.</li>\r\n</ul>\r\n</li>\r\n<li>\r\n<p><strong>Prepare for the Next Campaign:</strong></p>\r\n<ul>\r\n<li>Use the insights and momentum gained from this campaign to strategize the next one.</li>\r\n<li>Build a roadmap for continuous audience engagement between campaigns.</li>\r\n</ul>\r\n</li>\r\n</ol>', 71, 15, '2025-06-27', '2025-06-30', NULL, 1, 1, NULL, '2025-02-10 00:12:41', '2025-02-10 00:13:48'),
(175, 3, 25, 'Conduct Market Research', '<h4><strong>Description:</strong></h4>\r\n<p>Market research is the foundation for a successful product launch. This task involves identifying and understanding the target audience, assessing the competitive landscape, and analyzing market trends. The goal is to ensure the product aligns with consumer expectations while filling a gap in the eco-friendly product market.</p>\r\n<hr>\r\n<h4><strong>Steps to Complete:</strong></h4>\r\n<ol>\r\n<li>\r\n<p><strong>Define Objectives:</strong></p>\r\n<ul>\r\n<li>Clarify what information is required, such as customer preferences, buying habits, and pain points.</li>\r\n<li>Establish how this data will influence the product&rsquo;s marketing and positioning strategy.</li>\r\n</ul>\r\n</li>\r\n<li>\r\n<p><strong>Segment the Audience:</strong></p>\r\n<ul>\r\n<li>Divide the market into segments based on demographics (age, gender, income), psychographics (values, lifestyle), and behavior (purchase habits, product usage).</li>\r\n<li>Identify eco-conscious consumer groups who would benefit most from the sustainable product.</li>\r\n</ul>\r\n</li>\r\n<li>\r\n<p><strong>Conduct Surveys and Interviews:</strong></p>\r\n<ul>\r\n<li>Develop online surveys targeting potential customers to learn about their expectations for sustainable products.</li>\r\n<li>Organize focus groups or interviews with eco-conscious consumers to understand their values and purchasing criteria.</li>\r\n</ul>\r\n</li>\r\n<li>\r\n<p><strong>Analyze Competitors:</strong></p>\r\n<ul>\r\n<li>Identify direct and indirect competitors offering sustainable products.</li>\r\n<li>Evaluate their strengths, weaknesses, and unique selling points.</li>\r\n<li>Note pricing strategies, customer reviews, and marketing approaches.</li>\r\n</ul>\r\n</li>\r\n<li>\r\n<p><strong>Explore Market Trends:</strong></p>\r\n<ul>\r\n<li>Research trends in sustainability, such as materials, packaging, and certifications.</li>\r\n<li>Study shifts in consumer demand, like preferences for locally sourced or zero-waste products.</li>\r\n</ul>\r\n</li>\r\n<li>\r\n<p><strong>Compile Findings:</strong></p>\r\n<ul>\r\n<li>Organize data into categories such as audience insights, competitor analysis, and emerging trends.</li>\r\n<li>Highlight key opportunities, like unmet consumer needs or potential product differentiators.</li>\r\n</ul>\r\n</li>\r\n<li>\r\n<p><strong>Develop Personas:</strong></p>\r\n<ul>\r\n<li>Create detailed customer personas that reflect the target audience&rsquo;s characteristics, needs, and motivations.</li>\r\n<li>Use these personas to guide content creation and marketing strategies.</li>\r\n</ul>\r\n</li>\r\n<li>\r\n<p><strong>Prepare a Market Research Report:</strong></p>\r\n<ul>\r\n<li>Summarize findings in an accessible format for stakeholders.</li>\r\n<li>Include actionable insights and recommendations for the next stages of the project.</li>\r\n</ul>\r\n</li>\r\n</ol>\r\n<hr>\r\n<h4><strong>Tools and Resources Needed:</strong></h4>\r\n<ul>\r\n<li><strong>Survey Platforms:</strong> Google Forms, SurveyMonkey, or Typeform for collecting data.</li>\r\n<li><strong>Analytics Tools:</strong> Google Trends, SEMrush, or Statista for trend analysis.</li>\r\n<li><strong>Competitor Tools:</strong> SWOT analysis templates and tools like SimilarWeb or Ahrefs.</li>\r\n</ul>', 0, 15, '2025-02-10', '2025-02-28', NULL, 0, 1, NULL, '2025-02-10 01:05:49', '2025-02-10 01:38:19'),
(176, 3, 25, 'Define Unique Selling Points (USPs)', '<h4><strong>Description:</strong></h4>\r\n<p>This task involves identifying and articulating the key features that make the sustainable product distinct and valuable to the target audience. The USPs should address customer needs, highlight the product\'s benefits, and emphasize its alignment with environmental and ethical standards. These unique points will be central to all marketing and branding efforts.</p>\r\n<hr>\r\n<h4><strong>Steps to Complete:</strong></h4>\r\n<ol>\r\n<li>\r\n<p><strong>Analyze Product Features:</strong></p>\r\n<ul>\r\n<li>Review all product attributes, focusing on its sustainability elements such as eco-friendly materials, energy-efficient production, or ethical sourcing.</li>\r\n<li>Identify aspects that are innovative or solve a specific problem for customers.</li>\r\n</ul>\r\n</li>\r\n<li>\r\n<p><strong>Connect with Market Research:</strong></p>\r\n<ul>\r\n<li>Use insights from market research to determine which features resonate most with the target audience.</li>\r\n<li>Focus on the pain points and values identified in customer personas.</li>\r\n</ul>\r\n</li>\r\n<li>\r\n<p><strong>Highlight Benefits Over Features:</strong></p>\r\n<ul>\r\n<li>Shift from technical product descriptions to benefits that customers will experience. For example, instead of \"made from recycled materials,\" emphasize \"reduces landfill waste and promotes a cleaner environment.\"</li>\r\n</ul>\r\n</li>\r\n<li>\r\n<p><strong>Compare with Competitors:</strong></p>\r\n<ul>\r\n<li>Identify how the product stands out compared to similar offerings in the market.</li>\r\n<li>Emphasize differentiators like better quality, lower environmental impact, or affordability.</li>\r\n</ul>\r\n</li>\r\n<li>\r\n<p><strong>Incorporate Emotional Appeal:</strong></p>\r\n<ul>\r\n<li>Frame the USPs to evoke emotional connections, such as contributing to a healthier planet, supporting ethical practices, or aligning with personal values.</li>\r\n</ul>\r\n</li>\r\n<li>\r\n<p><strong>Test the Message:</strong></p>\r\n<ul>\r\n<li>Conduct A/B testing or gather feedback from a small audience group to refine the messaging.</li>\r\n<li>Ensure the USPs are clear, compelling, and aligned with brand positioning.</li>\r\n</ul>\r\n</li>\r\n<li>\r\n<p><strong>Craft a USP Statement:</strong></p>\r\n<ul>\r\n<li>Create a concise and memorable statement encapsulating the product&rsquo;s main selling points.</li>\r\n<li>Example: \"EcoPure &ndash; The biodegradable household solution designed to reduce waste, protect the planet, and fit seamlessly into your daily life.\"</li>\r\n</ul>\r\n</li>\r\n<li>\r\n<p><strong>Distribute Internally:</strong></p>\r\n<ul>\r\n<li>Share the finalized USPs with all stakeholders, including marketing, sales, and product teams, to maintain consistency across all communications.</li>\r\n</ul>\r\n</li>\r\n</ol>\r\n<hr>\r\n<h4><strong>Tools and Resources Needed:</strong></h4>\r\n<ul>\r\n<li><strong>Brainstorming Tools:</strong> Miro, Trello, or Google Docs for team collaboration.</li>\r\n<li><strong>Competitor Comparison Tools:</strong> SWOT templates or tools like SimilarWeb.</li>\r\n<li><strong>Testing Tools:</strong> SurveyMonkey or user testing platforms for feedback.</li>\r\n</ul>', 0, 17, '2025-03-01', '2025-03-08', NULL, 0, 1, NULL, '2025-02-10 01:12:43', '2025-02-10 01:38:23');
INSERT INTO `tasks` (`id`, `workspace_id`, `project_id`, `title`, `description`, `status_id`, `priority_id`, `start_date`, `due_date`, `note`, `client_can_discuss`, `created_by`, `parent_id`, `created_at`, `updated_at`) VALUES
(177, 3, 25, 'Develop a Brand Story', '<h4><strong>Description:</strong></h4>\r\n<p>Creating a compelling brand story is crucial for establishing an emotional connection with the audience. The brand story should articulate the product&rsquo;s journey, the mission behind its creation, and how it aligns with broader sustainability goals. A well-crafted narrative will resonate with eco-conscious customers and build trust in the brand.</p>\r\n<hr>\r\n<h4><strong>Steps to Complete:</strong></h4>\r\n<ol>\r\n<li>\r\n<p><strong>Define the Brand&rsquo;s Mission:</strong></p>\r\n<ul>\r\n<li>Clearly state why the brand exists and what it seeks to achieve, focusing on sustainability.</li>\r\n<li>Example: &ldquo;To create innovative products that empower people to make eco-friendly choices effortlessly.&rdquo;</li>\r\n</ul>\r\n</li>\r\n<li>\r\n<p><strong>Highlight the Product&rsquo;s Journey:</strong></p>\r\n<ul>\r\n<li>Share the product&rsquo;s development process, including sourcing sustainable materials, overcoming challenges, and the team&rsquo;s commitment to ethical practices.</li>\r\n<li>Use visuals such as videos, photos, or infographics to make the story more engaging.</li>\r\n</ul>\r\n</li>\r\n<li>\r\n<p><strong>Incorporate Customer Values:</strong></p>\r\n<ul>\r\n<li>Ensure the story aligns with the audience&rsquo;s values, such as reducing waste, combating climate change, or supporting fair trade.</li>\r\n<li>Use language that resonates with eco-conscious consumers.</li>\r\n</ul>\r\n</li>\r\n<li>\r\n<p><strong>Showcase Social and Environmental Impact:</strong></p>\r\n<ul>\r\n<li>Quantify the positive impact of the product, like reduced carbon emissions, water savings, or landfill diversion.</li>\r\n<li>Highlight partnerships with environmental or ethical organizations to reinforce credibility.</li>\r\n</ul>\r\n</li>\r\n<li>\r\n<p><strong>Use an Authentic and Relatable Voice:</strong></p>\r\n<ul>\r\n<li>Avoid overly technical or corporate language. Instead, write in a tone that feels personal and approachable.</li>\r\n<li>Example: &ldquo;We started EcoPure with a simple idea: to make sustainability second nature. What began as a passion project is now a movement toward a greener planet.&rdquo;</li>\r\n</ul>\r\n</li>\r\n<li>\r\n<p><strong>Include Real Stories or Testimonials:</strong></p>\r\n<ul>\r\n<li>Feature stories from team members, suppliers, or early adopters who share the same commitment to sustainability.</li>\r\n<li>Highlight the human aspect of the product&rsquo;s creation and use.</li>\r\n</ul>\r\n</li>\r\n<li>\r\n<p><strong>Align with Visual Branding:</strong></p>\r\n<ul>\r\n<li>Design the story to match the brand&rsquo;s aesthetic, including typography, colors, and imagery.</li>\r\n<li>Ensure the narrative flows seamlessly across the website, packaging, and promotional materials.</li>\r\n</ul>\r\n</li>\r\n<li>\r\n<p><strong>Share Across Channels:</strong></p>\r\n<ul>\r\n<li>Publish the story on the brand&rsquo;s website, social media platforms, and marketing materials.</li>\r\n<li>Create short and long versions for different channels (e.g., an Instagram post vs. a blog article).</li>\r\n</ul>\r\n</li>\r\n</ol>', 0, 14, '2025-03-10', '2025-03-15', NULL, 0, 1, NULL, '2025-02-10 01:12:47', '2025-02-10 01:38:31'),
(178, 3, 25, 'Design a Comprehensive Marketing Strategy', '<h4><strong>Description:</strong></h4>\r\n<p>This task focuses on developing a detailed marketing strategy to ensure the sustainable product reaches its target audience effectively. The strategy should include both digital and offline approaches, leveraging data from market research to create targeted campaigns that resonate with eco-conscious consumers.</p>\r\n<hr>\r\n<h4><strong>Steps to Complete:</strong></h4>\r\n<ol>\r\n<li>\r\n<p><strong>Set Clear Marketing Objectives:</strong></p>\r\n<ul>\r\n<li>Define measurable goals such as increasing brand awareness, generating leads, or achieving a specific number of sales within a timeframe.</li>\r\n<li>Example: &ldquo;Achieve a 20% increase in online traffic and secure 500 pre-orders within three months.&rdquo;</li>\r\n</ul>\r\n</li>\r\n<li>\r\n<p><strong>Select Marketing Channels:</strong></p>\r\n<ul>\r\n<li>Choose platforms based on where the target audience is most active, such as Instagram, Facebook, or eco-focused blogs.</li>\r\n<li>Consider offline channels like eco-expos, sustainable product fairs, or partnerships with local green initiatives.</li>\r\n</ul>\r\n</li>\r\n<li>\r\n<p><strong>Craft Key Messaging:</strong></p>\r\n<ul>\r\n<li>Develop compelling taglines and messaging emphasizing the product&rsquo;s eco-friendly benefits.</li>\r\n<li>Ensure consistency across all marketing materials, from ads to emails.</li>\r\n</ul>\r\n</li>\r\n<li>\r\n<p><strong>Develop a Content Calendar:</strong></p>\r\n<ul>\r\n<li>Plan and schedule posts, ads, and campaigns to ensure regular and timely communication with the audience.</li>\r\n<li>Include formats like blogs, videos, infographics, and customer testimonials.</li>\r\n</ul>\r\n</li>\r\n<li>\r\n<p><strong>Leverage Influencer Marketing:</strong></p>\r\n<ul>\r\n<li>Collaborate with eco-conscious influencers or bloggers who align with the brand&rsquo;s values.</li>\r\n<li>Use their platforms to showcase the product&rsquo;s benefits and build credibility.</li>\r\n</ul>\r\n</li>\r\n<li>\r\n<p><strong>Launch Email Campaigns:</strong></p>\r\n<ul>\r\n<li>Create targeted email sequences for leads, existing customers, and partners.</li>\r\n<li>Include educational content, special offers, and product updates to keep subscribers engaged.</li>\r\n</ul>\r\n</li>\r\n<li>\r\n<p><strong>Use Paid Advertising:</strong></p>\r\n<ul>\r\n<li>Run ads on Google, social media, or eco-focused websites to increase visibility.</li>\r\n<li>Use A/B testing to optimize campaigns for better results.</li>\r\n</ul>\r\n</li>\r\n<li>\r\n<p><strong>Plan Launch Events:</strong></p>\r\n<ul>\r\n<li>Organize an online or offline launch event to create buzz around the product.</li>\r\n<li>Include demonstrations, Q&amp;A sessions, and special discounts for attendees.</li>\r\n</ul>\r\n</li>\r\n<li>\r\n<p><strong>Incorporate Sustainable Practices:</strong></p>\r\n<ul>\r\n<li>Align marketing activities with the brand&rsquo;s sustainability values, such as using recycled materials for flyers or digital-only campaigns to reduce waste.</li>\r\n</ul>\r\n</li>\r\n<li>\r\n<p><strong>Track and Analyze Performance:</strong></p>\r\n<ul>\r\n<li>Use analytics tools like Google Analytics, HubSpot, or Hootsuite to monitor the effectiveness of campaigns.</li>\r\n<li>Adjust strategies based on data insights to maximize ROI.</li>\r\n</ul>\r\n</li>\r\n</ol>', 0, 16, '2025-03-01', '2025-03-05', NULL, 0, 1, NULL, '2025-02-10 01:12:51', '2025-02-10 01:38:27'),
(180, 3, 25, 'Create Visual Branding Assets', '<h4><strong>Description:</strong></h4>\r\n<p>Developing a cohesive visual identity is essential for establishing a strong brand presence. This task focuses on creating design assets such as logos, packaging, banners, and social media templates that reflect the product&rsquo;s sustainability ethos and appeal to the target audience.</p>\r\n<hr>\r\n<h4><strong>Steps to Complete:</strong></h4>\r\n<ol>\r\n<li>\r\n<p><strong>Define Brand Aesthetics:</strong></p>\r\n<ul>\r\n<li>Choose a color palette that aligns with sustainability, such as greens, earthy tones, and natural textures.</li>\r\n<li>Select fonts that are clean, modern, and easy to read.</li>\r\n</ul>\r\n</li>\r\n<li>\r\n<p><strong>Design the Logo:</strong></p>\r\n<ul>\r\n<li>Create a logo that symbolizes the brand&rsquo;s mission, such as incorporating eco-friendly icons like leaves, water droplets, or a globe.</li>\r\n<li>Ensure it is scalable for use across different platforms, from product packaging to social media.</li>\r\n</ul>\r\n</li>\r\n<li>\r\n<p><strong>Create Packaging Designs:</strong></p>\r\n<ul>\r\n<li>Design eco-friendly packaging that emphasizes the product&rsquo;s sustainable attributes.</li>\r\n<li>Include key information, such as certifications (e.g., recyclable, biodegradable) and a brief message about the brand&rsquo;s mission.</li>\r\n</ul>\r\n</li>\r\n<li>\r\n<p><strong>Develop Social Media Templates:</strong></p>\r\n<ul>\r\n<li>Create templates for posts, stories, and ads that maintain brand consistency.</li>\r\n<li>Use Canva, Adobe Illustrator, or similar tools to make designs reusable and adaptable.</li>\r\n</ul>\r\n</li>\r\n<li>\r\n<p><strong>Design Marketing Collateral:</strong></p>\r\n<ul>\r\n<li>Prepare banners, brochures, and digital ads for campaigns.</li>\r\n<li>Incorporate product photos and taglines that highlight unique selling points.</li>\r\n</ul>\r\n</li>\r\n<li>\r\n<p><strong>Ensure Accessibility:</strong></p>\r\n<ul>\r\n<li>Test designs for readability and accessibility, ensuring they cater to diverse audiences.</li>\r\n<li>Use tools like contrast checkers to verify compliance with accessibility standards.</li>\r\n</ul>\r\n</li>\r\n<li>\r\n<p><strong>Incorporate User Feedback:</strong></p>\r\n<ul>\r\n<li>Share initial designs with a focus group or stakeholders for feedback.</li>\r\n<li>Make iterative improvements based on suggestions.</li>\r\n</ul>\r\n</li>\r\n<li>\r\n<p><strong>Optimize for Multiple Platforms:</strong></p>\r\n<ul>\r\n<li>Adjust designs for various formats, such as print, web, and mobile.</li>\r\n<li>Ensure assets load quickly and look professional on all platforms.</li>\r\n</ul>\r\n</li>\r\n<li>\r\n<p><strong>Prepare a Brand Style Guide:</strong></p>\r\n<ul>\r\n<li>Document all visual elements, including colors, fonts, and logo usage guidelines.</li>\r\n<li>Share the style guide with the team to maintain consistency across future projects.</li>\r\n</ul>\r\n</li>\r\n<li>\r\n<p><strong>Test and Finalize Assets:</strong></p>\r\n<ul>\r\n<li>Review designs in real-world scenarios to ensure they resonate with the target audience.</li>\r\n<li>Make final adjustments before launching.</li>\r\n</ul>\r\n</li>\r\n</ol>', 0, 15, '2025-03-06', '2025-03-08', NULL, 0, 1, NULL, '2025-02-10 01:28:22', '2025-02-10 01:38:15'),
(181, 3, 25, 'Develop a Content Marketing Plan', '<h4><strong>Description:</strong></h4>\r\n<p>A robust content marketing plan is vital for building brand awareness, educating the audience, and fostering engagement. This task focuses on creating a strategy to produce and distribute high-quality content that highlights the sustainable product&rsquo;s benefits and aligns with the audience\'s values.</p>\r\n<hr>\r\n<h4><strong>Steps to Complete:</strong></h4>\r\n<ol>\r\n<li>\r\n<p><strong>Define Content Goals:</strong></p>\r\n<ul>\r\n<li>Set clear objectives, such as driving traffic to the website, generating leads, or building a loyal community.</li>\r\n<li>Example: &ldquo;Publish 8 blog articles and 3 videos per month, achieving 10,000 page views within the first quarter.&rdquo;</li>\r\n</ul>\r\n</li>\r\n<li>\r\n<p><strong>Identify Content Types:</strong></p>\r\n<ul>\r\n<li>Determine the formats that best suit the audience, such as blogs, videos, infographics, podcasts, or webinars.</li>\r\n<li>Focus on storytelling and showcasing the product&rsquo;s eco-friendly features.</li>\r\n</ul>\r\n</li>\r\n<li>\r\n<p><strong>Research Relevant Topics:</strong></p>\r\n<ul>\r\n<li>Use tools like Google Trends, AnswerThePublic, or SEMrush to identify trending topics in sustainability.</li>\r\n<li>Example topics: &ldquo;How to Reduce Your Carbon Footprint with Daily Choices&rdquo; or &ldquo;Top 5 Benefits of Using Eco-Friendly Products.&rdquo;</li>\r\n</ul>\r\n</li>\r\n<li>\r\n<p><strong>Create a Content Calendar:</strong></p>\r\n<ul>\r\n<li>Plan the release schedule for content, ensuring consistency across platforms.</li>\r\n<li>Include themes for special days like Earth Day or National Recycling Week to maximize engagement.</li>\r\n</ul>\r\n</li>\r\n<li>\r\n<p><strong>Write SEO-Optimized Content:</strong></p>\r\n<ul>\r\n<li>Use targeted keywords to improve search engine rankings and drive organic traffic.</li>\r\n<li>Example: Include keywords like &ldquo;sustainable products,&rdquo; &ldquo;eco-friendly materials,&rdquo; and &ldquo;green lifestyle tips.&rdquo;</li>\r\n</ul>\r\n</li>\r\n<li>\r\n<p><strong>Collaborate with Influencers and Experts:</strong></p>\r\n<ul>\r\n<li>Partner with sustainability influencers or thought leaders to co-create content or feature guest articles.</li>\r\n<li>Example: An influencer demonstrating the product in a real-life scenario.</li>\r\n</ul>\r\n</li>\r\n<li>\r\n<p><strong>Incorporate Visuals and Data:</strong></p>\r\n<ul>\r\n<li>Enhance content with engaging visuals, charts, and statistics that support key messages.</li>\r\n<li>Example: &ldquo;Using this product can reduce your carbon footprint by 30%.&rdquo;</li>\r\n</ul>\r\n</li>\r\n<li>\r\n<p><strong>Leverage Social Media:</strong></p>\r\n<ul>\r\n<li>Share content across platforms like Instagram, LinkedIn, and Pinterest to reach different audience segments.</li>\r\n<li>Use hashtags like #EcoFriendly, #SustainableLiving, and #GreenProducts to boost visibility.</li>\r\n</ul>\r\n</li>\r\n<li>\r\n<p><strong>Monitor and Engage:</strong></p>\r\n<ul>\r\n<li>Respond to comments, questions, and shares to foster community engagement.</li>\r\n<li>Example: Host live Q&amp;A sessions or polls to interact with followers.</li>\r\n</ul>\r\n</li>\r\n<li>\r\n<p><strong>Analyze Performance:</strong></p>\r\n<ul>\r\n<li>Use tools like Google Analytics, Hootsuite, or HubSpot to measure content effectiveness.</li>\r\n<li>Adjust the strategy based on metrics such as traffic, engagement rates, and conversions.</li>\r\n</ul>\r\n</li>\r\n</ol>', 0, 14, '2025-03-10', '2025-03-15', NULL, 0, 1, NULL, '2025-02-10 01:36:53', '2025-02-10 01:38:11'),
(182, 3, 25, 'Launch the Marketing Campaign', '<h4><strong>Description:</strong></h4>\r\n<p>The culmination of all preparatory efforts, launching the marketing campaign is a critical step to ensure the project reaches its target audience effectively. This task focuses on executing the planned strategies, coordinating across platforms, and monitoring performance to maximize impact.</p>\r\n<hr>\r\n<h4><strong>Steps to Complete:</strong></h4>\r\n<ol>\r\n<li>\r\n<p><strong>Finalize Campaign Assets:</strong></p>\r\n<ul>\r\n<li>Review all visuals, content, and promotional materials to ensure consistency and quality.</li>\r\n<li>Double-check branding, messaging, and platform specifications for each asset.</li>\r\n</ul>\r\n</li>\r\n<li>\r\n<p><strong>Set Up Campaign Infrastructure:</strong></p>\r\n<ul>\r\n<li>Configure email automation sequences, ad campaigns, and landing pages.</li>\r\n<li>Ensure analytics tools are properly integrated to track campaign performance.</li>\r\n</ul>\r\n</li>\r\n<li>\r\n<p><strong>Coordinate Team Efforts:</strong></p>\r\n<ul>\r\n<li>Assign specific tasks to team members, such as scheduling posts, monitoring ads, or responding to inquiries.</li>\r\n<li>Host a pre-launch meeting to align the team on objectives and timelines.</li>\r\n</ul>\r\n</li>\r\n<li>\r\n<p><strong>Launch Social Media Promotions:</strong></p>\r\n<ul>\r\n<li>Post teaser content a week before the official launch to build anticipation.</li>\r\n<li>On launch day, publish posts with strong calls-to-action (CTAs) encouraging audience participation.</li>\r\n</ul>\r\n</li>\r\n<li>\r\n<p><strong>Deploy Paid Advertising Campaigns:</strong></p>\r\n<ul>\r\n<li>Launch PPC ads on platforms like Google Ads, Facebook, or Instagram to target specific audience segments.</li>\r\n<li>Optimize ad copy and visuals for maximum engagement.</li>\r\n</ul>\r\n</li>\r\n<li>\r\n<p><strong>Engage with the Audience:</strong></p>\r\n<ul>\r\n<li>Actively respond to comments, messages, and shares during the launch period.</li>\r\n<li>Use live sessions or interactive polls to create a buzz.</li>\r\n</ul>\r\n</li>\r\n<li>\r\n<p><strong>Leverage Email Marketing:</strong></p>\r\n<ul>\r\n<li>Send a series of emails to the subscriber list, introducing the product and offering special launch deals.</li>\r\n<li>Include customer testimonials or success stories to build credibility.</li>\r\n</ul>\r\n</li>\r\n<li>\r\n<p><strong>Activate Influencers and Partners:</strong></p>\r\n<ul>\r\n<li>Collaborate with influencers to share authentic content about their experience with the product.</li>\r\n<li>Coordinate posts from partners or affiliates to expand reach.</li>\r\n</ul>\r\n</li>\r\n<li>\r\n<p><strong>Monitor Campaign Performance:</strong></p>\r\n<ul>\r\n<li>Use analytics tools to track KPIs such as click-through rates, conversions, and engagement metrics.</li>\r\n<li>Identify underperforming areas and adjust tactics in real-time.</li>\r\n</ul>\r\n</li>\r\n<li>\r\n<p><strong>Gather Feedback and Iterate:</strong></p>\r\n<ul>\r\n<li>Collect feedback from customers, stakeholders, and team members about the campaign\'s execution.</li>\r\n<li>Use insights to refine future campaigns and optimize ongoing efforts.</li>\r\n</ul>\r\n</li>\r\n<li>\r\n<p><strong>Celebrate and Acknowledge Contributions:</strong></p>\r\n<ul>\r\n<li>Share the campaign&rsquo;s success metrics with the team and publicly recognize their efforts.</li>\r\n<li>Host a small event or send thank-you notes to team members and partners.</li>\r\n</ul>\r\n</li>\r\n</ol>', 0, NULL, '2025-03-17', '2025-03-22', NULL, 1, 1, NULL, '2025-02-10 01:40:52', '2025-02-10 01:40:52'),
(183, 3, 26, 'Conduct a Brand Audit', '<h4><strong>Description:</strong></h4>\r\n<p>The first step in revitalizing the brand is to thoroughly assess its current state. This task involves identifying strengths, weaknesses, opportunities, and threats (SWOT) to understand the brand&rsquo;s position in the market and how it is perceived by stakeholders. This comprehensive audit will provide actionable insights to guide the rebranding process.</p>\r\n<hr>\r\n<h4><strong>Steps to Complete:</strong></h4>\r\n<ol>\r\n<li>\r\n<p><strong>Analyze Brand Performance:</strong></p>\r\n<ul>\r\n<li>Review past sales data, website analytics, and social media metrics.</li>\r\n<li>Identify which aspects of the brand are performing well and which need improvement.</li>\r\n</ul>\r\n</li>\r\n<li>\r\n<p><strong>Gather Customer Feedback:</strong></p>\r\n<ul>\r\n<li>Conduct surveys, interviews, or focus groups to understand customer perceptions and expectations.</li>\r\n<li>Analyze reviews, testimonials, and complaints to identify recurring themes.</li>\r\n</ul>\r\n</li>\r\n<li>\r\n<p><strong>Evaluate Competitor Brands:</strong></p>\r\n<ul>\r\n<li>Research competitors&rsquo; branding, marketing strategies, and customer engagement.</li>\r\n<li>Identify trends and gaps that the brand can capitalize on.</li>\r\n</ul>\r\n</li>\r\n<li>\r\n<p><strong>Audit Brand Assets:</strong></p>\r\n<ul>\r\n<li>Review existing assets, including logos, taglines, website, social media profiles, and marketing materials.</li>\r\n<li>Assess consistency and relevance to the brand&rsquo;s goals.</li>\r\n</ul>\r\n</li>\r\n<li>\r\n<p><strong>Assess Market Trends:</strong></p>\r\n<ul>\r\n<li>Research industry reports and market trends to understand evolving customer needs and preferences.</li>\r\n<li>Identify areas where the brand can adapt to remain competitive.</li>\r\n</ul>\r\n</li>\r\n<li>\r\n<p><strong>Conduct a SWOT Analysis:</strong></p>\r\n<ul>\r\n<li>Identify internal strengths and weaknesses of the current brand.</li>\r\n<li>Analyze external opportunities and threats in the market environment.</li>\r\n</ul>\r\n</li>\r\n<li>\r\n<p><strong>Compile Findings into a Report:</strong></p>\r\n<ul>\r\n<li>Create a detailed report summarizing the insights from the audit.</li>\r\n<li>Highlight critical areas for improvement and opportunities for growth.</li>\r\n</ul>\r\n</li>\r\n</ol>', 72, 14, '2025-02-10', '2025-02-15', NULL, 1, 1, NULL, '2025-02-10 01:57:52', '2025-02-10 01:57:52'),
(184, 3, 26, 'Redefine Brand Identity', '<h4><strong>Description:</strong></h4>\r\n<p>Redefining the brand identity is critical to ensure it aligns with the company&rsquo;s goals and resonates with the target audience. This task focuses on establishing a clear mission, vision, and values that differentiate the brand and set the tone for all future branding efforts.</p>\r\n<hr>\r\n<h4><strong>Steps to Complete:</strong></h4>\r\n<ol>\r\n<li>\r\n<p><strong>Revisit the Company&rsquo;s Purpose:</strong></p>\r\n<ul>\r\n<li>Define the core reason for the brand\'s existence.</li>\r\n<li>Align the mission statement with the company&rsquo;s long-term objectives and market position.</li>\r\n</ul>\r\n</li>\r\n<li>\r\n<p><strong>Craft a Vision Statement:</strong></p>\r\n<ul>\r\n<li>Develop a forward-looking vision that describes where the brand aspires to be in the future.</li>\r\n<li>Ensure the vision inspires both internal teams and customers.</li>\r\n</ul>\r\n</li>\r\n<li>\r\n<p><strong>Define Core Values:</strong></p>\r\n<ul>\r\n<li>Identify the principles that will guide the brand&rsquo;s behavior and decisions.</li>\r\n<li>Ensure values resonate with the target audience and reflect the brand\'s ethos.</li>\r\n</ul>\r\n</li>\r\n<li>\r\n<p><strong>Position the Brand:</strong></p>\r\n<ul>\r\n<li>Determine what makes the brand unique compared to competitors.</li>\r\n<li>Develop a positioning statement that communicates the brand&rsquo;s key benefits and differentiation.</li>\r\n</ul>\r\n</li>\r\n<li>\r\n<p><strong>Develop Audience Personas:</strong></p>\r\n<ul>\r\n<li>Identify the brand&rsquo;s ideal customers, including demographics, preferences, and behaviors.</li>\r\n<li>Use personas to ensure the redefined identity meets customer needs.</li>\r\n</ul>\r\n</li>\r\n<li>\r\n<p><strong>Validate with Stakeholders:</strong></p>\r\n<ul>\r\n<li>Share the draft mission, vision, and values with key stakeholders for feedback.</li>\r\n<li>Incorporate their insights to refine the identity.</li>\r\n</ul>\r\n</li>\r\n<li>\r\n<p><strong>Document the Identity Framework:</strong></p>\r\n<ul>\r\n<li>Create a formal document outlining the new mission, vision, values, and positioning.</li>\r\n<li>Use this as a reference for all branding and marketing activities.</li>\r\n</ul>\r\n</li>\r\n</ol>', 72, 14, '2025-02-17', '2025-02-22', NULL, 1, 1, NULL, '2025-02-10 01:58:17', '2025-02-10 02:03:45'),
(185, 3, 26, 'Design a New Logo and Visual Identity', '<h4><strong>Description:</strong></h4>\r\n<p>Developing a modern and cohesive visual identity is essential for establishing a strong brand presence. This task focuses on designing a logo, color palette, typography, and visual style that reflect the redefined brand identity and resonate with the target audience.</p>\r\n<hr>\r\n<h4><strong>Steps to Complete:</strong></h4>\r\n<ol>\r\n<li>\r\n<p><strong>Collaborate with Stakeholders:</strong></p>\r\n<ul>\r\n<li>Hold a meeting with stakeholders to discuss the redefined brand identity.</li>\r\n<li>Identify key visual elements and preferences that align with the brand&rsquo;s values and positioning.</li>\r\n</ul>\r\n</li>\r\n<li>\r\n<p><strong>Research Design Inspirations:</strong></p>\r\n<ul>\r\n<li>Study design trends within the industry to ensure relevance and appeal.</li>\r\n<li>Look at visual elements from successful brands for inspiration while maintaining originality.</li>\r\n</ul>\r\n</li>\r\n<li>\r\n<p><strong>Develop Logo Concepts:</strong></p>\r\n<ul>\r\n<li>Create multiple logo concepts showcasing different styles and ideas.</li>\r\n<li>Ensure the logo is simple, scalable, and versatile for various platforms and media.</li>\r\n</ul>\r\n</li>\r\n<li>\r\n<p><strong>Create a Color Palette:</strong></p>\r\n<ul>\r\n<li>Select a primary color scheme that evokes the desired emotions and brand personality.</li>\r\n<li>Develop complementary colors for backgrounds, accents, and other design elements.</li>\r\n</ul>\r\n</li>\r\n<li>\r\n<p><strong>Choose Typography:</strong></p>\r\n<ul>\r\n<li>Select primary and secondary fonts that align with the brand&rsquo;s tone (e.g., modern, elegant, bold).</li>\r\n<li>Ensure legibility and adaptability for digital and print use.</li>\r\n</ul>\r\n</li>\r\n<li>\r\n<p><strong>Design Visual Elements:</strong></p>\r\n<ul>\r\n<li>Create additional graphics, patterns, or icons to complement the logo and branding.</li>\r\n<li>Ensure all elements align with the brand&rsquo;s aesthetic.</li>\r\n</ul>\r\n</li>\r\n<li>\r\n<p><strong>Present Design Options:</strong></p>\r\n<ul>\r\n<li>Share the logo, color palette, and visual identity mockups with stakeholders.</li>\r\n<li>Gather feedback and refine the designs accordingly.</li>\r\n</ul>\r\n</li>\r\n<li>\r\n<p><strong>Finalize the Brand Style Guide:</strong></p>\r\n<ul>\r\n<li>Compile all visual identity elements into a comprehensive style guide.</li>\r\n<li>Include guidelines on logo usage, colors, typography, and other branding rules.</li>\r\n</ul>\r\n</li>\r\n</ol>', 72, 14, '2025-02-24', '2025-02-28', NULL, 1, 1, NULL, '2025-02-10 01:59:17', '2025-02-10 02:05:27'),
(186, 3, 26, 'Develop Brand Messaging Framework', '<h4><strong>Description:</strong></h4>\r\n<p>A strong and consistent brand voice is crucial for effective communication. This task focuses on creating a messaging framework that includes the brand&rsquo;s tone, tagline, key messages, and storytelling elements to connect with the target audience emotionally and practically.</p>\r\n<hr>\r\n<h4><strong>Steps to Complete:</strong></h4>\r\n<ol>\r\n<li>\r\n<p><strong>Define Brand Tone and Voice:</strong></p>\r\n<ul>\r\n<li>Establish whether the brand voice should be formal, friendly, authoritative, playful, etc., based on the audience and industry.</li>\r\n<li>Document tone guidelines for different scenarios (e.g., professional tone for business emails, conversational tone for social media).</li>\r\n</ul>\r\n</li>\r\n<li>\r\n<p><strong>Craft a Tagline:</strong></p>\r\n<ul>\r\n<li>Develop a short, memorable tagline that encapsulates the brand&rsquo;s mission and unique value.</li>\r\n<li>Ensure it is easy to recall and resonates with the target audience.</li>\r\n</ul>\r\n</li>\r\n<li>\r\n<p><strong>Write Key Messages:</strong></p>\r\n<ul>\r\n<li>Create 3-5 core messages highlighting the brand&rsquo;s offerings, benefits, and differentiators.</li>\r\n<li>Tailor these messages for various stakeholders, including customers, investors, and employees.</li>\r\n</ul>\r\n</li>\r\n<li>\r\n<p><strong>Develop a Brand Story:</strong></p>\r\n<ul>\r\n<li>Write a compelling narrative about the brand&rsquo;s origins, purpose, and vision for the future.</li>\r\n<li>Ensure it inspires trust and creates an emotional connection with the audience.</li>\r\n</ul>\r\n</li>\r\n<li>\r\n<p><strong>Adapt Messaging for Different Channels:</strong></p>\r\n<ul>\r\n<li>Customize key messages for platforms such as the website, social media, ads, and email campaigns.</li>\r\n<li>Maintain consistency while adapting to the medium&rsquo;s tone and style.</li>\r\n</ul>\r\n</li>\r\n<li>\r\n<p><strong>Test the Messaging:</strong></p>\r\n<ul>\r\n<li>Share the framework with a focus group or sample audience to gauge effectiveness.</li>\r\n<li>Gather feedback to refine the tone, messages, and story.</li>\r\n</ul>\r\n</li>\r\n<li>\r\n<p><strong>Document the Messaging Framework:</strong></p>\r\n<ul>\r\n<li>Compile all messaging elements into a structured guide for team use.</li>\r\n<li>Include examples for common scenarios to ensure consistency.</li>\r\n</ul>\r\n</li>\r\n</ol>', 72, 14, '2025-03-01', '2025-03-08', NULL, 1, 1, NULL, '2025-02-10 02:06:06', '2025-02-10 02:08:26'),
(187, 3, 26, 'Launch a Comprehensive Marketing Campaign', '<h4><strong>Description:</strong></h4>\r\n<p>The final task is to execute a well-planned marketing campaign to introduce the rebranded identity to the market. This includes leveraging various channels, creating engaging content, and measuring the campaign&rsquo;s success to ensure maximum impact.</p>\r\n<hr>\r\n<h4><strong>Steps to Complete:</strong></h4>\r\n<ol>\r\n<li>\r\n<p><strong>Set Campaign Goals:</strong></p>\r\n<ul>\r\n<li>Define specific objectives, such as increasing brand awareness, generating leads, or driving website traffic.</li>\r\n<li>Set measurable KPIs, like website visits, social media engagement, or sales conversions.</li>\r\n</ul>\r\n</li>\r\n<li>\r\n<p><strong>Choose Marketing Channels:</strong></p>\r\n<ul>\r\n<li>Identify the platforms where the target audience is most active, such as social media, email, or digital ads.</li>\r\n<li>Use a mix of organic and paid strategies to maximize reach.</li>\r\n</ul>\r\n</li>\r\n<li>\r\n<p><strong>Create Campaign Content:</strong></p>\r\n<ul>\r\n<li>Design eye-catching visuals and write compelling copy for ads, emails, and social media posts.</li>\r\n<li>Develop long-form content like blog posts, case studies, or videos to tell the brand story.</li>\r\n</ul>\r\n</li>\r\n<li>\r\n<p><strong>Launch a Social Media Blitz:</strong></p>\r\n<ul>\r\n<li>Post teasers leading up to the launch date to create anticipation.</li>\r\n<li>Share behind-the-scenes content to engage the audience and make the rebrand feel personal.</li>\r\n</ul>\r\n</li>\r\n<li>\r\n<p><strong>Leverage Email Marketing:</strong></p>\r\n<ul>\r\n<li>Send personalized emails to existing customers, partners, and stakeholders announcing the rebrand.</li>\r\n<li>Highlight the benefits and vision behind the rebranding effort.</li>\r\n</ul>\r\n</li>\r\n<li>\r\n<p><strong>Run Paid Ad Campaigns:</strong></p>\r\n<ul>\r\n<li>Use platforms like Google Ads, Facebook Ads, or LinkedIn Ads to reach a broader audience.</li>\r\n<li>Target specific demographics and track ad performance to optimize ROI.</li>\r\n</ul>\r\n</li>\r\n<li>\r\n<p><strong>Host a Launch Event:</strong></p>\r\n<ul>\r\n<li>Plan a virtual or in-person event to unveil the rebrand.</li>\r\n<li>Include presentations, product showcases, and interactive elements to engage attendees.</li>\r\n</ul>\r\n</li>\r\n<li>\r\n<p><strong>Engage Influencers:</strong></p>\r\n<ul>\r\n<li>Partner with influencers or industry leaders to amplify the campaign&rsquo;s reach.</li>\r\n<li>Provide them with branded materials and messaging to share with their followers.</li>\r\n</ul>\r\n</li>\r\n<li>\r\n<p><strong>Monitor and Measure Performance:</strong></p>\r\n<ul>\r\n<li>Use analytics tools like Google Analytics, Hootsuite, or HubSpot to track campaign metrics.</li>\r\n<li>Measure engagement, traffic, and conversion rates to evaluate success.</li>\r\n</ul>\r\n</li>\r\n<li>\r\n<p><strong>Gather Feedback:</strong></p>\r\n</li>\r\n</ol>\r\n<ul>\r\n<li>Collect feedback from customers, stakeholders, and team members about the campaign&rsquo;s impact.</li>\r\n<li>Use insights to refine future marketing efforts.</li>\r\n</ul>', 72, 14, '2025-03-10', '2025-03-15', NULL, 1, 1, NULL, '2025-02-10 02:08:51', '2025-02-10 02:09:47'),
(188, 3, 27, 'Define Program Objectives and Structure', '<h4><strong>Description:</strong></h4>\r\n<p>The first step in creating the Customer Loyalty Rewards Program is to establish clear objectives and design the program structure. This involves understanding the company&rsquo;s goals, identifying the target audience, and determining how the program will operate to achieve its objectives.</p>\r\n<hr>\r\n<h4><strong>Steps to Complete:</strong></h4>\r\n<ol>\r\n<li>\r\n<p><strong>Set Clear Objectives:</strong></p>\r\n<ul>\r\n<li>Define specific goals for the loyalty program, such as increasing customer retention, boosting repeat purchases, and enhancing customer satisfaction.</li>\r\n<li>Establish measurable KPIs to track success, such as program sign-ups, redemption rates, and revenue growth.</li>\r\n</ul>\r\n</li>\r\n<li>\r\n<p><strong>Identify Target Audience:</strong></p>\r\n<ul>\r\n<li>Analyze customer demographics, purchasing behaviors, and preferences to understand who will benefit most from the program.</li>\r\n<li>Segment customers based on spending patterns or loyalty levels to tailor rewards effectively.</li>\r\n</ul>\r\n</li>\r\n<li>\r\n<p><strong>Choose the Rewards Structure:</strong></p>\r\n<ul>\r\n<li>Decide on the type of rewards, such as points for purchases, discounts, free products, or exclusive experiences.</li>\r\n<li>Design a tiered system (e.g., Bronze, Silver, Gold) to incentivize higher spending and engagement.</li>\r\n</ul>\r\n</li>\r\n<li>\r\n<p><strong>Determine Redemption Rules:</strong></p>\r\n<ul>\r\n<li>Establish how customers can earn points and redeem rewards.</li>\r\n<li>Define clear rules for point accumulation, expiration, and redemption to ensure transparency.</li>\r\n</ul>\r\n</li>\r\n<li>\r\n<p><strong>Incorporate Additional Engagement Elements:</strong></p>\r\n<ul>\r\n<li>Include opportunities for earning extra points, such as referrals, social media interactions, or attending events.</li>\r\n<li>Plan periodic promotions like double points days or holiday rewards to keep customers engaged.</li>\r\n</ul>\r\n</li>\r\n<li>\r\n<p><strong>Align Objectives with Budget:</strong></p>\r\n<ul>\r\n<li>Calculate the costs associated with the rewards program, including discounts, infrastructure, and marketing efforts.</li>\r\n<li>Ensure the program remains financially viable while offering meaningful rewards to customers.</li>\r\n</ul>\r\n</li>\r\n<li>\r\n<p><strong>Draft a Program Proposal:</strong></p>\r\n<ul>\r\n<li>Create a comprehensive proposal outlining the program&rsquo;s objectives, structure, and anticipated benefits.</li>\r\n<li>Present this plan to stakeholders for feedback and approval.</li>\r\n</ul>\r\n</li>\r\n</ol>', 73, 17, '2025-03-01', '2025-03-08', NULL, 0, 1, NULL, '2025-02-10 02:27:23', '2025-02-10 02:27:23'),
(189, 3, 27, 'Research and Select Technology Platform', '<h4><strong>Description:</strong></h4>\r\n<p>To support the seamless operation of the loyalty program, the next task is to research and select a robust technology platform that can manage points tracking, customer data, and reward redemption. This involves evaluating available software solutions, ensuring compatibility with existing systems, and setting up the infrastructure required for the program.</p>\r\n<hr>\r\n<h4><strong>Steps to Complete:</strong></h4>\r\n<ol>\r\n<li>\r\n<p><strong>Identify Program Requirements:</strong></p>\r\n<ul>\r\n<li>List the features required, such as points tracking, customer segmentation, tier management, and automated messaging.</li>\r\n<li>Ensure the platform supports integration with existing systems like CRM, e-commerce platforms, and POS systems.</li>\r\n</ul>\r\n</li>\r\n<li>\r\n<p><strong>Research Available Platforms:</strong></p>\r\n<ul>\r\n<li>Explore loyalty program software options such as Smile.io, Yotpo, or Zinrelo.</li>\r\n<li>Compare features, pricing, scalability, and user reviews to shortlist suitable platforms.</li>\r\n</ul>\r\n</li>\r\n<li>\r\n<p><strong>Request Demos and Trials:</strong></p>\r\n<ul>\r\n<li>Schedule demos with shortlisted vendors to understand the platform&rsquo;s capabilities.</li>\r\n<li>Use free trials to test functionality and ensure ease of use for both customers and employees.</li>\r\n</ul>\r\n</li>\r\n<li>\r\n<p><strong>Evaluate Customization Options:</strong></p>\r\n<ul>\r\n<li>Check whether the platform allows for branding and customization to align with the company&rsquo;s identity.</li>\r\n<li>Ensure flexibility in creating personalized rewards and targeted promotions.</li>\r\n</ul>\r\n</li>\r\n<li>\r\n<p><strong>Ensure Security and Compliance:</strong></p>\r\n<ul>\r\n<li>Verify that the platform complies with data protection regulations such as GDPR or CCPA.</li>\r\n<li>Assess the security measures in place to safeguard customer data.</li>\r\n</ul>\r\n</li>\r\n<li>\r\n<p><strong>Budget and Negotiation:</strong></p>\r\n<ul>\r\n<li>Evaluate the cost of implementation, subscription, and potential upgrades.</li>\r\n<li>Negotiate pricing and terms with the vendor to align with the project budget.</li>\r\n</ul>\r\n</li>\r\n<li>\r\n<p><strong>Select and Finalize:</strong></p>\r\n<ul>\r\n<li>Present the selected platform to stakeholders for approval.</li>\r\n<li>Finalize the contract and initiate the onboarding process with the vendor.</li>\r\n</ul>\r\n</li>\r\n<li>\r\n<p><strong>Plan Integration:</strong></p>\r\n<ul>\r\n<li>Collaborate with IT teams to plan the integration of the platform with existing systems.</li>\r\n<li>Define timelines and milestones for a smooth setup process.</li>\r\n</ul>\r\n</li>\r\n</ol>', 71, 15, '2025-03-10', '2025-03-15', NULL, 0, 1, NULL, '2025-02-10 03:16:26', '2025-02-10 03:16:26'),
(190, 3, 27, 'Develop Program Branding and Marketing Materials', '<h4><strong>Description:</strong></h4>\r\n<p>Establish a strong visual identity and compelling messaging for the Customer Loyalty Rewards Program. This includes designing branding elements, creating marketing materials, and crafting communication strategies to promote the program effectively to customers.</p>\r\n<hr>\r\n<h4><strong>Steps to Complete:</strong></h4>\r\n<ol>\r\n<li>\r\n<p><strong>Define Program Identity:</strong></p>\r\n<ul>\r\n<li>Choose a name for the loyalty program that aligns with the brand&rsquo;s values and appeals to customers (e.g., \"Reward+ Club\" or \"Loyalty Perks\").</li>\r\n<li>Design a tagline that communicates the program&rsquo;s benefits (e.g., \"Earn More, Save More\").</li>\r\n</ul>\r\n</li>\r\n<li>\r\n<p><strong>Create Visual Branding:</strong></p>\r\n<ul>\r\n<li>Develop a logo, color scheme, and design elements for the program.</li>\r\n<li>Ensure consistency with the company&rsquo;s overall brand identity while giving the program its unique flair.</li>\r\n</ul>\r\n</li>\r\n<li>\r\n<p><strong>Draft Marketing Copy:</strong></p>\r\n<ul>\r\n<li>Write engaging descriptions, email templates, and social media posts explaining the program&rsquo;s features and benefits.</li>\r\n<li>Highlight key aspects like ease of earning rewards, exclusive benefits, and limited-time offers.</li>\r\n</ul>\r\n</li>\r\n<li>\r\n<p><strong>Design Marketing Materials:</strong></p>\r\n<ul>\r\n<li>Create flyers, brochures, and posters for in-store promotions.</li>\r\n<li>Design digital assets for website banners, social media ads, and email campaigns.</li>\r\n</ul>\r\n</li>\r\n<li>\r\n<p><strong>Plan Communication Channels:</strong></p>\r\n<ul>\r\n<li>Identify the best platforms to promote the program, such as email newsletters, SMS, social media, and the company website.</li>\r\n<li>Draft a content calendar for announcements, reminders, and updates.</li>\r\n</ul>\r\n</li>\r\n<li>\r\n<p><strong>Develop a Promotional Strategy:</strong></p>\r\n<ul>\r\n<li>Plan a launch campaign to build excitement, including teasers, countdowns, and special rewards for early sign-ups.</li>\r\n<li>Identify partnerships or collaborations to amplify program visibility.</li>\r\n</ul>\r\n</li>\r\n<li>\r\n<p><strong>Test and Refine:</strong></p>\r\n<ul>\r\n<li>Share initial designs and messages with a focus group to gather feedback.</li>\r\n<li>Refine materials based on input to ensure clarity and appeal.</li>\r\n</ul>\r\n</li>\r\n<li>\r\n<p><strong>Prepare Internal Guides:</strong></p>\r\n<ul>\r\n<li>Create FAQs and communication guides for customer-facing teams to address inquiries.</li>\r\n<li>Train employees on promoting the program to ensure consistent messaging.</li>\r\n</ul>\r\n</li>\r\n</ol>', 73, 17, '2025-03-10', '2025-03-15', NULL, 0, 1, NULL, '2025-02-10 03:17:18', '2025-02-10 03:18:23'),
(191, 3, 27, 'Build and Test the Loyalty Program Platform', '<h4><strong>Description:</strong></h4>\r\n<p>This task focuses on setting up the selected loyalty program platform, customizing its features, and thoroughly testing its functionality before launching to ensure a seamless customer experience.</p>\r\n<hr>\r\n<h4><strong>Steps to Complete:</strong></h4>\r\n<ol>\r\n<li>\r\n<p><strong>Platform Installation and Configuration:</strong></p>\r\n<ul>\r\n<li>Collaborate with the vendor and IT team to install the platform.</li>\r\n<li>Configure core features such as point calculation, reward options, and tier structures.</li>\r\n<li>Set up APIs or integrations with existing systems, such as POS, CRM, and e-commerce platforms.</li>\r\n</ul>\r\n</li>\r\n<li>\r\n<p><strong>Customize the User Interface:</strong></p>\r\n<ul>\r\n<li>Design the interface to match the program&rsquo;s branding and ensure it&rsquo;s user-friendly.</li>\r\n<li>Incorporate elements such as progress bars, personalized dashboards, and intuitive navigation.</li>\r\n</ul>\r\n</li>\r\n<li>\r\n<p><strong>Set Up Customer Accounts:</strong></p>\r\n<ul>\r\n<li>Enable customer sign-ups through various channels, including in-store, online, or mobile apps.</li>\r\n<li>Ensure customers can easily track points and rewards through their accounts.</li>\r\n</ul>\r\n</li>\r\n<li>\r\n<p><strong>Create Backend Management Tools:</strong></p>\r\n<ul>\r\n<li>Implement features for tracking analytics, monitoring customer activity, and managing rewards inventory.</li>\r\n<li>Set up administrative roles and permissions for team members managing the platform.</li>\r\n</ul>\r\n</li>\r\n<li>\r\n<p><strong>Run Internal Testing:</strong></p>\r\n<ul>\r\n<li>Test the platform for functionality, including points accrual, redemption, and tier progression.</li>\r\n<li>Simulate various scenarios to identify bugs or inconsistencies.</li>\r\n</ul>\r\n</li>\r\n<li>\r\n<p><strong>Gather Feedback:</strong></p>\r\n<ul>\r\n<li>Involve a small group of employees and customers in beta testing.</li>\r\n<li>Collect feedback on usability, clarity, and functionality.</li>\r\n</ul>\r\n</li>\r\n<li>\r\n<p><strong>Refine and Optimize:</strong></p>\r\n<ul>\r\n<li>Address any issues identified during testing, such as technical glitches or confusing features.</li>\r\n<li>Optimize the platform&rsquo;s speed, responsiveness, and compatibility across devices.</li>\r\n</ul>\r\n</li>\r\n<li>\r\n<p><strong>Create a Troubleshooting Guide:</strong></p>\r\n<ul>\r\n<li>Document common issues and solutions for the support team.</li>\r\n<li>Provide training to customer service staff on handling technical inquiries.</li>\r\n</ul>\r\n</li>\r\n<li>\r\n<p><strong>Verify Security Measures:</strong></p>\r\n<ul>\r\n<li>Test the platform for vulnerabilities and ensure compliance with data protection regulations.</li>\r\n<li>Implement measures such as encryption and regular security audits.</li>\r\n</ul>\r\n</li>\r\n</ol>', 71, 16, '2025-02-17', '2025-02-22', NULL, 0, 1, NULL, '2025-02-10 03:20:19', '2025-02-10 03:20:19'),
(192, 3, 27, 'Launch the Loyalty Program', '<h4><strong>Description:</strong></h4>\r\n<p>Deploy the fully refined loyalty program to the entire customer base. This involves a strategic marketing push, ensuring system readiness, and providing comprehensive support to customers and staff.</p>\r\n<hr>\r\n<h4><strong>Steps to Complete:</strong></h4>\r\n<ol>\r\n<li>\r\n<p><strong>Announce the Launch:</strong></p>\r\n<ul>\r\n<li>Send email newsletters, social media posts, and website banners announcing the program.</li>\r\n<li>Use attention-grabbing headlines like \"Introducing Rewards That Keep Giving!\"</li>\r\n<li>Highlight key benefits to attract sign-ups.</li>\r\n</ul>\r\n</li>\r\n<li>\r\n<p><strong>Enable Registration:</strong></p>\r\n<ul>\r\n<li>Ensure customers can easily register online, in-store, or through mobile apps.</li>\r\n<li>Provide clear instructions and an intuitive sign-up process.</li>\r\n</ul>\r\n</li>\r\n<li>\r\n<p><strong>Promote the Program:</strong></p>\r\n<ul>\r\n<li>Run marketing campaigns across multiple channels, including social media ads, in-store posters, and influencer partnerships.</li>\r\n<li>Offer incentives like bonus points or discounts for early sign-ups.</li>\r\n</ul>\r\n</li>\r\n<li>\r\n<p><strong>Train Customer-Facing Teams:</strong></p>\r\n<ul>\r\n<li>Ensure sales and support staff are trained to assist customers with program enrollment and usage.</li>\r\n<li>Provide FAQs, troubleshooting guides, and scripts for common inquiries.</li>\r\n</ul>\r\n</li>\r\n<li>\r\n<p><strong>Test System Readiness:</strong></p>\r\n<ul>\r\n<li>Conduct a final check to ensure the platform operates smoothly under high traffic.</li>\r\n<li>Confirm all integrations, such as POS and CRM systems, are functioning properly.</li>\r\n</ul>\r\n</li>\r\n<li>\r\n<p><strong>Monitor Launch Metrics:</strong></p>\r\n<ul>\r\n<li>Track key metrics such as sign-up rates, engagement, and reward redemptions.</li>\r\n<li>Identify any immediate issues through real-time monitoring.</li>\r\n</ul>\r\n</li>\r\n<li>\r\n<p><strong>Provide Ongoing Support:</strong></p>\r\n<ul>\r\n<li>Set up dedicated support channels for customer inquiries and technical issues.</li>\r\n<li>Regularly update customers on program features, special promotions, or changes.</li>\r\n</ul>\r\n</li>\r\n<li>\r\n<p><strong>Incorporate Feedback:</strong></p>\r\n<ul>\r\n<li>Gather feedback from customers and staff during the first few weeks of the launch.</li>\r\n<li>Address any minor glitches or areas of confusion quickly to maintain satisfaction.</li>\r\n</ul>\r\n</li>\r\n</ol>', 71, 16, '2025-02-24', '2025-02-28', NULL, 1, 1, NULL, '2025-02-10 03:21:44', '2025-02-10 03:22:52'),
(193, 3, 27, 'Monitor Performance and Engagement', '<h4><strong>Description:</strong></h4>\r\n<p>Track the performance and customer engagement of the loyalty program post-launch. Analyze key metrics, identify trends, and ensure the program aligns with business goals and customer expectations.</p>\r\n<hr>\r\n<h4><strong>Steps to Complete:</strong></h4>\r\n<ol>\r\n<li>\r\n<p><strong>Set Up Monitoring Dashboards:</strong></p>\r\n<ul>\r\n<li>Use analytics tools to create dashboards that track key performance indicators (KPIs).</li>\r\n<li>Monitor metrics like sign-ups, point accrual, reward redemptions, and customer retention rates.</li>\r\n</ul>\r\n</li>\r\n<li>\r\n<p><strong>Track Customer Engagement:</strong></p>\r\n<ul>\r\n<li>Assess how frequently customers interact with the program and redeem rewards.</li>\r\n<li>Identify active participants versus inactive members to tailor engagement strategies.</li>\r\n</ul>\r\n</li>\r\n<li>\r\n<p><strong>Identify Popular Rewards:</strong></p>\r\n<ul>\r\n<li>Analyze which rewards are most frequently redeemed and why.</li>\r\n<li>Use this data to optimize reward offerings and boost customer satisfaction.</li>\r\n</ul>\r\n</li>\r\n<li>\r\n<p><strong>Monitor ROI:</strong></p>\r\n<ul>\r\n<li>Measure the program&rsquo;s impact on sales, repeat purchases, and overall revenue.</li>\r\n<li>Compare the program\'s cost against its contributions to profitability.</li>\r\n</ul>\r\n</li>\r\n<li>\r\n<p><strong>Analyze Customer Feedback:</strong></p>\r\n<ul>\r\n<li>Collect ongoing feedback through surveys, reviews, and support inquiries.</li>\r\n<li>Identify common themes, challenges, and areas for improvement.</li>\r\n</ul>\r\n</li>\r\n<li>\r\n<p><strong>Segment Data for Insights:</strong></p>\r\n<ul>\r\n<li>Segment customers by demographics, purchase behaviors, and engagement levels.</li>\r\n<li>Use these insights to refine strategies for different customer groups.</li>\r\n</ul>\r\n</li>\r\n<li>\r\n<p><strong>Conduct Monthly Performance Reviews:</strong></p>\r\n<ul>\r\n<li>Hold review meetings with stakeholders to discuss progress and challenges.</li>\r\n<li>Update strategies based on the data and insights gathered.</li>\r\n</ul>\r\n</li>\r\n<li>\r\n<p><strong>Plan Iterations:</strong></p>\r\n<ul>\r\n<li>Identify areas where the program can be improved, such as new reward options or streamlined processes.</li>\r\n<li>Develop an action plan for updates and enhancements.</li>\r\n</ul>\r\n</li>\r\n</ol>', 71, 16, '2025-03-01', '2025-03-08', NULL, 1, 1, NULL, '2025-02-10 03:23:30', '2025-02-10 03:25:10');
INSERT INTO `tasks` (`id`, `workspace_id`, `project_id`, `title`, `description`, `status_id`, `priority_id`, `start_date`, `due_date`, `note`, `client_can_discuss`, `created_by`, `parent_id`, `created_at`, `updated_at`) VALUES
(194, 3, 28, 'Conduct a Digital Marketing Audit', '<h4><strong>Description:</strong></h4>\r\n<p>The first step in the campaign is to conduct a comprehensive digital marketing audit. This involves analyzing the current state of the brand\'s online presence, including its website, social media platforms, SEO performance, and paid advertising strategies. The audit will provide insights into strengths, weaknesses, and opportunities for improvement.</p>\r\n<hr>\r\n<h4><strong>Steps to Complete:</strong></h4>\r\n<ol>\r\n<li>\r\n<p><strong>Website Analysis:</strong></p>\r\n<ul>\r\n<li>Review the website\'s design, user experience, and technical performance.</li>\r\n<li>Check for mobile-friendliness, page load speed, and broken links.</li>\r\n<li>Evaluate on-page SEO factors such as meta tags, keyword usage, and content quality.</li>\r\n</ul>\r\n</li>\r\n<li>\r\n<p><strong>SEO Assessment:</strong></p>\r\n<ul>\r\n<li>Analyze keyword rankings and search engine visibility.</li>\r\n<li>Perform a backlink audit to identify quality links and potential spam.</li>\r\n<li>Use tools like Ahrefs, SEMrush, or Google Search Console for detailed insights.</li>\r\n</ul>\r\n</li>\r\n<li>\r\n<p><strong>Social Media Audit:</strong></p>\r\n<ul>\r\n<li>Assess the performance of current social media platforms (engagement rates, follower growth, etc.).</li>\r\n<li>Identify the most effective types of posts and content.</li>\r\n<li>Evaluate the brand\'s consistency in voice, messaging, and visuals.</li>\r\n</ul>\r\n</li>\r\n<li>\r\n<p><strong>Paid Advertising Analysis:</strong></p>\r\n<ul>\r\n<li>Review the performance of Google Ads, Facebook Ads, or other paid campaigns.</li>\r\n<li>Identify which ads are delivering the best ROI and which need optimization.</li>\r\n<li>Check the alignment between ad copy and landing pages.</li>\r\n</ul>\r\n</li>\r\n<li>\r\n<p><strong>Competitor Analysis:</strong></p>\r\n<ul>\r\n<li>Benchmark against competitors to understand their strategies.</li>\r\n<li>Identify gaps in the market that the brand can capitalize on.</li>\r\n<li>Study competitors\' social media engagement, content types, and keywords targeted.</li>\r\n</ul>\r\n</li>\r\n<li>\r\n<p><strong>Content Review:</strong></p>\r\n<ul>\r\n<li>Assess existing blog posts, videos, infographics, and other content for quality and relevance.</li>\r\n<li>Identify top-performing pieces and areas where fresh content is needed.</li>\r\n</ul>\r\n</li>\r\n<li>\r\n<p><strong>Report Findings:</strong></p>\r\n<ul>\r\n<li>Compile a detailed report outlining the audit\'s findings.</li>\r\n<li>Highlight key areas of improvement, quick wins, and long-term strategies.</li>\r\n<li>Present this report to stakeholders to align on next steps.</li>\r\n</ul>\r\n</li>\r\n</ol>', 0, 14, '2025-07-02', '2025-07-05', NULL, 1, 1, NULL, '2025-02-10 03:39:59', '2025-02-10 03:39:59'),
(196, 3, 28, 'Define Marketing Goals and KPIs', '<h4><strong>Description:</strong></h4>\r\n<p>The second task focuses on defining clear, measurable marketing goals and key performance indicators (KPIs). These goals should align with the overall objectives of the campaign and the brand\'s business priorities. Establishing KPIs ensures that the campaign\'s progress and success can be accurately tracked and optimized.</p>\r\n<hr>\r\n<h4><strong>Steps to Complete:</strong></h4>\r\n<ol>\r\n<li>\r\n<p><strong>Identify Core Objectives:</strong></p>\r\n<ul>\r\n<li>Determine the primary goals of the campaign (e.g., increase website traffic, boost social media engagement, generate leads, or improve conversions).</li>\r\n<li>Align these goals with the company&rsquo;s overall business objectives.</li>\r\n</ul>\r\n</li>\r\n<li>\r\n<p><strong>Set SMART Goals:</strong></p>\r\n<ul>\r\n<li>Ensure goals are Specific, Measurable, Achievable, Relevant, and Time-bound.</li>\r\n<li>Examples:\r\n<ul>\r\n<li>\"Increase website traffic by 20% within three months.\"</li>\r\n<li>\"Grow social media followers by 10,000 in six months.\"</li>\r\n<li>\"Generate 500 qualified leads within the first quarter.\"</li>\r\n</ul>\r\n</li>\r\n</ul>\r\n</li>\r\n<li>\r\n<p><strong>Determine KPIs for Each Goal:</strong></p>\r\n<ul>\r\n<li>Identify metrics that will measure progress toward each goal.</li>\r\n<li>Examples:\r\n<ul>\r\n<li>Website Traffic: Page views, unique visitors, and bounce rate.</li>\r\n<li>Social Media Engagement: Likes, shares, comments, and follower growth.</li>\r\n<li>Lead Generation: Number of form submissions, email sign-ups, or downloads.</li>\r\n</ul>\r\n</li>\r\n</ul>\r\n</li>\r\n<li>\r\n<p><strong>Establish Benchmarks:</strong></p>\r\n<ul>\r\n<li>Use data from the digital marketing audit to set a baseline for each KPI.</li>\r\n<li>Example: \"Currently receiving 5,000 monthly website visits; aim for 6,000 next month.\"</li>\r\n</ul>\r\n</li>\r\n<li>\r\n<p><strong>Create a Goal Timeline:</strong></p>\r\n<ul>\r\n<li>Break down each goal into smaller milestones with specific deadlines.</li>\r\n<li>Example: \"Achieve 50% of the target increase in traffic by the end of the first month.\"</li>\r\n</ul>\r\n</li>\r\n<li>\r\n<p><strong>Communicate Goals with the Team:</strong></p>\r\n<ul>\r\n<li>Share the defined goals and KPIs with all stakeholders, including team members and management.</li>\r\n<li>Ensure everyone understands their role in achieving these goals.</li>\r\n</ul>\r\n</li>\r\n<li>\r\n<p><strong>Plan for Monitoring and Adjustments:</strong></p>\r\n<ul>\r\n<li>Decide on the tools and methods for tracking KPIs.</li>\r\n<li>Schedule regular reviews to evaluate progress and adjust strategies as needed.</li>\r\n</ul>\r\n</li>\r\n</ol>', 0, 14, '2025-07-14', '2025-07-19', NULL, 1, 1, NULL, '2025-02-10 03:43:44', '2025-02-10 03:46:14'),
(197, 3, 28, 'Develop a Comprehensive Marketing Strategy', '<h4><strong>Description:</strong></h4>\r\n<p>This task involves creating a detailed marketing strategy tailored to the goals and objectives defined earlier. The strategy should outline the methods, channels, and resources needed to execute the campaign effectively and achieve the desired outcomes.</p>\r\n<hr>\r\n<h4><strong>Steps to Complete:</strong></h4>\r\n<ol>\r\n<li>\r\n<p><strong>Choose Marketing Channels:</strong></p>\r\n<ul>\r\n<li>Determine which channels are most suitable for the target audience (e.g., social media, email, paid ads, content marketing, SEO).</li>\r\n<li>Prioritize platforms based on audience demographics and campaign objectives.</li>\r\n</ul>\r\n</li>\r\n<li>\r\n<p><strong>Content Strategy:</strong></p>\r\n<ul>\r\n<li>Define the type of content that will resonate with the target audience (e.g., blog posts, videos, infographics, webinars).</li>\r\n<li>Plan for a content calendar with themes, posting frequency, and deadlines.</li>\r\n</ul>\r\n</li>\r\n<li>\r\n<p><strong>Budget Allocation:</strong></p>\r\n<ul>\r\n<li>Establish a budget for each channel and activity.</li>\r\n<li>Allocate funds for paid ads, influencer partnerships, content creation, and analytics tools.</li>\r\n</ul>\r\n</li>\r\n<li>\r\n<p><strong>Target Audience Segmentation:</strong></p>\r\n<ul>\r\n<li>Segment the audience into specific groups based on demographics, behavior, and preferences.</li>\r\n<li>Tailor messages and campaigns for each segment to increase relevance and engagement.</li>\r\n</ul>\r\n</li>\r\n<li>\r\n<p><strong>SEO and Keyword Plan:</strong></p>\r\n<ul>\r\n<li>Develop a list of high-value keywords to optimize website and content for search engines.</li>\r\n<li>Include long-tail keywords for niche audiences.</li>\r\n</ul>\r\n</li>\r\n<li>\r\n<p><strong>Social Media Plan:</strong></p>\r\n<ul>\r\n<li>Select the platforms for social media campaigns (e.g., Instagram for visuals, LinkedIn for B2B).</li>\r\n<li>Create a strategy for engagement, including regular posts, stories, and interaction with followers.</li>\r\n</ul>\r\n</li>\r\n<li>\r\n<p><strong>Paid Advertising Strategy:</strong></p>\r\n<ul>\r\n<li>Design targeted ads for platforms like Google Ads, Facebook Ads, or LinkedIn.</li>\r\n<li>Set goals for impressions, clicks, and conversions for each campaign.</li>\r\n</ul>\r\n</li>\r\n<li>\r\n<p><strong>Influencer and Collaboration Plan:</strong></p>\r\n<ul>\r\n<li>Identify influencers or partners who align with the brand and campaign goals.</li>\r\n<li>Plan collaboration activities, such as sponsored posts, giveaways, or co-branded content.</li>\r\n</ul>\r\n</li>\r\n<li>\r\n<p><strong>Timeline for Execution:</strong></p>\r\n<ul>\r\n<li>Develop a project timeline outlining when and how each activity will be implemented.</li>\r\n<li>Assign deadlines to each phase of the strategy.</li>\r\n</ul>\r\n</li>\r\n<li>\r\n<p><strong>Performance Monitoring Plan:</strong></p>\r\n</li>\r\n</ol>\r\n<ul>\r\n<li>Set up analytics tools to monitor campaign performance across channels.</li>\r\n<li>Define the metrics to track for each activity and channel.</li>\r\n</ul>', 0, 14, '2025-07-21', '2025-07-26', NULL, 1, 1, NULL, '2025-02-10 03:47:12', '2025-02-10 03:48:41'),
(198, 3, 28, 'Create a Content Calendar', '<h4><strong>Description:</strong></h4>\r\n<p>This task focuses on developing a detailed content calendar to plan, schedule, and manage all marketing content effectively. The calendar ensures consistency, aligns content with campaign goals, and helps the team stay organized throughout the campaign.</p>\r\n<hr>\r\n<h4><strong>Steps to Complete:</strong></h4>\r\n<ol>\r\n<li>\r\n<p><strong>Define Content Types:</strong></p>\r\n<ul>\r\n<li>Identify the types of content to include in the campaign, such as blog posts, social media updates, email newsletters, videos, and infographics.</li>\r\n<li>Ensure variety to engage different segments of the audience.</li>\r\n</ul>\r\n</li>\r\n<li>\r\n<p><strong>Set Key Dates and Themes:</strong></p>\r\n<ul>\r\n<li>Highlight important dates, such as product launches, holidays, or industry events.</li>\r\n<li>Assign themes to align content with these dates (e.g., seasonal promotions, awareness campaigns).</li>\r\n</ul>\r\n</li>\r\n<li>\r\n<p><strong>Allocate Content to Channels:</strong></p>\r\n<ul>\r\n<li>Match each piece of content with the most suitable marketing channel.</li>\r\n<li>Example: Blog posts for the website, visuals for Instagram, and professional updates for LinkedIn.</li>\r\n</ul>\r\n</li>\r\n<li>\r\n<p><strong>Determine Posting Frequency:</strong></p>\r\n<ul>\r\n<li>Establish a consistent posting schedule for each channel.</li>\r\n<li>Example: Daily posts on Instagram, weekly blog updates, and monthly newsletters.</li>\r\n</ul>\r\n</li>\r\n<li>\r\n<p><strong>Assign Responsibilities:</strong></p>\r\n<ul>\r\n<li>Assign team members to create, review, and publish each piece of content.</li>\r\n<li>Include roles for writers, designers, editors, and social media managers.</li>\r\n</ul>\r\n</li>\r\n<li>\r\n<p><strong>Integrate Goals and KPIs:</strong></p>\r\n<ul>\r\n<li>Ensure each piece of content aligns with the goals defined in earlier tasks.</li>\r\n<li>Example: A blog post optimized for SEO to increase website traffic by 10%.</li>\r\n</ul>\r\n</li>\r\n<li>\r\n<p><strong>Choose Content Calendar Tools:</strong></p>\r\n<ul>\r\n<li>Use tools like Google Calendar, Trello, or Asana to build and share the content calendar with the team.</li>\r\n<li>Include deadlines, milestones, and review cycles.</li>\r\n</ul>\r\n</li>\r\n<li>\r\n<p><strong>Include Engagement Activities:</strong></p>\r\n<ul>\r\n<li>Plan interactive content, such as polls, quizzes, or live sessions, to increase audience participation.</li>\r\n<li>Schedule time for responding to comments, messages, and feedback.</li>\r\n</ul>\r\n</li>\r\n<li>\r\n<p><strong>Optimize for Consistency:</strong></p>\r\n<ul>\r\n<li>Ensure the tone, style, and branding are consistent across all content.</li>\r\n<li>Create templates or style guides to maintain uniformity.</li>\r\n</ul>\r\n</li>\r\n<li>\r\n<p><strong>Monitor and Adjust:</strong></p>\r\n<ul>\r\n<li>Regularly review the calendar&rsquo;s performance and make adjustments based on audience feedback and analytics.</li>\r\n<li>Identify gaps and add or reschedule content as needed.</li>\r\n</ul>\r\n</li>\r\n</ol>', 0, 14, '2025-07-28', '2025-07-31', NULL, 1, 1, NULL, '2025-02-10 03:49:05', '2025-02-10 03:50:10'),
(199, 3, 28, 'Develop Email Marketing Campaigns', '<h4><strong>Description:</strong></h4>\r\n<p>This task involves creating a comprehensive social media strategy to build brand presence, engage with the target audience, and achieve key marketing objectives. The strategy will cover content planning, platform-specific tactics, and community management.</p>\r\n<hr>\r\n<h4><strong>Steps to Complete:</strong></h4>\r\n<ol>\r\n<li>\r\n<p><strong>Audit Current Social Media Presence:</strong></p>\r\n<ul>\r\n<li>Evaluate existing accounts, followers, and engagement levels.</li>\r\n<li>Identify strengths, weaknesses, and opportunities for growth.</li>\r\n</ul>\r\n</li>\r\n<li>\r\n<p><strong>Set Social Media Goals:</strong></p>\r\n<ul>\r\n<li>Define clear objectives, such as increasing follower count, driving website traffic, or boosting engagement rates.</li>\r\n<li>Example: Achieve a 15% increase in Instagram engagement within three months.</li>\r\n</ul>\r\n</li>\r\n<li>\r\n<p><strong>Identify Target Platforms:</strong></p>\r\n<ul>\r\n<li>Choose platforms based on audience demographics and campaign objectives.</li>\r\n<li>Example: Instagram and TikTok for younger audiences, LinkedIn for professionals.</li>\r\n</ul>\r\n</li>\r\n<li>\r\n<p><strong>Develop a Content Plan:</strong></p>\r\n<ul>\r\n<li>Create a content calendar outlining posts, stories, and videos.</li>\r\n<li>Include diverse content types, such as educational posts, behind-the-scenes looks, and customer testimonials.</li>\r\n</ul>\r\n</li>\r\n<li>\r\n<p><strong>Craft Brand Voice and Messaging:</strong></p>\r\n<ul>\r\n<li>Establish a consistent tone and style that aligns with the brand&rsquo;s identity.</li>\r\n<li>Tailor messaging to suit each platform and audience segment.</li>\r\n</ul>\r\n</li>\r\n<li>\r\n<p><strong>Create Platform-Specific Strategies:</strong></p>\r\n<ul>\r\n<li>Develop unique approaches for each social media platform.</li>\r\n<li>Example: Use Instagram Reels for short videos and LinkedIn articles for thought leadership.</li>\r\n</ul>\r\n</li>\r\n<li>\r\n<p><strong>Design and Create Content:</strong></p>\r\n<ul>\r\n<li>Produce visually appealing posts, videos, and graphics using tools like Canva or Adobe Creative Suite.</li>\r\n<li>Ensure content is optimized for mobile devices.</li>\r\n</ul>\r\n</li>\r\n<li>\r\n<p><strong>Implement Hashtag and Tagging Strategies:</strong></p>\r\n<ul>\r\n<li>Research and use trending hashtags to increase discoverability.</li>\r\n<li>Tag relevant influencers, partners, or customers to boost reach.</li>\r\n</ul>\r\n</li>\r\n<li>\r\n<p><strong>Schedule and Automate Posts:</strong></p>\r\n<ul>\r\n<li>Use scheduling tools like Hootsuite or Buffer to streamline posting.</li>\r\n<li>Ensure posts go live at times when the audience is most active.</li>\r\n</ul>\r\n</li>\r\n<li>\r\n<p><strong>Engage with the Audience:</strong></p>\r\n<ul>\r\n<li>Respond to comments, messages, and mentions promptly.</li>\r\n<li>Foster community by initiating conversations and encouraging user-generated content.</li>\r\n</ul>\r\n</li>\r\n<li>\r\n<p><strong>Monitor Performance Metrics:</strong></p>\r\n<ul>\r\n<li>Track key metrics such as likes, shares, comments, and click-through rates.</li>\r\n<li>Use platform analytics to identify what&rsquo;s working and where improvements are needed.</li>\r\n</ul>\r\n</li>\r\n<li>\r\n<p><strong>Adjust and Optimize Strategy:</strong></p>\r\n<ul>\r\n<li>Refine content and tactics based on performance data.</li>\r\n<li>Experiment with new formats and trends to keep the strategy fresh.</li>\r\n</ul>\r\n</li>\r\n</ol>', 0, 14, '2025-08-01', '2025-08-09', NULL, 1, 1, NULL, '2025-02-10 03:50:44', '2025-02-10 03:59:31'),
(201, 3, 29, 'Conduct a Digital Marketing Audit', '<h4><strong>Description:</strong></h4>\r\n<p>The first step in the campaign is to conduct a comprehensive digital marketing audit. This involves analyzing the current state of the brand\'s online presence, including its website, social media platforms, SEO performance, and paid advertising strategies. The audit will provide insights into strengths, weaknesses, and opportunities for improvement.</p>\r\n<hr>\r\n<h4><strong>Steps to Complete:</strong></h4>\r\n<ol>\r\n<li>\r\n<p><strong>Website Analysis:</strong></p>\r\n<ul>\r\n<li>Review the website\'s design, user experience, and technical performance.</li>\r\n<li>Check for mobile-friendliness, page load speed, and broken links.</li>\r\n<li>Evaluate on-page SEO factors such as meta tags, keyword usage, and content quality.</li>\r\n</ul>\r\n</li>\r\n<li>\r\n<p><strong>SEO Assessment:</strong></p>\r\n<ul>\r\n<li>Analyze keyword rankings and search engine visibility.</li>\r\n<li>Perform a backlink audit to identify quality links and potential spam.</li>\r\n<li>Use tools like Ahrefs, SEMrush, or Google Search Console for detailed insights.</li>\r\n</ul>\r\n</li>\r\n<li>\r\n<p><strong>Social Media Audit:</strong></p>\r\n<ul>\r\n<li>Assess the performance of current social media platforms (engagement rates, follower growth, etc.).</li>\r\n<li>Identify the most effective types of posts and content.</li>\r\n<li>Evaluate the brand\'s consistency in voice, messaging, and visuals.</li>\r\n</ul>\r\n</li>\r\n<li>\r\n<p><strong>Paid Advertising Analysis:</strong></p>\r\n<ul>\r\n<li>Review the performance of Google Ads, Facebook Ads, or other paid campaigns.</li>\r\n<li>Identify which ads are delivering the best ROI and which need optimization.</li>\r\n<li>Check the alignment between ad copy and landing pages.</li>\r\n</ul>\r\n</li>\r\n<li>\r\n<p><strong>Competitor Analysis:</strong></p>\r\n<ul>\r\n<li>Benchmark against competitors to understand their strategies.</li>\r\n<li>Identify gaps in the market that the brand can capitalize on.</li>\r\n<li>Study competitors\' social media engagement, content types, and keywords targeted.</li>\r\n</ul>\r\n</li>\r\n<li>\r\n<p><strong>Content Review:</strong></p>\r\n<ul>\r\n<li>Assess existing blog posts, videos, infographics, and other content for quality and relevance.</li>\r\n<li>Identify top-performing pieces and areas where fresh content is needed.</li>\r\n</ul>\r\n</li>\r\n<li>\r\n<p><strong>Report Findings:</strong></p>\r\n<ul>\r\n<li>Compile a detailed report outlining the audit\'s findings.</li>\r\n<li>Highlight key areas of improvement, quick wins, and long-term strategies.</li>\r\n<li>Present this report to stakeholders to align on next steps.</li>\r\n</ul>\r\n</li>\r\n</ol>', 0, 14, '2025-07-02', '2025-07-05', NULL, 1, 1, NULL, '2025-02-10 04:01:15', '2025-02-10 04:01:15'),
(202, 3, 29, 'Define Marketing Goals and KPIs', '<h4><strong>Description:</strong></h4>\r\n<p>The second task focuses on defining clear, measurable marketing goals and key performance indicators (KPIs). These goals should align with the overall objectives of the campaign and the brand\'s business priorities. Establishing KPIs ensures that the campaign\'s progress and success can be accurately tracked and optimized.</p>\r\n<hr>\r\n<h4><strong>Steps to Complete:</strong></h4>\r\n<ol>\r\n<li>\r\n<p><strong>Identify Core Objectives:</strong></p>\r\n<ul>\r\n<li>Determine the primary goals of the campaign (e.g., increase website traffic, boost social media engagement, generate leads, or improve conversions).</li>\r\n<li>Align these goals with the company&rsquo;s overall business objectives.</li>\r\n</ul>\r\n</li>\r\n<li>\r\n<p><strong>Set SMART Goals:</strong></p>\r\n<ul>\r\n<li>Ensure goals are Specific, Measurable, Achievable, Relevant, and Time-bound.</li>\r\n<li>Examples:\r\n<ul>\r\n<li>\"Increase website traffic by 20% within three months.\"</li>\r\n<li>\"Grow social media followers by 10,000 in six months.\"</li>\r\n<li>\"Generate 500 qualified leads within the first quarter.\"</li>\r\n</ul>\r\n</li>\r\n</ul>\r\n</li>\r\n<li>\r\n<p><strong>Determine KPIs for Each Goal:</strong></p>\r\n<ul>\r\n<li>Identify metrics that will measure progress toward each goal.</li>\r\n<li>Examples:\r\n<ul>\r\n<li>Website Traffic: Page views, unique visitors, and bounce rate.</li>\r\n<li>Social Media Engagement: Likes, shares, comments, and follower growth.</li>\r\n<li>Lead Generation: Number of form submissions, email sign-ups, or downloads.</li>\r\n</ul>\r\n</li>\r\n</ul>\r\n</li>\r\n<li>\r\n<p><strong>Establish Benchmarks:</strong></p>\r\n<ul>\r\n<li>Use data from the digital marketing audit to set a baseline for each KPI.</li>\r\n<li>Example: \"Currently receiving 5,000 monthly website visits; aim for 6,000 next month.\"</li>\r\n</ul>\r\n</li>\r\n<li>\r\n<p><strong>Create a Goal Timeline:</strong></p>\r\n<ul>\r\n<li>Break down each goal into smaller milestones with specific deadlines.</li>\r\n<li>Example: \"Achieve 50% of the target increase in traffic by the end of the first month.\"</li>\r\n</ul>\r\n</li>\r\n<li>\r\n<p><strong>Communicate Goals with the Team:</strong></p>\r\n<ul>\r\n<li>Share the defined goals and KPIs with all stakeholders, including team members and management.</li>\r\n<li>Ensure everyone understands their role in achieving these goals.</li>\r\n</ul>\r\n</li>\r\n<li>\r\n<p><strong>Plan for Monitoring and Adjustments:</strong></p>\r\n<ul>\r\n<li>Decide on the tools and methods for tracking KPIs.</li>\r\n<li>Schedule regular reviews to evaluate progress and adjust strategies as needed.</li>\r\n</ul>\r\n</li>\r\n</ol>', 0, 14, '2025-07-14', '2025-07-19', NULL, 1, 1, NULL, '2025-02-10 04:01:15', '2025-02-10 04:01:15'),
(203, 3, 29, 'Develop a Comprehensive Marketing Strategy', '<h4><strong>Description:</strong></h4>\r\n<p>This task involves creating a detailed marketing strategy tailored to the goals and objectives defined earlier. The strategy should outline the methods, channels, and resources needed to execute the campaign effectively and achieve the desired outcomes.</p>\r\n<hr>\r\n<h4><strong>Steps to Complete:</strong></h4>\r\n<ol>\r\n<li>\r\n<p><strong>Choose Marketing Channels:</strong></p>\r\n<ul>\r\n<li>Determine which channels are most suitable for the target audience (e.g., social media, email, paid ads, content marketing, SEO).</li>\r\n<li>Prioritize platforms based on audience demographics and campaign objectives.</li>\r\n</ul>\r\n</li>\r\n<li>\r\n<p><strong>Content Strategy:</strong></p>\r\n<ul>\r\n<li>Define the type of content that will resonate with the target audience (e.g., blog posts, videos, infographics, webinars).</li>\r\n<li>Plan for a content calendar with themes, posting frequency, and deadlines.</li>\r\n</ul>\r\n</li>\r\n<li>\r\n<p><strong>Budget Allocation:</strong></p>\r\n<ul>\r\n<li>Establish a budget for each channel and activity.</li>\r\n<li>Allocate funds for paid ads, influencer partnerships, content creation, and analytics tools.</li>\r\n</ul>\r\n</li>\r\n<li>\r\n<p><strong>Target Audience Segmentation:</strong></p>\r\n<ul>\r\n<li>Segment the audience into specific groups based on demographics, behavior, and preferences.</li>\r\n<li>Tailor messages and campaigns for each segment to increase relevance and engagement.</li>\r\n</ul>\r\n</li>\r\n<li>\r\n<p><strong>SEO and Keyword Plan:</strong></p>\r\n<ul>\r\n<li>Develop a list of high-value keywords to optimize website and content for search engines.</li>\r\n<li>Include long-tail keywords for niche audiences.</li>\r\n</ul>\r\n</li>\r\n<li>\r\n<p><strong>Social Media Plan:</strong></p>\r\n<ul>\r\n<li>Select the platforms for social media campaigns (e.g., Instagram for visuals, LinkedIn for B2B).</li>\r\n<li>Create a strategy for engagement, including regular posts, stories, and interaction with followers.</li>\r\n</ul>\r\n</li>\r\n<li>\r\n<p><strong>Paid Advertising Strategy:</strong></p>\r\n<ul>\r\n<li>Design targeted ads for platforms like Google Ads, Facebook Ads, or LinkedIn.</li>\r\n<li>Set goals for impressions, clicks, and conversions for each campaign.</li>\r\n</ul>\r\n</li>\r\n<li>\r\n<p><strong>Influencer and Collaboration Plan:</strong></p>\r\n<ul>\r\n<li>Identify influencers or partners who align with the brand and campaign goals.</li>\r\n<li>Plan collaboration activities, such as sponsored posts, giveaways, or co-branded content.</li>\r\n</ul>\r\n</li>\r\n<li>\r\n<p><strong>Timeline for Execution:</strong></p>\r\n<ul>\r\n<li>Develop a project timeline outlining when and how each activity will be implemented.</li>\r\n<li>Assign deadlines to each phase of the strategy.</li>\r\n</ul>\r\n</li>\r\n<li>\r\n<p><strong>Performance Monitoring Plan:</strong></p>\r\n</li>\r\n</ol>\r\n<ul>\r\n<li>Set up analytics tools to monitor campaign performance across channels.</li>\r\n<li>Define the metrics to track for each activity and channel.</li>\r\n</ul>', 0, 14, '2025-07-21', '2025-07-26', NULL, 1, 1, NULL, '2025-02-10 04:01:15', '2025-02-10 04:01:15'),
(204, 3, 29, 'Create a Content Calendar', '<h4><strong>Description:</strong></h4>\r\n<p>This task focuses on developing a detailed content calendar to plan, schedule, and manage all marketing content effectively. The calendar ensures consistency, aligns content with campaign goals, and helps the team stay organized throughout the campaign.</p>\r\n<hr>\r\n<h4><strong>Steps to Complete:</strong></h4>\r\n<ol>\r\n<li>\r\n<p><strong>Define Content Types:</strong></p>\r\n<ul>\r\n<li>Identify the types of content to include in the campaign, such as blog posts, social media updates, email newsletters, videos, and infographics.</li>\r\n<li>Ensure variety to engage different segments of the audience.</li>\r\n</ul>\r\n</li>\r\n<li>\r\n<p><strong>Set Key Dates and Themes:</strong></p>\r\n<ul>\r\n<li>Highlight important dates, such as product launches, holidays, or industry events.</li>\r\n<li>Assign themes to align content with these dates (e.g., seasonal promotions, awareness campaigns).</li>\r\n</ul>\r\n</li>\r\n<li>\r\n<p><strong>Allocate Content to Channels:</strong></p>\r\n<ul>\r\n<li>Match each piece of content with the most suitable marketing channel.</li>\r\n<li>Example: Blog posts for the website, visuals for Instagram, and professional updates for LinkedIn.</li>\r\n</ul>\r\n</li>\r\n<li>\r\n<p><strong>Determine Posting Frequency:</strong></p>\r\n<ul>\r\n<li>Establish a consistent posting schedule for each channel.</li>\r\n<li>Example: Daily posts on Instagram, weekly blog updates, and monthly newsletters.</li>\r\n</ul>\r\n</li>\r\n<li>\r\n<p><strong>Assign Responsibilities:</strong></p>\r\n<ul>\r\n<li>Assign team members to create, review, and publish each piece of content.</li>\r\n<li>Include roles for writers, designers, editors, and social media managers.</li>\r\n</ul>\r\n</li>\r\n<li>\r\n<p><strong>Integrate Goals and KPIs:</strong></p>\r\n<ul>\r\n<li>Ensure each piece of content aligns with the goals defined in earlier tasks.</li>\r\n<li>Example: A blog post optimized for SEO to increase website traffic by 10%.</li>\r\n</ul>\r\n</li>\r\n<li>\r\n<p><strong>Choose Content Calendar Tools:</strong></p>\r\n<ul>\r\n<li>Use tools like Google Calendar, Trello, or Asana to build and share the content calendar with the team.</li>\r\n<li>Include deadlines, milestones, and review cycles.</li>\r\n</ul>\r\n</li>\r\n<li>\r\n<p><strong>Include Engagement Activities:</strong></p>\r\n<ul>\r\n<li>Plan interactive content, such as polls, quizzes, or live sessions, to increase audience participation.</li>\r\n<li>Schedule time for responding to comments, messages, and feedback.</li>\r\n</ul>\r\n</li>\r\n<li>\r\n<p><strong>Optimize for Consistency:</strong></p>\r\n<ul>\r\n<li>Ensure the tone, style, and branding are consistent across all content.</li>\r\n<li>Create templates or style guides to maintain uniformity.</li>\r\n</ul>\r\n</li>\r\n<li>\r\n<p><strong>Monitor and Adjust:</strong></p>\r\n<ul>\r\n<li>Regularly review the calendar&rsquo;s performance and make adjustments based on audience feedback and analytics.</li>\r\n<li>Identify gaps and add or reschedule content as needed.</li>\r\n</ul>\r\n</li>\r\n</ol>', 0, 14, '2025-07-28', '2025-07-31', NULL, 1, 1, NULL, '2025-02-10 04:01:15', '2025-02-10 04:01:15'),
(205, 3, 29, 'Develop Email Marketing Campaigns', '<h4><strong>Description:</strong></h4>\r\n<p>This task involves creating a comprehensive social media strategy to build brand presence, engage with the target audience, and achieve key marketing objectives. The strategy will cover content planning, platform-specific tactics, and community management.</p>\r\n<hr>\r\n<h4><strong>Steps to Complete:</strong></h4>\r\n<ol>\r\n<li>\r\n<p><strong>Audit Current Social Media Presence:</strong></p>\r\n<ul>\r\n<li>Evaluate existing accounts, followers, and engagement levels.</li>\r\n<li>Identify strengths, weaknesses, and opportunities for growth.</li>\r\n</ul>\r\n</li>\r\n<li>\r\n<p><strong>Set Social Media Goals:</strong></p>\r\n<ul>\r\n<li>Define clear objectives, such as increasing follower count, driving website traffic, or boosting engagement rates.</li>\r\n<li>Example: Achieve a 15% increase in Instagram engagement within three months.</li>\r\n</ul>\r\n</li>\r\n<li>\r\n<p><strong>Identify Target Platforms:</strong></p>\r\n<ul>\r\n<li>Choose platforms based on audience demographics and campaign objectives.</li>\r\n<li>Example: Instagram and TikTok for younger audiences, LinkedIn for professionals.</li>\r\n</ul>\r\n</li>\r\n<li>\r\n<p><strong>Develop a Content Plan:</strong></p>\r\n<ul>\r\n<li>Create a content calendar outlining posts, stories, and videos.</li>\r\n<li>Include diverse content types, such as educational posts, behind-the-scenes looks, and customer testimonials.</li>\r\n</ul>\r\n</li>\r\n<li>\r\n<p><strong>Craft Brand Voice and Messaging:</strong></p>\r\n<ul>\r\n<li>Establish a consistent tone and style that aligns with the brand&rsquo;s identity.</li>\r\n<li>Tailor messaging to suit each platform and audience segment.</li>\r\n</ul>\r\n</li>\r\n<li>\r\n<p><strong>Create Platform-Specific Strategies:</strong></p>\r\n<ul>\r\n<li>Develop unique approaches for each social media platform.</li>\r\n<li>Example: Use Instagram Reels for short videos and LinkedIn articles for thought leadership.</li>\r\n</ul>\r\n</li>\r\n<li>\r\n<p><strong>Design and Create Content:</strong></p>\r\n<ul>\r\n<li>Produce visually appealing posts, videos, and graphics using tools like Canva or Adobe Creative Suite.</li>\r\n<li>Ensure content is optimized for mobile devices.</li>\r\n</ul>\r\n</li>\r\n<li>\r\n<p><strong>Implement Hashtag and Tagging Strategies:</strong></p>\r\n<ul>\r\n<li>Research and use trending hashtags to increase discoverability.</li>\r\n<li>Tag relevant influencers, partners, or customers to boost reach.</li>\r\n</ul>\r\n</li>\r\n<li>\r\n<p><strong>Schedule and Automate Posts:</strong></p>\r\n<ul>\r\n<li>Use scheduling tools like Hootsuite or Buffer to streamline posting.</li>\r\n<li>Ensure posts go live at times when the audience is most active.</li>\r\n</ul>\r\n</li>\r\n<li>\r\n<p><strong>Engage with the Audience:</strong></p>\r\n<ul>\r\n<li>Respond to comments, messages, and mentions promptly.</li>\r\n<li>Foster community by initiating conversations and encouraging user-generated content.</li>\r\n</ul>\r\n</li>\r\n<li>\r\n<p><strong>Monitor Performance Metrics:</strong></p>\r\n<ul>\r\n<li>Track key metrics such as likes, shares, comments, and click-through rates.</li>\r\n<li>Use platform analytics to identify what&rsquo;s working and where improvements are needed.</li>\r\n</ul>\r\n</li>\r\n<li>\r\n<p><strong>Adjust and Optimize Strategy:</strong></p>\r\n<ul>\r\n<li>Refine content and tactics based on performance data.</li>\r\n<li>Experiment with new formats and trends to keep the strategy fresh.</li>\r\n</ul>\r\n</li>\r\n</ol>', 0, 14, '2025-08-01', '2025-08-09', NULL, 1, 1, NULL, '2025-02-10 04:01:15', '2025-02-10 04:01:15'),
(206, 3, 30, 'Conduct a Social Media Audit', '<h4><strong>Description:</strong></h4>\r\n<p>The first step in overhauling the global social media strategy is conducting a thorough audit of the brand\'s current social media presence. This task identifies strengths, weaknesses, opportunities, and gaps in performance, providing a foundation for crafting a data-driven and impactful strategy.</p>\r\n<hr>\r\n<h4><strong>Steps to Complete:</strong></h4>\r\n<ol>\r\n<li>\r\n<p><strong>Inventory Existing Accounts:</strong></p>\r\n<ul>\r\n<li>List all active social media accounts and confirm ownership.</li>\r\n<li>Check for any outdated or duplicate accounts that may require consolidation or deletion.</li>\r\n</ul>\r\n</li>\r\n<li>\r\n<p><strong>Analyze Performance Metrics:</strong></p>\r\n<ul>\r\n<li>Collect and review key metrics such as follower growth, engagement rates, click-through rates (CTR), impressions, and reach for each platform.</li>\r\n<li>Compare these metrics against industry benchmarks.</li>\r\n</ul>\r\n</li>\r\n<li>\r\n<p><strong>Evaluate Content Effectiveness:</strong></p>\r\n<ul>\r\n<li>Assess the performance of past content, identifying which formats (videos, images, text posts) and themes resonate most with the audience.</li>\r\n<li>Note underperforming content types to refine future strategies.</li>\r\n</ul>\r\n</li>\r\n<li>\r\n<p><strong>Assess Audience Demographics:</strong></p>\r\n<ul>\r\n<li>Review analytics to understand the audience\'s demographics, such as age, gender, location, and interests, on each platform.</li>\r\n<li>Identify mismatches between the current audience and the target audience.</li>\r\n</ul>\r\n</li>\r\n<li>\r\n<p><strong>Review Branding Consistency:</strong></p>\r\n<ul>\r\n<li>Check for uniformity in visual elements (logos, color schemes, and fonts) and messaging across platforms.</li>\r\n<li>Identify inconsistencies that may confuse or alienate followers.</li>\r\n</ul>\r\n</li>\r\n<li>\r\n<p><strong>Audit Platform-Specific Strategies:</strong></p>\r\n<ul>\r\n<li>Analyze the effectiveness of current strategies for individual platforms, ensuring each is utilized according to its strengths.</li>\r\n<li>For instance, LinkedIn for professional content, Instagram for visual storytelling, and TikTok for short-form videos.</li>\r\n</ul>\r\n</li>\r\n<li>\r\n<p><strong>Benchmark Against Competitors:</strong></p>\r\n<ul>\r\n<li>Identify top competitors and evaluate their social media strategies.</li>\r\n<li>Highlight practices where competitors excel and explore opportunities to differentiate your brand.</li>\r\n</ul>\r\n</li>\r\n<li>\r\n<p><strong>Identify Pain Points and Opportunities:</strong></p>\r\n<ul>\r\n<li>Document gaps, such as lack of engagement, low content variety, or poor response rates to audience queries.</li>\r\n<li>Highlight opportunities like emerging platforms, trends, or underutilized content types.</li>\r\n</ul>\r\n</li>\r\n<li>\r\n<p><strong>Summarize Findings:</strong></p>\r\n<ul>\r\n<li>Compile audit results into a comprehensive report that includes strengths, weaknesses, and actionable recommendations.</li>\r\n<li>Use visuals like charts and tables to enhance clarity.</li>\r\n</ul>\r\n</li>\r\n<li>\r\n<p><strong>Present Audit to Stakeholders:</strong></p>\r\n</li>\r\n</ol>', 0, NULL, '2025-02-11', '2025-02-22', NULL, 1, 1, NULL, '2025-02-10 04:05:51', '2025-02-10 04:05:51'),
(207, 3, 30, 'Define Global Social Media Goals', '<h4><strong>Description:</strong></h4>\r\n<p>The second step in the project involves setting clear and measurable goals for the global social media strategy. These goals will guide all activities, ensure alignment with the brand&rsquo;s objectives, and help measure the success of the campaign.</p>\r\n<hr>\r\n<h4><strong>Steps to Complete:</strong></h4>\r\n<ol>\r\n<li>\r\n<p><strong>Align Goals with Business Objectives:</strong></p>\r\n<ul>\r\n<li>Identify how social media can support broader business objectives, such as increasing revenue, improving brand awareness, or driving customer retention.</li>\r\n</ul>\r\n</li>\r\n<li>\r\n<p><strong>Set SMART Goals:</strong></p>\r\n<ul>\r\n<li>Define <strong>Specific, Measurable, Achievable, Relevant, and Time-bound</strong> (SMART) goals to ensure clarity and focus.</li>\r\n<li>Examples:\r\n<ul>\r\n<li>Increase Instagram followers by 20% within six months.</li>\r\n<li>Achieve a 15% engagement rate on all platforms within three months.</li>\r\n<li>Generate 500 qualified leads per month through LinkedIn.</li>\r\n</ul>\r\n</li>\r\n</ul>\r\n</li>\r\n<li>\r\n<p><strong>Categorize Goals:</strong></p>\r\n<ul>\r\n<li>Break down goals into categories such as:\r\n<ul>\r\n<li><strong>Awareness:</strong> Growing audience size or brand visibility.</li>\r\n<li><strong>Engagement:</strong> Increasing likes, shares, comments, or other interactions.</li>\r\n<li><strong>Conversion:</strong> Driving website traffic, sign-ups, or purchases.</li>\r\n</ul>\r\n</li>\r\n</ul>\r\n</li>\r\n<li>\r\n<p><strong>Incorporate Regional and Global Perspectives:</strong></p>\r\n<ul>\r\n<li>Ensure goals address the needs of both global audiences and regional markets, balancing brand consistency with local relevance.</li>\r\n</ul>\r\n</li>\r\n<li>\r\n<p><strong>Involve Stakeholders:</strong></p>\r\n<ul>\r\n<li>Collaborate with marketing, sales, and executive teams to ensure alignment and buy-in for social media goals.</li>\r\n</ul>\r\n</li>\r\n<li>\r\n<p><strong>Set Platform-Specific Goals:</strong></p>\r\n<ul>\r\n<li>Tailor objectives for individual platforms based on their unique characteristics. For example:\r\n<ul>\r\n<li>LinkedIn: Increase B2B leads.</li>\r\n<li>Instagram: Enhance visual storytelling.</li>\r\n<li>TikTok: Expand reach among younger audiences.</li>\r\n</ul>\r\n</li>\r\n</ul>\r\n</li>\r\n<li>\r\n<p><strong>Prioritize Goals:</strong></p>\r\n<ul>\r\n<li>Rank goals by importance and feasibility to focus resources effectively.</li>\r\n</ul>\r\n</li>\r\n<li>\r\n<p><strong>Define Success Metrics:</strong></p>\r\n<ul>\r\n<li>Establish key performance indicators (KPIs) for each goal to measure progress.</li>\r\n<li>Examples: follower growth, CTR, conversion rate, or cost-per-lead (CPL).</li>\r\n</ul>\r\n</li>\r\n<li>\r\n<p><strong>Create a Goal Tracking System:</strong></p>\r\n<ul>\r\n<li>Use tools like spreadsheets or project management software to track progress and adjust strategies as needed.</li>\r\n</ul>\r\n</li>\r\n<li>\r\n<p><strong>Communicate Goals Across Teams:</strong></p>\r\n<ul>\r\n<li>Share the finalized goals with all relevant teams to ensure everyone is aligned and understands their role in achieving them.</li>\r\n</ul>\r\n</li>\r\n</ol>', 72, 15, '2025-02-24', '2025-02-28', NULL, 1, 1, NULL, '2025-02-10 04:05:51', '2025-02-10 04:05:51'),
(208, 3, 30, 'Research Target Audiences', '<h4><strong>Description:</strong></h4>\r\n<p>Understanding your target audience is critical for creating content and campaigns that resonate. This task involves gathering detailed insights into the demographics, preferences, and behaviors of the audience across global and regional markets.</p>\r\n<hr>\r\n<h4><strong>Steps to Complete:</strong></h4>\r\n<ol>\r\n<li>\r\n<p><strong>Identify Key Audience Segments:</strong></p>\r\n<ul>\r\n<li>Break down the audience into segments based on factors like age, gender, location, occupation, and interests.</li>\r\n<li>Include both current and potential customers.</li>\r\n</ul>\r\n</li>\r\n<li>\r\n<p><strong>Analyze Existing Data:</strong></p>\r\n<ul>\r\n<li>Use insights from social media analytics tools (e.g., Facebook Insights, Instagram Analytics) to understand who is engaging with your content.</li>\r\n<li>Leverage CRM or sales data to identify common audience traits.</li>\r\n</ul>\r\n</li>\r\n<li>\r\n<p><strong>Conduct Market Research:</strong></p>\r\n<ul>\r\n<li>Perform surveys, polls, and focus groups to gain firsthand insights into audience preferences and expectations.</li>\r\n<li>Research industry reports to understand broader trends influencing your audience.</li>\r\n</ul>\r\n</li>\r\n<li>\r\n<p><strong>Study Regional Variations:</strong></p>\r\n<ul>\r\n<li>Gather information about cultural preferences, language nuances, and popular trends in each region to tailor strategies effectively.</li>\r\n</ul>\r\n</li>\r\n<li>\r\n<p><strong>Review Competitor Audiences:</strong></p>\r\n<ul>\r\n<li>Analyze competitors&rsquo; audiences using tools like SEMrush or social media analytics to identify underserved segments or areas of opportunity.</li>\r\n</ul>\r\n</li>\r\n<li>\r\n<p><strong>Define Personas:</strong></p>\r\n<ul>\r\n<li>Create detailed audience personas for each segment, including information like:\r\n<ul>\r\n<li>Name and age group.</li>\r\n<li>Occupation and lifestyle.</li>\r\n<li>Preferred social media platforms.</li>\r\n<li>Pain points and goals.</li>\r\n<li>Content preferences (e.g., videos, blogs, infographics).</li>\r\n</ul>\r\n</li>\r\n</ul>\r\n</li>\r\n<li>\r\n<p><strong>Understand Behavioral Patterns:</strong></p>\r\n<ul>\r\n<li>Determine when your audience is most active on social media.</li>\r\n<li>Identify the types of content they share, comment on, or save.</li>\r\n</ul>\r\n</li>\r\n<li>\r\n<p><strong>Gather Platform-Specific Insights:</strong></p>\r\n<ul>\r\n<li>Research how your target audience uses each platform. For example:\r\n<ul>\r\n<li>LinkedIn for professional content.</li>\r\n<li>TikTok for entertainment and short videos.</li>\r\n<li>Instagram for visually rich posts and stories.</li>\r\n</ul>\r\n</li>\r\n</ul>\r\n</li>\r\n<li>\r\n<p><strong>Use Advanced Tools for Insights:</strong></p>\r\n<ul>\r\n<li>Utilize AI-driven tools like Hootsuite, Sprout Social, or Google Analytics for deeper analysis of audience behaviors and trends.</li>\r\n</ul>\r\n</li>\r\n<li>\r\n<p><strong>Compile a Comprehensive Report:</strong></p>\r\n<ul>\r\n<li>Organize all findings into a clear and actionable report. Include key demographics, behaviors, and content preferences.</li>\r\n<li>Highlight actionable insights for each audience segment and platform.</li>\r\n</ul>\r\n</li>\r\n</ol>', 0, NULL, '2025-03-01', '2025-03-22', NULL, 1, 1, NULL, '2025-02-10 04:05:51', '2025-02-10 04:05:51'),
(209, 3, 30, 'Develop a Comprehensive Content Strategy', '<h4><strong>Description:</strong></h4>\r\n<p>A well-structured content strategy is the backbone of a successful global social media campaign. This task focuses on defining the types of content, themes, posting schedules, and formats that align with the audience&rsquo;s preferences and the project&rsquo;s goals.</p>\r\n<hr>\r\n<h4><strong>Steps to Complete:</strong></h4>\r\n<ol>\r\n<li>\r\n<p><strong>Set Content Objectives:</strong></p>\r\n<ul>\r\n<li>Identify the purpose of your content, such as driving engagement, educating the audience, or increasing brand awareness.</li>\r\n<li>Ensure each content piece aligns with the global social media goals established earlier.</li>\r\n</ul>\r\n</li>\r\n<li>\r\n<p><strong>Define Content Pillars:</strong></p>\r\n<ul>\r\n<li>Establish the primary themes or topics that reflect the brand&rsquo;s identity and resonate with the audience.</li>\r\n<li>Examples:\r\n<ul>\r\n<li>Thought leadership and industry insights.</li>\r\n<li>Behind-the-scenes glimpses of company culture.</li>\r\n<li>User-generated content and testimonials.</li>\r\n</ul>\r\n</li>\r\n</ul>\r\n</li>\r\n<li>\r\n<p><strong>Select Content Formats:</strong></p>\r\n<ul>\r\n<li>Determine the most effective formats for each platform, such as:\r\n<ul>\r\n<li>Instagram: Stories, reels, and carousels.</li>\r\n<li>LinkedIn: Articles, polls, and infographics.</li>\r\n<li>TikTok: Short, engaging videos.</li>\r\n</ul>\r\n</li>\r\n</ul>\r\n</li>\r\n<li>\r\n<p><strong>Create a Content Calendar:</strong></p>\r\n<ul>\r\n<li>Develop a posting schedule that includes dates, times, and platforms for each piece of content.</li>\r\n<li>Ensure a balance of promotional, educational, and entertaining posts.</li>\r\n</ul>\r\n</li>\r\n<li>\r\n<p><strong>Incorporate Regional Adaptations:</strong></p>\r\n<ul>\r\n<li>Tailor content to fit regional markets by including local trends, language preferences, and culturally relevant visuals.</li>\r\n</ul>\r\n</li>\r\n<li>\r\n<p><strong>Establish Brand Guidelines:</strong></p>\r\n<ul>\r\n<li>Develop a style guide for tone, voice, visuals, and branding elements to ensure consistency across all platforms.</li>\r\n</ul>\r\n</li>\r\n<li>\r\n<p><strong>Leverage Influencers and Partnerships:</strong></p>\r\n<ul>\r\n<li>Identify influencers or brand ambassadors who can amplify your message to their followers.</li>\r\n<li>Collaborate with partners for co-branded content.</li>\r\n</ul>\r\n</li>\r\n<li>\r\n<p><strong>Plan for Engagement-Driven Content:</strong></p>\r\n<ul>\r\n<li>Include interactive content such as polls, Q&amp;A sessions, and contests to foster audience participation.</li>\r\n</ul>\r\n</li>\r\n<li>\r\n<p><strong>Repurpose Content Strategically:</strong></p>\r\n<ul>\r\n<li>Maximize efficiency by repurposing content across platforms.</li>\r\n<li>For example, transform a blog post into an infographic or a webinar into a series of short videos.</li>\r\n</ul>\r\n</li>\r\n<li>\r\n<p><strong>Allocate Resources for Content Creation:</strong></p>\r\n<ul>\r\n<li>Assign roles and responsibilities for content creation, such as copywriting, graphic design, and video production.</li>\r\n<li>Ensure teams have access to necessary tools and software.</li>\r\n</ul>\r\n</li>\r\n<li>\r\n<p><strong>Test and Iterate:</strong></p>\r\n<ul>\r\n<li>Experiment with different types of content to identify what resonates most with your audience.</li>\r\n<li>Use analytics to refine and optimize your strategy continuously.</li>\r\n</ul>\r\n</li>\r\n<li>\r\n<p><strong>Document the Strategy:</strong></p>\r\n<ul>\r\n<li>Compile the strategy into a formal document to guide the team and ensure consistency.</li>\r\n</ul>\r\n</li>\r\n</ol>', 0, NULL, '2025-03-24', '2025-03-31', NULL, 1, 1, NULL, '2025-02-10 04:05:51', '2025-02-10 04:05:51'),
(210, 3, 30, 'Establish Platform-Specific Strategies', '<h4><strong>Description:</strong></h4>\r\n<p>Each social media platform has unique features, audience preferences, and engagement dynamics. This task focuses on tailoring strategies for individual platforms to maximize their potential and ensure content resonates effectively with users.</p>\r\n<hr>\r\n<h4><strong>Steps to Complete:</strong></h4>\r\n<ol>\r\n<li>\r\n<p><strong>Analyze Platform Demographics:</strong></p>\r\n<ul>\r\n<li>Study the user base for each platform (e.g., Instagram, LinkedIn, TikTok, Twitter).</li>\r\n<li>Understand which audience segments are most active on each platform and align content accordingly.</li>\r\n</ul>\r\n</li>\r\n<li>\r\n<p><strong>Identify Platform Strengths:</strong></p>\r\n<ul>\r\n<li>Highlight the strengths of each platform, such as LinkedIn for B2B networking, Instagram for visual storytelling, or TikTok for short-form entertainment.</li>\r\n</ul>\r\n</li>\r\n<li>\r\n<p><strong>Tailor Content Formats:</strong></p>\r\n<ul>\r\n<li>Define specific formats for each platform:\r\n<ul>\r\n<li>Instagram: High-quality images, reels, and stories.</li>\r\n<li>TikTok: Short, creative, and trend-based videos.</li>\r\n<li>LinkedIn: Professional articles, thought leadership posts, and industry updates.</li>\r\n</ul>\r\n</li>\r\n</ul>\r\n</li>\r\n<li>\r\n<p><strong>Customize Engagement Approaches:</strong></p>\r\n<ul>\r\n<li>Plan platform-specific engagement strategies:\r\n<ul>\r\n<li>Instagram: Respond to comments and DMs quickly.</li>\r\n<li>Twitter: Actively participate in trending topics or hashtags.</li>\r\n<li>TikTok: Collaborate with creators or jump on viral challenges.</li>\r\n</ul>\r\n</li>\r\n</ul>\r\n</li>\r\n<li>\r\n<p><strong>Set Frequency and Timing:</strong></p>\r\n<ul>\r\n<li>Determine the ideal posting frequency for each platform based on audience activity patterns.</li>\r\n<li>Schedule posts to maximize visibility during peak engagement times.</li>\r\n</ul>\r\n</li>\r\n<li>\r\n<p><strong>Utilize Platform Tools:</strong></p>\r\n<ul>\r\n<li>Leverage native tools to enhance content, such as Instagram filters, LinkedIn polls, or Twitter spaces.</li>\r\n</ul>\r\n</li>\r\n<li>\r\n<p><strong>Plan Paid Campaigns:</strong></p>\r\n<ul>\r\n<li>Develop platform-specific paid strategies for promoted posts, ads, and sponsored content.</li>\r\n<li>Target audiences precisely using the platform&rsquo;s ad tools (e.g., Facebook Ads Manager, LinkedIn Campaign Manager).</li>\r\n</ul>\r\n</li>\r\n<li>\r\n<p><strong>Monitor Competitors:</strong></p>\r\n<ul>\r\n<li>Analyze competitors&rsquo; strategies on each platform to identify successful tactics or gaps to exploit.</li>\r\n</ul>\r\n</li>\r\n<li>\r\n<p><strong>Leverage Analytics:</strong></p>\r\n<ul>\r\n<li>Use platform analytics (e.g., Instagram Insights, LinkedIn Analytics) to track performance and refine strategies.</li>\r\n</ul>\r\n</li>\r\n<li>\r\n<p><strong>Integrate Platform Cross-Promotion:</strong></p>\r\n<ul>\r\n<li>Strategize ways to cross-promote content between platforms.</li>\r\n<li>Example: Use Instagram stories to highlight a LinkedIn article or share TikTok videos on Instagram reels.</li>\r\n</ul>\r\n</li>\r\n<li>\r\n<p><strong>Train the Team:</strong></p>\r\n<ul>\r\n<li>Provide platform-specific training for team members to ensure they understand unique features and engagement practices for each channel.</li>\r\n</ul>\r\n</li>\r\n<li>\r\n<p><strong>Document Strategies:</strong></p>\r\n<ul>\r\n<li>Compile individual platform strategies into a single guide for easy reference and consistent execution.</li>\r\n</ul>\r\n</li>\r\n</ol>', 0, NULL, '2025-04-01', '2025-04-19', NULL, 1, 1, NULL, '2025-02-10 04:05:51', '2025-02-10 04:05:51');
INSERT INTO `tasks` (`id`, `workspace_id`, `project_id`, `title`, `description`, `status_id`, `priority_id`, `start_date`, `due_date`, `note`, `client_can_discuss`, `created_by`, `parent_id`, `created_at`, `updated_at`) VALUES
(211, 3, 30, 'Design and Develop Creative Assets', '<h4><strong>Description:</strong></h4>\r\n<p>Creative assets are the visual and multimedia components that capture attention and convey messages effectively. This task involves designing high-quality visuals, videos, and other media tailored to the project&rsquo;s objectives and audience preferences.</p>\r\n<hr>\r\n<h4><strong>Steps to Complete:</strong></h4>\r\n<ol>\r\n<li>\r\n<p><strong>Define Asset Requirements:</strong></p>\r\n<ul>\r\n<li>Identify the types of creative assets needed for each platform, such as:\r\n<ul>\r\n<li>Instagram: Carousel posts, reels, and infographics.</li>\r\n<li>LinkedIn: Professional banners and infographics.</li>\r\n<li>TikTok: Short-form videos with engaging transitions.</li>\r\n</ul>\r\n</li>\r\n</ul>\r\n</li>\r\n<li>\r\n<p><strong>Create a Visual Style Guide:</strong></p>\r\n<ul>\r\n<li>Develop guidelines for colors, typography, logos, and imagery to ensure brand consistency.</li>\r\n<li>Include specific rules for platform adaptation (e.g., square vs. vertical images).</li>\r\n</ul>\r\n</li>\r\n<li>\r\n<p><strong>Plan for Multimedia Content:</strong></p>\r\n<ul>\r\n<li>Allocate resources for video production, GIFs, animations, and other multimedia elements.</li>\r\n<li>Create dynamic content like motion graphics or live videos to increase engagement.</li>\r\n</ul>\r\n</li>\r\n<li>\r\n<p><strong>Collaborate with Designers and Creators:</strong></p>\r\n<ul>\r\n<li>Work closely with graphic designers, videographers, and content creators to bring ideas to life.</li>\r\n<li>Provide clear briefs outlining the purpose, target audience, and platform requirements for each asset.</li>\r\n</ul>\r\n</li>\r\n<li>\r\n<p><strong>Leverage Stock Resources:</strong></p>\r\n<ul>\r\n<li>Utilize high-quality stock photos, videos, and illustrations where custom designs are not feasible.</li>\r\n<li>Ensure all assets are licensed and appropriate for commercial use.</li>\r\n</ul>\r\n</li>\r\n<li>\r\n<p><strong>Optimize for Platform Specifications:</strong></p>\r\n<ul>\r\n<li>Design assets to meet each platform\'s technical requirements, such as resolution, aspect ratio, and file size.</li>\r\n<li>Example:\r\n<ul>\r\n<li>Instagram stories: 1080x1920 pixels.</li>\r\n<li>LinkedIn posts: 1200x628 pixels.</li>\r\n</ul>\r\n</li>\r\n</ul>\r\n</li>\r\n<li>\r\n<p><strong>Ensure Accessibility:</strong></p>\r\n<ul>\r\n<li>Add alt text for images and captions for videos to make content accessible to all users.</li>\r\n<li>Use clear, high-contrast designs to improve readability.</li>\r\n</ul>\r\n</li>\r\n<li>\r\n<p><strong>Create Templates for Efficiency:</strong></p>\r\n<ul>\r\n<li>Develop reusable templates for recurring content, such as announcements, quotes, or updates.</li>\r\n</ul>\r\n</li>\r\n<li>\r\n<p><strong>Test and Iterate:</strong></p>\r\n<ul>\r\n<li>Review initial designs with team members or focus groups for feedback.</li>\r\n<li>Make improvements based on audience preferences and engagement data.</li>\r\n</ul>\r\n</li>\r\n<li>\r\n<p><strong>Maintain a Content Library:</strong></p>\r\n<ul>\r\n<li>Organize all creative assets in a centralized library for easy access by team members.</li>\r\n<li>Include version tracking for updates and improvements.</li>\r\n</ul>\r\n</li>\r\n<li>\r\n<p><strong>Align with Campaign Themes:</strong></p>\r\n<ul>\r\n<li>Ensure that all assets align with the overall campaign message and visual identity.</li>\r\n</ul>\r\n</li>\r\n<li>\r\n<p><strong>Track Performance of Assets:</strong></p>\r\n<ul>\r\n<li>Use analytics tools to measure the success of creative elements in driving engagement.</li>\r\n<li>Optimize future designs based on performance data.</li>\r\n</ul>\r\n</li>\r\n</ol>', 0, NULL, '2025-04-21', '2025-04-30', NULL, 1, 1, NULL, '2025-02-10 04:05:51', '2025-02-10 04:05:51'),
(212, 3, 30, 'Launch the Social Media Campaign', '<h4><strong>Description:</strong></h4>\r\n<p>This task focuses on executing the campaign across all identified social media platforms. It involves scheduling posts, activating ads, coordinating with influencers, and ensuring a seamless rollout of the campaign to engage the target audience effectively.</p>\r\n<hr>\r\n<h4><strong>Steps to Complete:</strong></h4>\r\n<ol>\r\n<li>\r\n<p><strong>Finalize the Campaign Schedule:</strong></p>\r\n<ul>\r\n<li>Review the content calendar to confirm posting dates and times.</li>\r\n<li>Ensure the schedule considers peak engagement periods for each platform.</li>\r\n</ul>\r\n</li>\r\n<li>\r\n<p><strong>Upload and Schedule Content:</strong></p>\r\n<ul>\r\n<li>Use social media management tools like Hootsuite, Buffer, or Sprout Social to schedule posts in advance.</li>\r\n<li>Include captions, hashtags, and links tailored to each platform.</li>\r\n</ul>\r\n</li>\r\n<li>\r\n<p><strong>Activate Paid Campaigns:</strong></p>\r\n<ul>\r\n<li>Set up ad campaigns using tools like Facebook Ads Manager or LinkedIn Campaign Manager.</li>\r\n<li>Define target audiences, budgets, and campaign objectives for each ad.</li>\r\n</ul>\r\n</li>\r\n<li>\r\n<p><strong>Coordinate with Influencers and Partners:</strong></p>\r\n<ul>\r\n<li>Ensure influencers and partners are briefed on posting guidelines and campaign timelines.</li>\r\n<li>Provide them with necessary creative assets and hashtags.</li>\r\n</ul>\r\n</li>\r\n<li>\r\n<p><strong>Monitor Rollout:</strong></p>\r\n<ul>\r\n<li>Assign team members to oversee the launch on each platform.</li>\r\n<li>Watch for issues such as incorrect posts or scheduling errors and resolve them quickly.</li>\r\n</ul>\r\n</li>\r\n<li>\r\n<p><strong>Engage with the Audience:</strong></p>\r\n<ul>\r\n<li>Respond to comments, messages, and mentions promptly to build engagement.</li>\r\n<li>Share user-generated content and highlight customer interactions.</li>\r\n</ul>\r\n</li>\r\n<li>\r\n<p><strong>Implement Real-Time Adjustments:</strong></p>\r\n<ul>\r\n<li>Monitor initial performance metrics and tweak content, targeting, or schedules as needed.</li>\r\n<li>Address negative feedback or technical issues proactively.</li>\r\n</ul>\r\n</li>\r\n<li>\r\n<p><strong>Promote Across Channels:</strong></p>\r\n<ul>\r\n<li>Use email newsletters, website banners, and other digital channels to amplify the campaign&rsquo;s reach.</li>\r\n<li>Encourage employees to share campaign posts on their personal networks.</li>\r\n</ul>\r\n</li>\r\n<li>\r\n<p><strong>Track Initial Metrics:</strong></p>\r\n<ul>\r\n<li>Begin collecting data on impressions, clicks, engagement, and conversions to evaluate early performance.</li>\r\n<li>Compare these metrics to predefined goals for insights.</li>\r\n</ul>\r\n</li>\r\n<li>\r\n<p><strong>Document the Launch Process:</strong></p>\r\n<ul>\r\n<li>Record key insights and outcomes from the launch for future reference and learning.</li>\r\n</ul>\r\n</li>\r\n<li>\r\n<p><strong>Provide Regular Updates to Stakeholders:</strong></p>\r\n<ul>\r\n<li>Share a summary of the campaign\'s launch status with team members, managers, and clients.</li>\r\n<li>Highlight successes and address any concerns transparently.</li>\r\n</ul>\r\n</li>\r\n<li>\r\n<p><strong>Celebrate the Launch:</strong></p>\r\n<ul>\r\n<li>Acknowledge the team\'s hard work with a small celebration or recognition.</li>\r\n<li>Motivate everyone to maintain momentum for the rest of the campaign.</li>\r\n</ul>\r\n</li>\r\n</ol>', 0, NULL, '2025-05-01', '2025-05-15', NULL, 1, 1, NULL, '2025-02-10 04:05:51', '2025-02-10 04:05:51'),
(213, 3, 30, 'Monitor and Optimize Campaign Performance', '<h4><strong>Description:</strong></h4>\r\n<p>After the campaign launch, continuous monitoring and optimization are essential to ensure its success. This task involves tracking key performance metrics, analyzing results, and making necessary adjustments to enhance the campaign&rsquo;s effectiveness.</p>\r\n<hr>\r\n<h4><strong>Steps to Complete:</strong></h4>\r\n<ol>\r\n<li>\r\n<p><strong>Set Up Monitoring Tools:</strong></p>\r\n<ul>\r\n<li>Use analytics platforms like Google Analytics, Facebook Insights, or Twitter Analytics to track campaign performance.</li>\r\n<li>Integrate these tools with your social media management system for centralized reporting.</li>\r\n</ul>\r\n</li>\r\n<li>\r\n<p><strong>Define Key Performance Indicators (KPIs):</strong></p>\r\n<ul>\r\n<li>Identify metrics such as reach, impressions, engagement rate, click-through rate (CTR), and conversions that align with campaign goals.</li>\r\n</ul>\r\n</li>\r\n<li>\r\n<p><strong>Track Real-Time Data:</strong></p>\r\n<ul>\r\n<li>Monitor how posts, ads, and other campaign elements are performing across platforms.</li>\r\n<li>Identify which content types are resonating most with the audience.</li>\r\n</ul>\r\n</li>\r\n<li>\r\n<p><strong>Analyze Audience Engagement:</strong></p>\r\n<ul>\r\n<li>Review audience interactions such as likes, shares, comments, and replies.</li>\r\n<li>Pinpoint which platforms and demographics are driving the highest engagement.</li>\r\n</ul>\r\n</li>\r\n<li>\r\n<p><strong>Evaluate Paid Campaigns:</strong></p>\r\n<ul>\r\n<li>Assess the performance of paid advertisements based on cost-per-click (CPC), return on ad spend (ROAS), and conversion rates.</li>\r\n<li>Adjust budgets, targeting, or ad creatives to improve ROI.</li>\r\n</ul>\r\n</li>\r\n<li>\r\n<p><strong>Identify Areas for Improvement:</strong></p>\r\n<ul>\r\n<li>Highlight underperforming content or strategies.</li>\r\n<li>Determine if adjustments are needed in messaging, visuals, or timing.</li>\r\n</ul>\r\n</li>\r\n<li>\r\n<p><strong>Conduct A/B Testing:</strong></p>\r\n<ul>\r\n<li>Test different versions of ads, captions, or creatives to see what works best.</li>\r\n<li>Use the results to refine the overall campaign strategy.</li>\r\n</ul>\r\n</li>\r\n<li>\r\n<p><strong>Optimize Posting Schedule:</strong></p>\r\n<ul>\r\n<li>Analyze performance data to determine the best times to post for maximum reach and engagement.</li>\r\n<li>Adjust the content calendar as needed.</li>\r\n</ul>\r\n</li>\r\n<li>\r\n<p><strong>Monitor Competitor Campaigns:</strong></p>\r\n<ul>\r\n<li>Keep an eye on competitor activity to identify trends or strategies worth adopting.</li>\r\n<li>Learn from their successes and mistakes.</li>\r\n</ul>\r\n</li>\r\n<li>\r\n<p><strong>Gather Team Feedback:</strong></p>\r\n<ul>\r\n<li>Regularly meet with the team to discuss observations and brainstorm solutions for challenges.</li>\r\n</ul>\r\n</li>\r\n<li>\r\n<p><strong>Document Insights:</strong></p>\r\n<ul>\r\n<li>Record what&rsquo;s working well and what isn&rsquo;t to inform future campaigns.</li>\r\n<li>Create a summary report with actionable recommendations.</li>\r\n</ul>\r\n</li>\r\n<li>\r\n<p><strong>Adapt Quickly:</strong></p>\r\n<ul>\r\n<li>Be prepared to pivot strategies or reallocate resources if certain tactics aren&rsquo;t delivering results.</li>\r\n</ul>\r\n</li>\r\n</ol>', 0, NULL, '2025-05-16', '2025-05-29', NULL, 1, 1, NULL, '2025-02-10 04:05:51', '2025-02-10 04:05:51'),
(214, 3, 30, 'Foster Community Engagement', '<h4><strong>Description:</strong></h4>\r\n<p>Building and nurturing a community around the campaign is crucial for its long-term success. This task focuses on engaging the audience through meaningful interactions, encouraging user-generated content, and creating a sense of belonging.</p>\r\n<hr>\r\n<h4><strong>Steps to Complete:</strong></h4>\r\n<ol>\r\n<li>\r\n<p><strong>Encourage User Interaction:</strong></p>\r\n<ul>\r\n<li>Ask engaging questions in posts to prompt audience participation.</li>\r\n<li>Host polls, quizzes, or challenges that align with the campaign theme.</li>\r\n</ul>\r\n</li>\r\n<li>\r\n<p><strong>Respond to Comments and Messages:</strong></p>\r\n<ul>\r\n<li>Assign team members to respond promptly to audience inquiries, feedback, or compliments.</li>\r\n<li>Show appreciation by liking and replying to user comments.</li>\r\n</ul>\r\n</li>\r\n<li>\r\n<p><strong>Highlight User-Generated Content (UGC):</strong></p>\r\n<ul>\r\n<li>Share content created by users related to the campaign, such as photos, reviews, or stories.</li>\r\n<li>Create a branded hashtag to collect and showcase UGC.</li>\r\n</ul>\r\n</li>\r\n<li>\r\n<p><strong>Organize Live Sessions:</strong></p>\r\n<ul>\r\n<li>Host live Q&amp;A sessions, webinars, or tutorials to engage directly with the audience.</li>\r\n<li>Invite influencers or experts to participate for added value.</li>\r\n</ul>\r\n</li>\r\n<li>\r\n<p><strong>Celebrate Milestones:</strong></p>\r\n<ul>\r\n<li>Announce and celebrate campaign milestones, such as reaching a certain number of followers or completing a project phase.</li>\r\n</ul>\r\n</li>\r\n<li>\r\n<p><strong>Create Exclusive Groups:</strong></p>\r\n<ul>\r\n<li>Form private groups or communities on platforms like Facebook or LinkedIn for loyal followers.</li>\r\n<li>Share exclusive content or updates to strengthen their connection with the brand.</li>\r\n</ul>\r\n</li>\r\n<li>\r\n<p><strong>Run Contests and Giveaways:</strong></p>\r\n<ul>\r\n<li>Launch interactive contests with exciting prizes to encourage participation.</li>\r\n<li>Ensure the rules are simple and align with the campaign objectives.</li>\r\n</ul>\r\n</li>\r\n<li>\r\n<p><strong>Share Behind-the-Scenes Content:</strong></p>\r\n<ul>\r\n<li>Offer a glimpse into the campaign creation process, such as team meetings or design work.</li>\r\n<li>Use stories or short videos to humanize the brand.</li>\r\n</ul>\r\n</li>\r\n<li>\r\n<p><strong>Leverage Stories and Reels:</strong></p>\r\n<ul>\r\n<li>Regularly post engaging short-form content, such as stories and reels, to maintain visibility.</li>\r\n<li>Highlight key moments or user contributions.</li>\r\n</ul>\r\n</li>\r\n<li>\r\n<p><strong>Acknowledge Top Supporters:</strong></p>\r\n<ul>\r\n<li>Give shoutouts to the most active or supportive followers.</li>\r\n<li>Create a sense of recognition and reward loyalty.</li>\r\n</ul>\r\n</li>\r\n<li>\r\n<p><strong>Conduct Surveys or Feedback Sessions:</strong></p>\r\n<ul>\r\n<li>Ask for audience opinions on the campaign or related topics.</li>\r\n<li>Use insights to improve ongoing efforts and demonstrate responsiveness.</li>\r\n</ul>\r\n</li>\r\n<li>\r\n<p><strong>Monitor Community Sentiment:</strong></p>\r\n<ul>\r\n<li>Keep track of how the audience feels about the campaign.</li>\r\n<li>Address any negative feedback constructively and maintain a positive atmosphere.</li>\r\n</ul>\r\n</li>\r\n</ol>', 71, 15, '2025-05-31', '2025-06-06', NULL, 1, 1, NULL, '2025-02-10 04:05:51', '2025-02-10 04:05:51'),
(215, 3, 30, 'Prepare and Present Final Campaign Report', '<h4><strong>Description:</strong></h4>\r\n<p>This task focuses on wrapping up the campaign by analyzing its overall performance and presenting the results to stakeholders. It involves gathering data, highlighting key achievements, identifying areas for improvement, and delivering actionable insights for future campaigns.</p>\r\n<hr>\r\n<h4><strong>Steps to Complete:</strong></h4>\r\n<ol>\r\n<li>\r\n<p><strong>Gather Campaign Data:</strong></p>\r\n<ul>\r\n<li>Collect metrics from all platforms, such as impressions, reach, engagement rates, click-through rates, conversions, and ROI.</li>\r\n<li>Include data from both organic and paid efforts.</li>\r\n</ul>\r\n</li>\r\n<li>\r\n<p><strong>Analyze Campaign Objectives:</strong></p>\r\n<ul>\r\n<li>Compare the final results against the predefined campaign goals.</li>\r\n<li>Identify whether objectives like increasing brand awareness, generating leads, or boosting engagement were achieved.</li>\r\n</ul>\r\n</li>\r\n<li>\r\n<p><strong>Highlight Key Achievements:</strong></p>\r\n<ul>\r\n<li>Showcase significant milestones, such as exceeding engagement targets, successful collaborations, or high-performing content.</li>\r\n<li>Include audience feedback and testimonials that reflect the campaign&rsquo;s impact.</li>\r\n</ul>\r\n</li>\r\n<li>\r\n<p><strong>Identify Challenges and Learnings:</strong></p>\r\n<ul>\r\n<li>Discuss any obstacles encountered during the campaign and how they were addressed.</li>\r\n<li>Document lessons learned to inform strategies for future campaigns.</li>\r\n</ul>\r\n</li>\r\n<li>\r\n<p><strong>Create Visual Summaries:</strong></p>\r\n<ul>\r\n<li>Use graphs, charts, and infographics to represent campaign data in a clear, visually appealing way.</li>\r\n<li>Highlight trends and patterns that support your analysis.</li>\r\n</ul>\r\n</li>\r\n<li>\r\n<p><strong>Prepare the Written Report:</strong></p>\r\n<ul>\r\n<li>Include an executive summary that provides an overview of the campaign&rsquo;s outcomes.</li>\r\n<li>Add detailed sections for each aspect of the campaign, including objectives, execution, performance, and recommendations.</li>\r\n</ul>\r\n</li>\r\n<li>\r\n<p><strong>Draft Actionable Recommendations:</strong></p>\r\n<ul>\r\n<li>Suggest improvements for future campaigns based on the data and feedback.</li>\r\n<li>Highlight successful strategies that should be replicated.</li>\r\n</ul>\r\n</li>\r\n<li>\r\n<p><strong>Organize a Stakeholder Presentation:</strong></p>\r\n<ul>\r\n<li>Prepare a concise, engaging presentation to share the campaign&rsquo;s results with stakeholders.</li>\r\n<li>Use slides with visuals, summaries, and key takeaways.</li>\r\n</ul>\r\n</li>\r\n<li>\r\n<p><strong>Conduct a Team Debrief:</strong></p>\r\n<ul>\r\n<li>Meet with the marketing team to review the report and discuss collective feedback.</li>\r\n<li>Recognize team contributions and celebrate accomplishments.</li>\r\n</ul>\r\n</li>\r\n<li>\r\n<p><strong>Archive Campaign Assets:</strong></p>\r\n<ul>\r\n<li>Organize all campaign materials, including content, reports, and data, for future reference.</li>\r\n<li>Maintain a centralized repository for easy access.</li>\r\n</ul>\r\n</li>\r\n<li>\r\n<p><strong>Share the Final Report:</strong></p>\r\n<ul>\r\n<li>Distribute the report to relevant stakeholders, including team members, clients, and management.</li>\r\n<li>Invite questions or suggestions for further clarification.</li>\r\n</ul>\r\n</li>\r\n<li>\r\n<p><strong>Plan for Post-Campaign Follow-Up:</strong></p>\r\n<ul>\r\n<li>Set a timeline for evaluating the long-term impact of the campaign.</li>\r\n<li>Schedule a follow-up meeting to revisit the campaign&rsquo;s influence on broader goals.</li>\r\n</ul>\r\n</li>\r\n</ol>', 71, 15, '2025-06-07', '2025-06-19', NULL, 1, 1, NULL, '2025-02-10 04:05:51', '2025-02-10 04:05:51'),
(216, 3, 30, 'Conduct Post-Campaign Audience Survey', '<h4><strong>Description:</strong></h4>\r\n<p>This task involves gathering direct feedback from the target audience to assess their perceptions and experiences with the campaign. The insights gained can help refine future marketing strategies and strengthen brand alignment with audience expectations.</p>\r\n<hr>\r\n<h4><strong>Steps to Complete:</strong></h4>\r\n<ol>\r\n<li>\r\n<p><strong>Design the Survey:</strong></p>\r\n<ul>\r\n<li>Use tools like Google Forms, Typeform, or SurveyMonkey to create the survey.</li>\r\n<li>Include a mix of multiple-choice, rating scale, and open-ended questions.</li>\r\n</ul>\r\n</li>\r\n<li>\r\n<p><strong>Key Questions to Include:</strong></p>\r\n<ul>\r\n<li>Did the campaign message resonate with you?</li>\r\n<li>How did you hear about this campaign?</li>\r\n<li>What aspects of the campaign did you find most engaging?</li>\r\n<li>Were there any areas for improvement?</li>\r\n<li>Would you be interested in participating in similar campaigns in the future?</li>\r\n</ul>\r\n</li>\r\n<li>\r\n<p><strong>Distribute the Survey:</strong></p>\r\n<ul>\r\n<li>Share the survey through email newsletters, social media posts, or direct messages.</li>\r\n<li>Consider offering small incentives like discount codes or exclusive content for participation.</li>\r\n</ul>\r\n</li>\r\n<li>\r\n<p><strong>Target Diverse Respondents:</strong></p>\r\n<ul>\r\n<li>Ensure responses come from various audience segments to capture diverse perspectives.</li>\r\n<li>Include both loyal customers and new followers.</li>\r\n</ul>\r\n</li>\r\n<li>\r\n<p><strong>Collect Responses:</strong></p>\r\n<ul>\r\n<li>Set a deadline for survey completion to encourage timely participation.</li>\r\n<li>Monitor response rates and send reminders if necessary.</li>\r\n</ul>\r\n</li>\r\n<li>\r\n<p><strong>Analyze Feedback:</strong></p>\r\n<ul>\r\n<li>Review quantitative data to identify trends and common themes.</li>\r\n<li>Extract key insights from open-ended responses for qualitative analysis.</li>\r\n</ul>\r\n</li>\r\n<li>\r\n<p><strong>Identify Strengths and Weaknesses:</strong></p>\r\n<ul>\r\n<li>Highlight what the audience appreciated most about the campaign.</li>\r\n<li>Note suggestions or criticisms for areas that need improvement.</li>\r\n</ul>\r\n</li>\r\n<li>\r\n<p><strong>Summarize Findings:</strong></p>\r\n<ul>\r\n<li>Create a concise report summarizing the survey results.</li>\r\n<li>Use charts or infographics to present data clearly and visually.</li>\r\n</ul>\r\n</li>\r\n<li>\r\n<p><strong>Share Insights with the Team:</strong></p>\r\n<ul>\r\n<li>Discuss the survey findings in a team meeting.</li>\r\n<li>Brainstorm actionable steps based on the audience feedback.</li>\r\n</ul>\r\n</li>\r\n<li>\r\n<p><strong>Incorporate Feedback into Future Plans:</strong></p>\r\n<ul>\r\n<li>Update your marketing strategies to address audience preferences and suggestions.</li>\r\n<li>Use the insights to refine messaging, visuals, and engagement tactics for future campaigns.</li>\r\n</ul>\r\n</li>\r\n<li>\r\n<p><strong>Express Gratitude:</strong></p>\r\n<ul>\r\n<li>Thank survey participants through a follow-up email or social media post.</li>\r\n<li>Share a brief summary of key survey insights with your audience to show their input matters.</li>\r\n</ul>\r\n</li>\r\n<li>\r\n<p><strong>Monitor Long-Term Impact:</strong></p>\r\n<ul>\r\n<li>Track how the survey results influence subsequent campaigns and overall brand perception.</li>\r\n<li>Revisit these insights during planning sessions for new initiatives.</li>\r\n</ul>\r\n</li>\r\n</ol>', 71, 15, '2025-06-20', '2025-06-26', NULL, 1, 1, NULL, '2025-02-10 04:05:51', '2025-02-10 04:05:51'),
(217, 3, 30, 'Establish Post-Campaign Engagement Plan', '<h4><strong>Description:</strong></h4>\r\n<p>The final task focuses on maintaining the momentum generated during the campaign. By creating a post-campaign engagement plan, the marketing team can ensure sustained interaction with the audience, strengthen brand loyalty, and set the foundation for future campaigns.</p>\r\n<hr>\r\n<h4><strong>Steps to Complete:</strong></h4>\r\n<ol>\r\n<li>\r\n<p><strong>Analyze Campaign Impact on Audience Growth:</strong></p>\r\n<ul>\r\n<li>Review new followers, email subscribers, or community members acquired during the campaign.</li>\r\n<li>Assess which audience segments showed the most interest.</li>\r\n</ul>\r\n</li>\r\n<li>\r\n<p><strong>Plan Ongoing Content:</strong></p>\r\n<ul>\r\n<li>Schedule regular social media updates, blog posts, or newsletters to keep the audience engaged.</li>\r\n<li>Share relevant updates, behind-the-scenes stories, or upcoming initiatives.</li>\r\n</ul>\r\n</li>\r\n<li>\r\n<p><strong>Personalized Follow-Ups:</strong></p>\r\n<ul>\r\n<li>Send thank-you emails or messages to participants and contributors.</li>\r\n<li>Provide personalized recommendations or offers based on campaign interactions.</li>\r\n</ul>\r\n</li>\r\n<li>\r\n<p><strong>Leverage Campaign Highlights:</strong></p>\r\n<ul>\r\n<li>Repurpose successful campaign content into evergreen formats like infographics, case studies, or videos.</li>\r\n<li>Create &ldquo;Best Moments&rdquo; posts or compilations to relive campaign success.</li>\r\n</ul>\r\n</li>\r\n<li>\r\n<p><strong>Promote Related Products or Services:</strong></p>\r\n<ul>\r\n<li>Highlight products, services, or events that align with the campaign theme.</li>\r\n<li>Offer exclusive deals to maintain interest and encourage conversions.</li>\r\n</ul>\r\n</li>\r\n<li>\r\n<p><strong>Engage with New Audience Members:</strong></p>\r\n<ul>\r\n<li>Welcome new followers or subscribers with a friendly message.</li>\r\n<li>Introduce them to the brand&rsquo;s ongoing initiatives or core values.</li>\r\n</ul>\r\n</li>\r\n<li>\r\n<p><strong>Launch a Loyalty Program:</strong></p>\r\n<ul>\r\n<li>Reward campaign supporters with exclusive perks like discounts, early access, or branded merchandise.</li>\r\n<li>Encourage continued engagement through a points-based system.</li>\r\n</ul>\r\n</li>\r\n<li>\r\n<p><strong>Seek Collaborations:</strong></p>\r\n<ul>\r\n<li>Partner with influencers, businesses, or organizations who engaged during the campaign.</li>\r\n<li>Co-create content or initiatives to expand reach and visibility.</li>\r\n</ul>\r\n</li>\r\n<li>\r\n<p><strong>Host a Thank-You Event:</strong></p>\r\n<ul>\r\n<li>Organize a virtual or in-person event to celebrate the campaign&rsquo;s success with the audience.</li>\r\n<li>Share campaign insights, showcase user contributions, and outline future plans.</li>\r\n</ul>\r\n</li>\r\n<li>\r\n<p><strong>Monitor Engagement Metrics Post-Campaign:</strong></p>\r\n<ul>\r\n<li>Track how audience interactions evolve after the campaign concludes.</li>\r\n<li>Identify content types or strategies that maintain high engagement levels.</li>\r\n</ul>\r\n</li>\r\n<li>\r\n<p><strong>Create a Campaign Reflection Blog or Video:</strong></p>\r\n<ul>\r\n<li>Share a transparent reflection on the campaign&rsquo;s journey, challenges, and successes.</li>\r\n<li>Include testimonials, stats, and visuals to inspire and connect with the audience.</li>\r\n</ul>\r\n</li>\r\n<li>\r\n<p><strong>Prepare for the Next Campaign:</strong></p>\r\n<ul>\r\n<li>Use the insights and momentum gained from this campaign to strategize the next one.</li>\r\n<li>Build a roadmap for continuous audience engagement between campaigns.</li>\r\n</ul>\r\n</li>\r\n</ol>', 71, 15, '2025-06-27', '2025-06-30', NULL, 1, 1, NULL, '2025-02-10 04:05:51', '2025-02-10 04:05:51'),
(218, 3, 31, 'Conduct Market Research', '<h4><strong>Description:</strong></h4>\r\n<p>Market research is the foundation for a successful product launch. This task involves identifying and understanding the target audience, assessing the competitive landscape, and analyzing market trends. The goal is to ensure the product aligns with consumer expectations while filling a gap in the eco-friendly product market.</p>\r\n<hr>\r\n<h4><strong>Steps to Complete:</strong></h4>\r\n<ol>\r\n<li>\r\n<p><strong>Define Objectives:</strong></p>\r\n<ul>\r\n<li>Clarify what information is required, such as customer preferences, buying habits, and pain points.</li>\r\n<li>Establish how this data will influence the product&rsquo;s marketing and positioning strategy.</li>\r\n</ul>\r\n</li>\r\n<li>\r\n<p><strong>Segment the Audience:</strong></p>\r\n<ul>\r\n<li>Divide the market into segments based on demographics (age, gender, income), psychographics (values, lifestyle), and behavior (purchase habits, product usage).</li>\r\n<li>Identify eco-conscious consumer groups who would benefit most from the sustainable product.</li>\r\n</ul>\r\n</li>\r\n<li>\r\n<p><strong>Conduct Surveys and Interviews:</strong></p>\r\n<ul>\r\n<li>Develop online surveys targeting potential customers to learn about their expectations for sustainable products.</li>\r\n<li>Organize focus groups or interviews with eco-conscious consumers to understand their values and purchasing criteria.</li>\r\n</ul>\r\n</li>\r\n<li>\r\n<p><strong>Analyze Competitors:</strong></p>\r\n<ul>\r\n<li>Identify direct and indirect competitors offering sustainable products.</li>\r\n<li>Evaluate their strengths, weaknesses, and unique selling points.</li>\r\n<li>Note pricing strategies, customer reviews, and marketing approaches.</li>\r\n</ul>\r\n</li>\r\n<li>\r\n<p><strong>Explore Market Trends:</strong></p>\r\n<ul>\r\n<li>Research trends in sustainability, such as materials, packaging, and certifications.</li>\r\n<li>Study shifts in consumer demand, like preferences for locally sourced or zero-waste products.</li>\r\n</ul>\r\n</li>\r\n<li>\r\n<p><strong>Compile Findings:</strong></p>\r\n<ul>\r\n<li>Organize data into categories such as audience insights, competitor analysis, and emerging trends.</li>\r\n<li>Highlight key opportunities, like unmet consumer needs or potential product differentiators.</li>\r\n</ul>\r\n</li>\r\n<li>\r\n<p><strong>Develop Personas:</strong></p>\r\n<ul>\r\n<li>Create detailed customer personas that reflect the target audience&rsquo;s characteristics, needs, and motivations.</li>\r\n<li>Use these personas to guide content creation and marketing strategies.</li>\r\n</ul>\r\n</li>\r\n<li>\r\n<p><strong>Prepare a Market Research Report:</strong></p>\r\n<ul>\r\n<li>Summarize findings in an accessible format for stakeholders.</li>\r\n<li>Include actionable insights and recommendations for the next stages of the project.</li>\r\n</ul>\r\n</li>\r\n</ol>\r\n<hr>\r\n<h4><strong>Tools and Resources Needed:</strong></h4>\r\n<ul>\r\n<li><strong>Survey Platforms:</strong> Google Forms, SurveyMonkey, or Typeform for collecting data.</li>\r\n<li><strong>Analytics Tools:</strong> Google Trends, SEMrush, or Statista for trend analysis.</li>\r\n<li><strong>Competitor Tools:</strong> SWOT analysis templates and tools like SimilarWeb or Ahrefs.</li>\r\n</ul>', 0, 15, '2025-02-10', '2025-02-28', NULL, 0, 1, NULL, '2025-02-10 04:28:02', '2025-02-10 04:28:02'),
(219, 3, 31, 'Define Unique Selling Points (USPs)', '<h4><strong>Description:</strong></h4>\r\n<p>This task involves identifying and articulating the key features that make the sustainable product distinct and valuable to the target audience. The USPs should address customer needs, highlight the product\'s benefits, and emphasize its alignment with environmental and ethical standards. These unique points will be central to all marketing and branding efforts.</p>\r\n<hr>\r\n<h4><strong>Steps to Complete:</strong></h4>\r\n<ol>\r\n<li>\r\n<p><strong>Analyze Product Features:</strong></p>\r\n<ul>\r\n<li>Review all product attributes, focusing on its sustainability elements such as eco-friendly materials, energy-efficient production, or ethical sourcing.</li>\r\n<li>Identify aspects that are innovative or solve a specific problem for customers.</li>\r\n</ul>\r\n</li>\r\n<li>\r\n<p><strong>Connect with Market Research:</strong></p>\r\n<ul>\r\n<li>Use insights from market research to determine which features resonate most with the target audience.</li>\r\n<li>Focus on the pain points and values identified in customer personas.</li>\r\n</ul>\r\n</li>\r\n<li>\r\n<p><strong>Highlight Benefits Over Features:</strong></p>\r\n<ul>\r\n<li>Shift from technical product descriptions to benefits that customers will experience. For example, instead of \"made from recycled materials,\" emphasize \"reduces landfill waste and promotes a cleaner environment.\"</li>\r\n</ul>\r\n</li>\r\n<li>\r\n<p><strong>Compare with Competitors:</strong></p>\r\n<ul>\r\n<li>Identify how the product stands out compared to similar offerings in the market.</li>\r\n<li>Emphasize differentiators like better quality, lower environmental impact, or affordability.</li>\r\n</ul>\r\n</li>\r\n<li>\r\n<p><strong>Incorporate Emotional Appeal:</strong></p>\r\n<ul>\r\n<li>Frame the USPs to evoke emotional connections, such as contributing to a healthier planet, supporting ethical practices, or aligning with personal values.</li>\r\n</ul>\r\n</li>\r\n<li>\r\n<p><strong>Test the Message:</strong></p>\r\n<ul>\r\n<li>Conduct A/B testing or gather feedback from a small audience group to refine the messaging.</li>\r\n<li>Ensure the USPs are clear, compelling, and aligned with brand positioning.</li>\r\n</ul>\r\n</li>\r\n<li>\r\n<p><strong>Craft a USP Statement:</strong></p>\r\n<ul>\r\n<li>Create a concise and memorable statement encapsulating the product&rsquo;s main selling points.</li>\r\n<li>Example: \"EcoPure &ndash; The biodegradable household solution designed to reduce waste, protect the planet, and fit seamlessly into your daily life.\"</li>\r\n</ul>\r\n</li>\r\n<li>\r\n<p><strong>Distribute Internally:</strong></p>\r\n<ul>\r\n<li>Share the finalized USPs with all stakeholders, including marketing, sales, and product teams, to maintain consistency across all communications.</li>\r\n</ul>\r\n</li>\r\n</ol>\r\n<hr>\r\n<h4><strong>Tools and Resources Needed:</strong></h4>\r\n<ul>\r\n<li><strong>Brainstorming Tools:</strong> Miro, Trello, or Google Docs for team collaboration.</li>\r\n<li><strong>Competitor Comparison Tools:</strong> SWOT templates or tools like SimilarWeb.</li>\r\n<li><strong>Testing Tools:</strong> SurveyMonkey or user testing platforms for feedback.</li>\r\n</ul>', 0, 17, '2025-03-01', '2025-03-08', NULL, 0, 1, NULL, '2025-02-10 04:28:02', '2025-02-10 04:28:02'),
(220, 3, 31, 'Develop a Brand Story', '<h4><strong>Description:</strong></h4>\r\n<p>Creating a compelling brand story is crucial for establishing an emotional connection with the audience. The brand story should articulate the product&rsquo;s journey, the mission behind its creation, and how it aligns with broader sustainability goals. A well-crafted narrative will resonate with eco-conscious customers and build trust in the brand.</p>\r\n<hr>\r\n<h4><strong>Steps to Complete:</strong></h4>\r\n<ol>\r\n<li>\r\n<p><strong>Define the Brand&rsquo;s Mission:</strong></p>\r\n<ul>\r\n<li>Clearly state why the brand exists and what it seeks to achieve, focusing on sustainability.</li>\r\n<li>Example: &ldquo;To create innovative products that empower people to make eco-friendly choices effortlessly.&rdquo;</li>\r\n</ul>\r\n</li>\r\n<li>\r\n<p><strong>Highlight the Product&rsquo;s Journey:</strong></p>\r\n<ul>\r\n<li>Share the product&rsquo;s development process, including sourcing sustainable materials, overcoming challenges, and the team&rsquo;s commitment to ethical practices.</li>\r\n<li>Use visuals such as videos, photos, or infographics to make the story more engaging.</li>\r\n</ul>\r\n</li>\r\n<li>\r\n<p><strong>Incorporate Customer Values:</strong></p>\r\n<ul>\r\n<li>Ensure the story aligns with the audience&rsquo;s values, such as reducing waste, combating climate change, or supporting fair trade.</li>\r\n<li>Use language that resonates with eco-conscious consumers.</li>\r\n</ul>\r\n</li>\r\n<li>\r\n<p><strong>Showcase Social and Environmental Impact:</strong></p>\r\n<ul>\r\n<li>Quantify the positive impact of the product, like reduced carbon emissions, water savings, or landfill diversion.</li>\r\n<li>Highlight partnerships with environmental or ethical organizations to reinforce credibility.</li>\r\n</ul>\r\n</li>\r\n<li>\r\n<p><strong>Use an Authentic and Relatable Voice:</strong></p>\r\n<ul>\r\n<li>Avoid overly technical or corporate language. Instead, write in a tone that feels personal and approachable.</li>\r\n<li>Example: &ldquo;We started EcoPure with a simple idea: to make sustainability second nature. What began as a passion project is now a movement toward a greener planet.&rdquo;</li>\r\n</ul>\r\n</li>\r\n<li>\r\n<p><strong>Include Real Stories or Testimonials:</strong></p>\r\n<ul>\r\n<li>Feature stories from team members, suppliers, or early adopters who share the same commitment to sustainability.</li>\r\n<li>Highlight the human aspect of the product&rsquo;s creation and use.</li>\r\n</ul>\r\n</li>\r\n<li>\r\n<p><strong>Align with Visual Branding:</strong></p>\r\n<ul>\r\n<li>Design the story to match the brand&rsquo;s aesthetic, including typography, colors, and imagery.</li>\r\n<li>Ensure the narrative flows seamlessly across the website, packaging, and promotional materials.</li>\r\n</ul>\r\n</li>\r\n<li>\r\n<p><strong>Share Across Channels:</strong></p>\r\n<ul>\r\n<li>Publish the story on the brand&rsquo;s website, social media platforms, and marketing materials.</li>\r\n<li>Create short and long versions for different channels (e.g., an Instagram post vs. a blog article).</li>\r\n</ul>\r\n</li>\r\n</ol>', 0, 14, '2025-03-10', '2025-03-15', NULL, 0, 1, NULL, '2025-02-10 04:28:02', '2025-02-10 04:28:02'),
(221, 3, 31, 'Design a Comprehensive Marketing Strategy', '<h4><strong>Description:</strong></h4>\r\n<p>This task focuses on developing a detailed marketing strategy to ensure the sustainable product reaches its target audience effectively. The strategy should include both digital and offline approaches, leveraging data from market research to create targeted campaigns that resonate with eco-conscious consumers.</p>\r\n<hr>\r\n<h4><strong>Steps to Complete:</strong></h4>\r\n<ol>\r\n<li>\r\n<p><strong>Set Clear Marketing Objectives:</strong></p>\r\n<ul>\r\n<li>Define measurable goals such as increasing brand awareness, generating leads, or achieving a specific number of sales within a timeframe.</li>\r\n<li>Example: &ldquo;Achieve a 20% increase in online traffic and secure 500 pre-orders within three months.&rdquo;</li>\r\n</ul>\r\n</li>\r\n<li>\r\n<p><strong>Select Marketing Channels:</strong></p>\r\n<ul>\r\n<li>Choose platforms based on where the target audience is most active, such as Instagram, Facebook, or eco-focused blogs.</li>\r\n<li>Consider offline channels like eco-expos, sustainable product fairs, or partnerships with local green initiatives.</li>\r\n</ul>\r\n</li>\r\n<li>\r\n<p><strong>Craft Key Messaging:</strong></p>\r\n<ul>\r\n<li>Develop compelling taglines and messaging emphasizing the product&rsquo;s eco-friendly benefits.</li>\r\n<li>Ensure consistency across all marketing materials, from ads to emails.</li>\r\n</ul>\r\n</li>\r\n<li>\r\n<p><strong>Develop a Content Calendar:</strong></p>\r\n<ul>\r\n<li>Plan and schedule posts, ads, and campaigns to ensure regular and timely communication with the audience.</li>\r\n<li>Include formats like blogs, videos, infographics, and customer testimonials.</li>\r\n</ul>\r\n</li>\r\n<li>\r\n<p><strong>Leverage Influencer Marketing:</strong></p>\r\n<ul>\r\n<li>Collaborate with eco-conscious influencers or bloggers who align with the brand&rsquo;s values.</li>\r\n<li>Use their platforms to showcase the product&rsquo;s benefits and build credibility.</li>\r\n</ul>\r\n</li>\r\n<li>\r\n<p><strong>Launch Email Campaigns:</strong></p>\r\n<ul>\r\n<li>Create targeted email sequences for leads, existing customers, and partners.</li>\r\n<li>Include educational content, special offers, and product updates to keep subscribers engaged.</li>\r\n</ul>\r\n</li>\r\n<li>\r\n<p><strong>Use Paid Advertising:</strong></p>\r\n<ul>\r\n<li>Run ads on Google, social media, or eco-focused websites to increase visibility.</li>\r\n<li>Use A/B testing to optimize campaigns for better results.</li>\r\n</ul>\r\n</li>\r\n<li>\r\n<p><strong>Plan Launch Events:</strong></p>\r\n<ul>\r\n<li>Organize an online or offline launch event to create buzz around the product.</li>\r\n<li>Include demonstrations, Q&amp;A sessions, and special discounts for attendees.</li>\r\n</ul>\r\n</li>\r\n<li>\r\n<p><strong>Incorporate Sustainable Practices:</strong></p>\r\n<ul>\r\n<li>Align marketing activities with the brand&rsquo;s sustainability values, such as using recycled materials for flyers or digital-only campaigns to reduce waste.</li>\r\n</ul>\r\n</li>\r\n<li>\r\n<p><strong>Track and Analyze Performance:</strong></p>\r\n<ul>\r\n<li>Use analytics tools like Google Analytics, HubSpot, or Hootsuite to monitor the effectiveness of campaigns.</li>\r\n<li>Adjust strategies based on data insights to maximize ROI.</li>\r\n</ul>\r\n</li>\r\n</ol>', 0, 16, '2025-03-01', '2025-03-05', NULL, 0, 1, NULL, '2025-02-10 04:28:02', '2025-02-10 04:28:02'),
(222, 3, 31, 'Create Visual Branding Assets', '<h4><strong>Description:</strong></h4>\r\n<p>Developing a cohesive visual identity is essential for establishing a strong brand presence. This task focuses on creating design assets such as logos, packaging, banners, and social media templates that reflect the product&rsquo;s sustainability ethos and appeal to the target audience.</p>\r\n<hr>\r\n<h4><strong>Steps to Complete:</strong></h4>\r\n<ol>\r\n<li>\r\n<p><strong>Define Brand Aesthetics:</strong></p>\r\n<ul>\r\n<li>Choose a color palette that aligns with sustainability, such as greens, earthy tones, and natural textures.</li>\r\n<li>Select fonts that are clean, modern, and easy to read.</li>\r\n</ul>\r\n</li>\r\n<li>\r\n<p><strong>Design the Logo:</strong></p>\r\n<ul>\r\n<li>Create a logo that symbolizes the brand&rsquo;s mission, such as incorporating eco-friendly icons like leaves, water droplets, or a globe.</li>\r\n<li>Ensure it is scalable for use across different platforms, from product packaging to social media.</li>\r\n</ul>\r\n</li>\r\n<li>\r\n<p><strong>Create Packaging Designs:</strong></p>\r\n<ul>\r\n<li>Design eco-friendly packaging that emphasizes the product&rsquo;s sustainable attributes.</li>\r\n<li>Include key information, such as certifications (e.g., recyclable, biodegradable) and a brief message about the brand&rsquo;s mission.</li>\r\n</ul>\r\n</li>\r\n<li>\r\n<p><strong>Develop Social Media Templates:</strong></p>\r\n<ul>\r\n<li>Create templates for posts, stories, and ads that maintain brand consistency.</li>\r\n<li>Use Canva, Adobe Illustrator, or similar tools to make designs reusable and adaptable.</li>\r\n</ul>\r\n</li>\r\n<li>\r\n<p><strong>Design Marketing Collateral:</strong></p>\r\n<ul>\r\n<li>Prepare banners, brochures, and digital ads for campaigns.</li>\r\n<li>Incorporate product photos and taglines that highlight unique selling points.</li>\r\n</ul>\r\n</li>\r\n<li>\r\n<p><strong>Ensure Accessibility:</strong></p>\r\n<ul>\r\n<li>Test designs for readability and accessibility, ensuring they cater to diverse audiences.</li>\r\n<li>Use tools like contrast checkers to verify compliance with accessibility standards.</li>\r\n</ul>\r\n</li>\r\n<li>\r\n<p><strong>Incorporate User Feedback:</strong></p>\r\n<ul>\r\n<li>Share initial designs with a focus group or stakeholders for feedback.</li>\r\n<li>Make iterative improvements based on suggestions.</li>\r\n</ul>\r\n</li>\r\n<li>\r\n<p><strong>Optimize for Multiple Platforms:</strong></p>\r\n<ul>\r\n<li>Adjust designs for various formats, such as print, web, and mobile.</li>\r\n<li>Ensure assets load quickly and look professional on all platforms.</li>\r\n</ul>\r\n</li>\r\n<li>\r\n<p><strong>Prepare a Brand Style Guide:</strong></p>\r\n<ul>\r\n<li>Document all visual elements, including colors, fonts, and logo usage guidelines.</li>\r\n<li>Share the style guide with the team to maintain consistency across future projects.</li>\r\n</ul>\r\n</li>\r\n<li>\r\n<p><strong>Test and Finalize Assets:</strong></p>\r\n<ul>\r\n<li>Review designs in real-world scenarios to ensure they resonate with the target audience.</li>\r\n<li>Make final adjustments before launching.</li>\r\n</ul>\r\n</li>\r\n</ol>', 0, 15, '2025-03-06', '2025-03-08', NULL, 0, 1, NULL, '2025-02-10 04:28:02', '2025-02-10 04:28:02'),
(223, 3, 31, 'Develop a Content Marketing Plan', '<h4><strong>Description:</strong></h4>\r\n<p>A robust content marketing plan is vital for building brand awareness, educating the audience, and fostering engagement. This task focuses on creating a strategy to produce and distribute high-quality content that highlights the sustainable product&rsquo;s benefits and aligns with the audience\'s values.</p>\r\n<hr>\r\n<h4><strong>Steps to Complete:</strong></h4>\r\n<ol>\r\n<li>\r\n<p><strong>Define Content Goals:</strong></p>\r\n<ul>\r\n<li>Set clear objectives, such as driving traffic to the website, generating leads, or building a loyal community.</li>\r\n<li>Example: &ldquo;Publish 8 blog articles and 3 videos per month, achieving 10,000 page views within the first quarter.&rdquo;</li>\r\n</ul>\r\n</li>\r\n<li>\r\n<p><strong>Identify Content Types:</strong></p>\r\n<ul>\r\n<li>Determine the formats that best suit the audience, such as blogs, videos, infographics, podcasts, or webinars.</li>\r\n<li>Focus on storytelling and showcasing the product&rsquo;s eco-friendly features.</li>\r\n</ul>\r\n</li>\r\n<li>\r\n<p><strong>Research Relevant Topics:</strong></p>\r\n<ul>\r\n<li>Use tools like Google Trends, AnswerThePublic, or SEMrush to identify trending topics in sustainability.</li>\r\n<li>Example topics: &ldquo;How to Reduce Your Carbon Footprint with Daily Choices&rdquo; or &ldquo;Top 5 Benefits of Using Eco-Friendly Products.&rdquo;</li>\r\n</ul>\r\n</li>\r\n<li>\r\n<p><strong>Create a Content Calendar:</strong></p>\r\n<ul>\r\n<li>Plan the release schedule for content, ensuring consistency across platforms.</li>\r\n<li>Include themes for special days like Earth Day or National Recycling Week to maximize engagement.</li>\r\n</ul>\r\n</li>\r\n<li>\r\n<p><strong>Write SEO-Optimized Content:</strong></p>\r\n<ul>\r\n<li>Use targeted keywords to improve search engine rankings and drive organic traffic.</li>\r\n<li>Example: Include keywords like &ldquo;sustainable products,&rdquo; &ldquo;eco-friendly materials,&rdquo; and &ldquo;green lifestyle tips.&rdquo;</li>\r\n</ul>\r\n</li>\r\n<li>\r\n<p><strong>Collaborate with Influencers and Experts:</strong></p>\r\n<ul>\r\n<li>Partner with sustainability influencers or thought leaders to co-create content or feature guest articles.</li>\r\n<li>Example: An influencer demonstrating the product in a real-life scenario.</li>\r\n</ul>\r\n</li>\r\n<li>\r\n<p><strong>Incorporate Visuals and Data:</strong></p>\r\n<ul>\r\n<li>Enhance content with engaging visuals, charts, and statistics that support key messages.</li>\r\n<li>Example: &ldquo;Using this product can reduce your carbon footprint by 30%.&rdquo;</li>\r\n</ul>\r\n</li>\r\n<li>\r\n<p><strong>Leverage Social Media:</strong></p>\r\n<ul>\r\n<li>Share content across platforms like Instagram, LinkedIn, and Pinterest to reach different audience segments.</li>\r\n<li>Use hashtags like #EcoFriendly, #SustainableLiving, and #GreenProducts to boost visibility.</li>\r\n</ul>\r\n</li>\r\n<li>\r\n<p><strong>Monitor and Engage:</strong></p>\r\n<ul>\r\n<li>Respond to comments, questions, and shares to foster community engagement.</li>\r\n<li>Example: Host live Q&amp;A sessions or polls to interact with followers.</li>\r\n</ul>\r\n</li>\r\n<li>\r\n<p><strong>Analyze Performance:</strong></p>\r\n<ul>\r\n<li>Use tools like Google Analytics, Hootsuite, or HubSpot to measure content effectiveness.</li>\r\n<li>Adjust the strategy based on metrics such as traffic, engagement rates, and conversions.</li>\r\n</ul>\r\n</li>\r\n</ol>', 0, 14, '2025-03-10', '2025-03-15', NULL, 0, 1, NULL, '2025-02-10 04:28:02', '2025-02-10 04:28:02');
INSERT INTO `tasks` (`id`, `workspace_id`, `project_id`, `title`, `description`, `status_id`, `priority_id`, `start_date`, `due_date`, `note`, `client_can_discuss`, `created_by`, `parent_id`, `created_at`, `updated_at`) VALUES
(224, 3, 31, 'Launch the Marketing Campaign', '<h4><strong>Description:</strong></h4>\r\n<p>The culmination of all preparatory efforts, launching the marketing campaign is a critical step to ensure the project reaches its target audience effectively. This task focuses on executing the planned strategies, coordinating across platforms, and monitoring performance to maximize impact.</p>\r\n<hr>\r\n<h4><strong>Steps to Complete:</strong></h4>\r\n<ol>\r\n<li>\r\n<p><strong>Finalize Campaign Assets:</strong></p>\r\n<ul>\r\n<li>Review all visuals, content, and promotional materials to ensure consistency and quality.</li>\r\n<li>Double-check branding, messaging, and platform specifications for each asset.</li>\r\n</ul>\r\n</li>\r\n<li>\r\n<p><strong>Set Up Campaign Infrastructure:</strong></p>\r\n<ul>\r\n<li>Configure email automation sequences, ad campaigns, and landing pages.</li>\r\n<li>Ensure analytics tools are properly integrated to track campaign performance.</li>\r\n</ul>\r\n</li>\r\n<li>\r\n<p><strong>Coordinate Team Efforts:</strong></p>\r\n<ul>\r\n<li>Assign specific tasks to team members, such as scheduling posts, monitoring ads, or responding to inquiries.</li>\r\n<li>Host a pre-launch meeting to align the team on objectives and timelines.</li>\r\n</ul>\r\n</li>\r\n<li>\r\n<p><strong>Launch Social Media Promotions:</strong></p>\r\n<ul>\r\n<li>Post teaser content a week before the official launch to build anticipation.</li>\r\n<li>On launch day, publish posts with strong calls-to-action (CTAs) encouraging audience participation.</li>\r\n</ul>\r\n</li>\r\n<li>\r\n<p><strong>Deploy Paid Advertising Campaigns:</strong></p>\r\n<ul>\r\n<li>Launch PPC ads on platforms like Google Ads, Facebook, or Instagram to target specific audience segments.</li>\r\n<li>Optimize ad copy and visuals for maximum engagement.</li>\r\n</ul>\r\n</li>\r\n<li>\r\n<p><strong>Engage with the Audience:</strong></p>\r\n<ul>\r\n<li>Actively respond to comments, messages, and shares during the launch period.</li>\r\n<li>Use live sessions or interactive polls to create a buzz.</li>\r\n</ul>\r\n</li>\r\n<li>\r\n<p><strong>Leverage Email Marketing:</strong></p>\r\n<ul>\r\n<li>Send a series of emails to the subscriber list, introducing the product and offering special launch deals.</li>\r\n<li>Include customer testimonials or success stories to build credibility.</li>\r\n</ul>\r\n</li>\r\n<li>\r\n<p><strong>Activate Influencers and Partners:</strong></p>\r\n<ul>\r\n<li>Collaborate with influencers to share authentic content about their experience with the product.</li>\r\n<li>Coordinate posts from partners or affiliates to expand reach.</li>\r\n</ul>\r\n</li>\r\n<li>\r\n<p><strong>Monitor Campaign Performance:</strong></p>\r\n<ul>\r\n<li>Use analytics tools to track KPIs such as click-through rates, conversions, and engagement metrics.</li>\r\n<li>Identify underperforming areas and adjust tactics in real-time.</li>\r\n</ul>\r\n</li>\r\n<li>\r\n<p><strong>Gather Feedback and Iterate:</strong></p>\r\n<ul>\r\n<li>Collect feedback from customers, stakeholders, and team members about the campaign\'s execution.</li>\r\n<li>Use insights to refine future campaigns and optimize ongoing efforts.</li>\r\n</ul>\r\n</li>\r\n<li>\r\n<p><strong>Celebrate and Acknowledge Contributions:</strong></p>\r\n<ul>\r\n<li>Share the campaign&rsquo;s success metrics with the team and publicly recognize their efforts.</li>\r\n<li>Host a small event or send thank-you notes to team members and partners.</li>\r\n</ul>\r\n</li>\r\n</ol>', 0, NULL, '2025-03-17', '2025-03-22', NULL, 1, 1, NULL, '2025-02-10 04:28:02', '2025-02-10 04:28:02');

-- --------------------------------------------------------

--
-- Table structure for table `task_user`
--

CREATE TABLE `task_user` (
  `id` bigint UNSIGNED NOT NULL,
  `task_id` bigint UNSIGNED NOT NULL,
  `user_id` bigint UNSIGNED NOT NULL
) ENGINE=InnoDB DEFAULT CHARSET=utf8mb4 COLLATE=utf8mb4_unicode_ci;

--
-- Dumping data for table `task_user`
--

INSERT INTO `task_user` (`id`, `task_id`, `user_id`) VALUES
(1, 1, 1),
(2, 1, 2),
(3, 2, 1),
(4, 2, 2),
(5, 3, 1),
(6, 3, 2),
(10, 3, 3),
(9, 4, 1),
(7, 4, 2),
(8, 4, 3),
(11, 5, 1),
(12, 5, 2),
(13, 5, 3),
(14, 6, 1),
(15, 6, 2),
(16, 6, 3),
(17, 7, 1),
(18, 7, 2),
(19, 7, 3),
(20, 8, 1),
(21, 8, 2),
(22, 8, 3),
(24, 10, 1),
(25, 10, 5),
(26, 11, 1),
(27, 11, 3),
(28, 11, 5),
(29, 12, 1),
(30, 12, 3),
(31, 13, 1),
(32, 13, 4),
(33, 14, 1),
(34, 14, 7),
(35, 15, 1),
(36, 15, 2),
(37, 15, 7),
(38, 16, 1),
(39, 16, 6),
(40, 16, 7),
(41, 16, 8),
(42, 17, 1),
(43, 17, 5),
(44, 17, 7),
(45, 18, 1),
(46, 18, 4),
(47, 18, 7),
(48, 19, 1),
(49, 19, 7),
(50, 20, 7),
(51, 20, 8),
(52, 21, 7),
(53, 21, 8),
(54, 22, 7),
(55, 22, 8),
(56, 23, 7),
(57, 23, 8),
(58, 24, 5),
(59, 24, 7),
(60, 24, 8),
(61, 25, 7),
(62, 25, 8),
(63, 26, 1),
(64, 26, 4),
(65, 26, 7),
(66, 27, 1),
(67, 27, 9),
(68, 27, 10),
(69, 28, 9),
(70, 28, 10),
(71, 29, 9),
(72, 29, 10),
(73, 30, 9),
(74, 30, 10),
(75, 31, 9),
(76, 31, 10),
(77, 32, 9),
(78, 32, 10),
(79, 33, 5),
(80, 33, 9),
(81, 33, 10),
(82, 34, 9),
(83, 34, 10),
(84, 35, 1),
(85, 35, 4),
(86, 35, 10),
(87, 36, 1),
(88, 36, 3),
(89, 36, 7),
(90, 37, 3),
(91, 37, 7),
(92, 38, 3),
(93, 39, 3),
(94, 40, 3),
(99, 40, 7),
(95, 41, 3),
(96, 41, 7),
(97, 42, 3),
(98, 42, 7),
(100, 43, 3),
(101, 43, 7),
(102, 44, 3),
(107, 44, 5),
(104, 45, 1),
(105, 45, 4),
(106, 45, 7),
(108, 46, 1),
(109, 46, 11),
(110, 46, 12),
(111, 46, 13),
(112, 47, 1),
(113, 47, 11),
(114, 47, 13),
(115, 48, 1),
(116, 48, 11),
(117, 49, 1),
(118, 49, 11),
(119, 49, 12),
(120, 49, 15),
(121, 50, 1),
(122, 50, 11),
(123, 50, 15),
(124, 51, 11),
(125, 51, 12),
(126, 51, 14),
(127, 51, 15),
(128, 52, 12),
(129, 52, 14),
(130, 52, 15),
(131, 53, 14),
(132, 53, 15),
(133, 54, 14),
(134, 54, 15),
(137, 55, 13),
(135, 55, 14),
(136, 55, 15),
(138, 56, 1),
(139, 56, 5),
(140, 56, 11),
(141, 57, 1),
(142, 57, 11),
(143, 58, 1),
(144, 58, 11),
(145, 58, 15),
(146, 59, 1),
(147, 59, 11),
(148, 59, 12),
(149, 59, 13),
(150, 60, 1),
(151, 60, 11),
(152, 60, 12),
(153, 61, 11),
(154, 61, 12),
(155, 61, 15),
(156, 62, 12),
(157, 62, 15),
(158, 63, 12),
(159, 63, 15),
(160, 64, 14),
(161, 64, 15),
(162, 65, 11),
(163, 65, 14),
(164, 65, 15),
(165, 66, 1),
(166, 66, 11),
(167, 66, 14),
(168, 66, 15),
(173, 67, 5),
(174, 67, 14),
(175, 67, 15),
(169, 68, 1),
(170, 68, 11),
(171, 68, 14),
(172, 68, 15),
(176, 69, 11),
(177, 69, 15),
(178, 70, 1),
(179, 70, 16),
(180, 71, 16),
(181, 71, 17),
(182, 72, 16),
(183, 72, 19),
(184, 73, 16),
(185, 73, 18),
(186, 74, 19),
(187, 74, 20),
(188, 75, 1),
(189, 75, 16),
(190, 75, 18),
(191, 75, 19),
(192, 76, 16),
(193, 76, 20),
(194, 77, 1),
(195, 77, 16),
(196, 78, 20),
(197, 79, 15),
(198, 79, 17),
(199, 80, 18),
(200, 81, 19),
(201, 81, 20),
(202, 82, 15),
(203, 82, 19),
(204, 83, 20),
(205, 84, 19),
(206, 85, 15),
(207, 85, 16),
(208, 85, 19),
(209, 86, 7),
(210, 86, 19),
(211, 87, 7),
(212, 87, 20),
(213, 88, 1),
(214, 88, 7),
(215, 88, 19),
(216, 89, 1),
(217, 89, 7),
(218, 89, 20),
(219, 90, 1),
(220, 90, 7),
(222, 90, 16),
(221, 90, 19),
(232, 91, 19),
(226, 91, 29),
(227, 91, 30),
(228, 91, 31),
(229, 92, 7),
(230, 92, 16),
(231, 92, 19),
(233, 93, 7),
(234, 93, 19),
(235, 93, 29),
(236, 93, 30),
(237, 93, 31),
(223, 94, 7),
(224, 94, 16),
(225, 94, 31),
(238, 95, 19),
(239, 95, 29),
(240, 95, 31),
(241, 96, 7),
(242, 96, 19),
(243, 97, 7),
(244, 97, 19),
(245, 99, 1),
(246, 99, 7),
(247, 99, 16),
(248, 100, 7),
(249, 100, 16),
(250, 100, 19),
(251, 101, 20),
(252, 102, 1),
(253, 102, 7),
(254, 102, 20),
(255, 103, 1),
(256, 103, 7),
(257, 104, 3),
(258, 104, 7),
(259, 104, 19),
(260, 105, 2),
(261, 105, 3),
(262, 106, 7),
(263, 106, 8),
(264, 107, 3),
(265, 107, 8),
(266, 108, 3),
(267, 109, 3),
(268, 109, 7),
(269, 109, 8),
(270, 109, 19),
(271, 110, 3),
(272, 110, 5),
(273, 111, 4),
(274, 111, 19),
(275, 112, 1),
(276, 112, 7),
(277, 112, 19),
(278, 113, 3),
(279, 113, 8),
(280, 113, 19),
(281, 114, 3),
(282, 114, 4),
(283, 114, 8),
(710, 116, 7),
(711, 116, 11),
(712, 117, 6),
(713, 117, 7),
(714, 117, 15),
(715, 118, 15),
(716, 119, 4),
(717, 119, 6),
(718, 120, 6),
(719, 121, 4),
(720, 121, 5),
(721, 121, 15),
(722, 122, 5),
(723, 122, 6),
(724, 122, 7),
(725, 123, 7),
(726, 124, 4),
(727, 124, 6),
(728, 124, 7),
(730, 125, 4),
(731, 125, 6),
(729, 125, 7),
(732, 125, 11),
(284, 126, 1),
(285, 126, 9),
(286, 126, 10),
(287, 127, 9),
(288, 128, 2),
(289, 128, 9),
(290, 129, 4),
(291, 129, 9),
(292, 130, 9),
(293, 131, 2),
(294, 131, 9),
(295, 132, 9),
(296, 133, 1),
(297, 133, 5),
(298, 133, 9),
(299, 134, 9),
(300, 134, 10),
(301, 135, 1),
(302, 135, 4),
(303, 135, 10),
(304, 136, 1),
(305, 136, 4),
(306, 136, 10),
(307, 137, 4),
(308, 137, 9),
(309, 138, 4),
(310, 138, 9),
(311, 138, 10),
(312, 139, 9),
(313, 140, 9),
(314, 141, 9),
(315, 142, 9),
(316, 143, 4),
(317, 143, 9),
(318, 144, 1),
(319, 144, 5),
(320, 144, 9),
(321, 145, 4),
(322, 145, 10),
(323, 146, 9),
(324, 146, 10),
(325, 147, 1),
(326, 147, 4),
(327, 147, 9),
(328, 147, 10),
(329, 148, 1),
(708, 149, 9),
(709, 149, 10),
(707, 150, 9),
(330, 151, 32),
(331, 151, 33),
(332, 151, 34),
(333, 151, 35),
(334, 151, 36),
(335, 152, 32),
(336, 152, 33),
(337, 152, 34),
(338, 152, 35),
(339, 152, 36),
(340, 153, 32),
(341, 153, 33),
(342, 153, 34),
(343, 153, 35),
(344, 153, 36),
(345, 154, 32),
(346, 154, 33),
(347, 154, 34),
(348, 154, 35),
(349, 154, 36),
(350, 155, 32),
(351, 155, 33),
(352, 155, 34),
(353, 155, 35),
(354, 155, 36),
(355, 156, 32),
(356, 156, 33),
(357, 156, 34),
(358, 156, 35),
(359, 156, 36),
(360, 157, 32),
(361, 157, 33),
(362, 157, 34),
(363, 157, 35),
(364, 157, 36),
(365, 158, 32),
(366, 158, 33),
(367, 158, 34),
(368, 158, 35),
(369, 158, 36),
(370, 159, 32),
(371, 159, 33),
(372, 159, 34),
(373, 159, 35),
(374, 159, 36),
(375, 160, 32),
(376, 160, 33),
(377, 160, 34),
(378, 160, 35),
(379, 160, 36),
(380, 161, 32),
(381, 161, 33),
(382, 161, 34),
(383, 161, 35),
(384, 161, 36),
(385, 162, 32),
(386, 162, 33),
(387, 162, 34),
(388, 162, 35),
(389, 162, 36),
(390, 163, 34),
(391, 163, 37),
(392, 163, 38),
(393, 163, 39),
(394, 163, 40),
(395, 163, 41),
(396, 164, 34),
(397, 164, 37),
(398, 164, 38),
(399, 164, 39),
(400, 164, 40),
(401, 164, 41),
(402, 165, 34),
(403, 165, 37),
(404, 165, 38),
(405, 165, 39),
(406, 165, 40),
(407, 165, 41),
(408, 166, 34),
(409, 166, 37),
(410, 166, 38),
(411, 166, 39),
(412, 166, 40),
(413, 166, 41),
(414, 167, 34),
(415, 167, 37),
(416, 167, 38),
(417, 167, 39),
(418, 167, 40),
(419, 167, 41),
(420, 168, 34),
(421, 168, 37),
(422, 168, 38),
(423, 168, 39),
(424, 168, 40),
(425, 168, 41),
(426, 169, 34),
(427, 169, 37),
(428, 169, 38),
(429, 169, 39),
(430, 169, 40),
(431, 169, 41),
(432, 170, 34),
(433, 170, 37),
(434, 170, 38),
(435, 170, 39),
(436, 170, 40),
(437, 170, 41),
(438, 171, 34),
(439, 171, 37),
(440, 171, 38),
(441, 171, 39),
(442, 171, 40),
(443, 171, 41),
(444, 172, 34),
(445, 172, 37),
(446, 172, 38),
(447, 172, 39),
(448, 172, 40),
(449, 172, 41),
(450, 173, 34),
(451, 173, 37),
(452, 173, 38),
(453, 173, 39),
(454, 173, 40),
(455, 173, 41),
(456, 174, 34),
(457, 174, 37),
(458, 174, 38),
(459, 174, 39),
(460, 174, 40),
(461, 174, 41),
(462, 175, 1),
(463, 175, 32),
(464, 175, 33),
(465, 175, 34),
(466, 175, 35),
(467, 175, 36),
(468, 175, 37),
(469, 175, 38),
(470, 176, 1),
(473, 176, 34),
(474, 176, 35),
(475, 176, 36),
(476, 176, 37),
(477, 176, 38),
(479, 177, 32),
(481, 177, 34),
(482, 177, 35),
(483, 177, 36),
(484, 177, 37),
(485, 177, 38),
(487, 178, 32),
(490, 178, 35),
(495, 180, 32),
(496, 180, 33),
(499, 180, 36),
(500, 180, 37),
(501, 180, 38),
(502, 181, 1),
(503, 181, 32),
(504, 181, 33),
(505, 181, 34),
(506, 181, 35),
(509, 181, 38),
(510, 182, 32),
(511, 182, 33),
(512, 182, 34),
(513, 183, 38),
(514, 183, 39),
(515, 183, 40),
(516, 183, 41),
(517, 184, 38),
(518, 184, 39),
(519, 184, 40),
(520, 184, 41),
(521, 185, 38),
(522, 185, 39),
(523, 185, 40),
(524, 185, 41),
(525, 186, 38),
(526, 186, 39),
(527, 186, 40),
(528, 186, 41),
(529, 187, 38),
(530, 187, 39),
(531, 187, 40),
(532, 187, 41),
(533, 188, 1),
(534, 188, 32),
(535, 188, 33),
(536, 188, 34),
(537, 188, 35),
(538, 189, 32),
(539, 189, 35),
(540, 190, 1),
(541, 190, 32),
(542, 190, 33),
(543, 190, 34),
(544, 190, 35),
(545, 191, 1),
(546, 191, 33),
(547, 191, 34),
(548, 192, 1),
(549, 192, 33),
(550, 192, 34),
(551, 193, 1),
(552, 193, 33),
(553, 193, 34),
(554, 193, 35),
(556, 194, 1),
(557, 194, 33),
(558, 194, 34),
(559, 194, 37),
(560, 196, 1),
(562, 196, 34),
(563, 196, 37),
(564, 197, 1),
(565, 197, 33),
(566, 197, 34),
(567, 197, 37),
(568, 198, 1),
(569, 198, 33),
(570, 198, 34),
(571, 198, 37),
(572, 199, 1),
(573, 199, 33),
(575, 199, 37),
(581, 201, 1),
(582, 201, 33),
(583, 201, 34),
(584, 201, 37),
(585, 202, 1),
(586, 202, 34),
(587, 202, 37),
(588, 203, 1),
(589, 203, 33),
(590, 203, 34),
(591, 203, 37),
(592, 204, 1),
(593, 204, 33),
(594, 204, 34),
(595, 204, 37),
(596, 205, 1),
(597, 205, 33),
(598, 205, 37),
(599, 206, 34),
(600, 206, 37),
(601, 206, 38),
(602, 206, 39),
(603, 206, 40),
(604, 206, 41),
(605, 207, 34),
(606, 207, 37),
(607, 207, 38),
(608, 207, 39),
(609, 207, 40),
(610, 207, 41),
(611, 208, 34),
(612, 208, 37),
(613, 208, 38),
(614, 208, 39),
(615, 208, 40),
(616, 208, 41),
(617, 209, 34),
(618, 209, 37),
(619, 209, 38),
(620, 209, 39),
(621, 209, 40),
(622, 209, 41),
(623, 210, 34),
(624, 210, 37),
(625, 210, 38),
(626, 210, 39),
(627, 210, 40),
(628, 210, 41),
(629, 211, 34),
(630, 211, 37),
(631, 211, 38),
(632, 211, 39),
(633, 211, 40),
(634, 211, 41),
(635, 212, 34),
(636, 212, 37),
(637, 212, 38),
(638, 212, 39),
(639, 212, 40),
(640, 212, 41),
(641, 213, 34),
(642, 213, 37),
(643, 213, 38),
(644, 213, 39),
(645, 213, 40),
(646, 213, 41),
(647, 214, 34),
(648, 214, 37),
(649, 214, 38),
(650, 214, 39),
(651, 214, 40),
(652, 214, 41),
(653, 215, 34),
(654, 215, 37),
(655, 215, 38),
(656, 215, 39),
(657, 215, 40),
(658, 215, 41),
(659, 216, 34),
(660, 216, 37),
(661, 216, 38),
(662, 216, 39),
(663, 216, 40),
(664, 216, 41),
(665, 217, 34),
(666, 217, 37),
(667, 217, 38),
(668, 217, 39),
(669, 217, 40),
(670, 217, 41),
(671, 218, 1),
(672, 218, 32),
(673, 218, 33),
(674, 218, 34),
(675, 218, 35),
(676, 218, 36),
(677, 218, 37),
(678, 218, 38),
(679, 219, 1),
(680, 219, 34),
(681, 219, 35),
(682, 219, 36),
(683, 219, 37),
(684, 219, 38),
(685, 220, 32),
(686, 220, 34),
(687, 220, 35),
(688, 220, 36),
(689, 220, 37),
(690, 220, 38),
(691, 221, 32),
(692, 221, 35),
(693, 222, 32),
(694, 222, 33),
(695, 222, 36),
(696, 222, 37),
(697, 222, 38),
(698, 223, 1),
(699, 223, 32),
(700, 223, 33),
(701, 223, 34),
(702, 223, 35),
(703, 223, 38),
(704, 224, 32),
(705, 224, 33),
(706, 224, 34);

-- --------------------------------------------------------

--
-- Table structure for table `taxes`
--

CREATE TABLE `taxes` (
  `id` bigint UNSIGNED NOT NULL,
  `workspace_id` bigint UNSIGNED NOT NULL,
  `title` varchar(255) CHARACTER SET utf8mb4 COLLATE utf8mb4_unicode_ci NOT NULL,
  `type` varchar(512) CHARACTER SET utf8mb4 COLLATE utf8mb4_unicode_ci NOT NULL,
  `percentage` double DEFAULT NULL,
  `amount` double DEFAULT NULL,
  `created_at` timestamp NULL DEFAULT NULL,
  `updated_at` timestamp NULL DEFAULT NULL
) ENGINE=InnoDB DEFAULT CHARSET=utf8mb4 COLLATE=utf8mb4_unicode_ci;

--
-- Dumping data for table `taxes`
--

INSERT INTO `taxes` (`id`, `workspace_id`, `title`, `type`, `percentage`, `amount`, `created_at`, `updated_at`) VALUES
(1, 1, 'GST', 'percentage', 18, NULL, '2025-02-04 04:00:58', '2025-02-04 04:00:58'),
(2, 1, 'VAT', 'percentage', 15, NULL, '2025-02-04 04:03:52', '2025-02-04 04:03:52'),
(3, 1, 'Sales Tax', 'percentage', 4, NULL, '2025-02-04 04:04:16', '2025-02-04 04:04:16'),
(4, 1, 'Service Charge', 'amount', NULL, 5, '2025-02-04 04:04:28', '2025-02-04 04:04:28'),
(5, 1, 'Corporate Tax', 'percentage', 8, NULL, '2025-02-04 04:04:47', '2025-02-04 04:04:47'),
(6, 2, 'G.S.T', 'percentage', 18, NULL, '2025-02-05 01:47:32', '2025-02-05 01:47:32'),
(7, 2, 'V.A.T', 'percentage', 5, NULL, '2025-02-05 01:47:54', '2025-02-05 01:47:54'),
(8, 2, 'Service Charge Tax', 'amount', NULL, 10, '2025-02-05 01:48:20', '2025-02-05 01:48:20'),
(9, 3, 'G.S.T.', 'percentage', 12, NULL, '2025-02-10 21:42:06', '2025-02-10 21:42:06'),
(10, 3, 'N.H.C', 'amount', NULL, 50, '2025-02-10 21:42:33', '2025-02-10 21:42:33');

-- --------------------------------------------------------

--
-- Table structure for table `templates`
--

CREATE TABLE `templates` (
  `id` bigint UNSIGNED NOT NULL,
  `type` varchar(255) CHARACTER SET utf8mb4 COLLATE utf8mb4_unicode_ci NOT NULL,
  `name` varchar(255) CHARACTER SET utf8mb4 COLLATE utf8mb4_unicode_ci NOT NULL,
  `subject` text CHARACTER SET utf8mb4 COLLATE utf8mb4_unicode_ci,
  `content` text CHARACTER SET utf8mb4 COLLATE utf8mb4_unicode_ci,
  `status` tinyint NOT NULL,
  `created_at` timestamp NULL DEFAULT NULL,
  `updated_at` timestamp NULL DEFAULT NULL
) ENGINE=InnoDB DEFAULT CHARSET=utf8mb4 COLLATE=utf8mb4_unicode_ci;

--
-- Dumping data for table `templates`
--

INSERT INTO `templates` (`id`, `type`, `name`, `subject`, `content`, `status`, `created_at`, `updated_at`) VALUES
(1, 'email', 'account_creation', 'Account Creation', '<div style=\"box-sizing: border-box; font-family: -apple-system,BlinkMacSystemFont,\'Segoe UI\',Roboto,Helvetica,Arial,sans-serif,\'Apple Color Emoji\',\'Segoe UI Emoji\',\'Segoe UI Symbol\'; background-color: #ffffff; color: #718096; height: 100%; line-height: 1.4; margin: 0; padding: 0; width: 100%!important;\">\r\n<table style=\"box-sizing: border-box; font-family: -apple-system,BlinkMacSystemFont,\'Segoe UI\',Roboto,Helvetica,Arial,sans-serif,\'Apple Color Emoji\',\'Segoe UI Emoji\',\'Segoe UI Symbol\'; background-color: #edf2f7; margin: 0; padding: 0; width: 100%;\" role=\"presentation\" width=\"100%\" cellspacing=\"0\" cellpadding=\"0\">\r\n<tbody>\r\n<tr>\r\n<td style=\"box-sizing: border-box; font-family: -apple-system,BlinkMacSystemFont,\'Segoe UI\',Roboto,Helvetica,Arial,sans-serif,\'Apple Color Emoji\',\'Segoe UI Emoji\',\'Segoe UI Symbol\';\" align=\"center\">\r\n<table style=\"box-sizing: border-box; font-family: -apple-system, BlinkMacSystemFont, \'Segoe UI\', Roboto, Helvetica, Arial, sans-serif, \'Apple Color Emoji\', \'Segoe UI Emoji\', \'Segoe UI Symbol\'; margin: 0px; padding: 0px; width: 100%; height: 659.844px;\" role=\"presentation\" width=\"100%\" cellspacing=\"0\" cellpadding=\"0\">\r\n<tbody>\r\n<tr style=\"height: 77.0938px;\">\r\n<td style=\"box-sizing: border-box; font-family: -apple-system, BlinkMacSystemFont, \'Segoe UI\', Roboto, Helvetica, Arial, sans-serif, \'Apple Color Emoji\', \'Segoe UI Emoji\', \'Segoe UI Symbol\'; padding: 25px 0px; height: 77.0938px; text-align: center;\"><span style=\"font-size: 18px;\">{COMPANY_LOGO}</span></td>\r\n</tr>\r\n<tr style=\"height: 486.25px;\">\r\n<td style=\"box-sizing: border-box; font-family: -apple-system, BlinkMacSystemFont, \'Segoe UI\', Roboto, Helvetica, Arial, sans-serif, \'Apple Color Emoji\', \'Segoe UI Emoji\', \'Segoe UI Symbol\'; background-color: rgb(237, 242, 247); margin: 0px; padding: 0px; width: 100%; border: hidden !important; height: 486.25px;\" width=\"100%\">\r\n<table class=\"m_2051327272198114809inner-body\" style=\"box-sizing: border-box; font-family: -apple-system,BlinkMacSystemFont,\'Segoe UI\',Roboto,Helvetica,Arial,sans-serif,\'Apple Color Emoji\',\'Segoe UI Emoji\',\'Segoe UI Symbol\'; background-color: #ffffff; border-color: #e8e5ef; border-radius: 2px; border-width: 1px; margin: 0 auto; padding: 0; width: 570px;\" role=\"presentation\" width=\"570\" cellspacing=\"0\" cellpadding=\"0\" align=\"center\">\r\n<tbody>\r\n<tr>\r\n<td style=\"box-sizing: border-box; font-family: -apple-system,BlinkMacSystemFont,\'Segoe UI\',Roboto,Helvetica,Arial,sans-serif,\'Apple Color Emoji\',\'Segoe UI Emoji\',\'Segoe UI Symbol\'; max-width: 100vw; padding: 32px;\">\r\n<h1 style=\"box-sizing: border-box; font-family: -apple-system, BlinkMacSystemFont, \'Segoe UI\', Roboto, Helvetica, Arial, sans-serif, \'Apple Color Emoji\', \'Segoe UI Emoji\', \'Segoe UI Symbol\'; color: rgb(61, 72, 82); font-size: 18px; font-weight: bold; margin-top: 0px; text-align: left;\">Hello, {FIRST_NAME} {LAST_NAME}</h1>\r\n<p style=\"box-sizing: border-box; font-family: -apple-system,BlinkMacSystemFont,\'Segoe UI\',Roboto,Helvetica,Arial,sans-serif,\'Apple Color Emoji\',\'Segoe UI Emoji\',\'Segoe UI Symbol\'; font-size: 16px; line-height: 1.5em; margin-top: 0; text-align: left;\">Your account has been successfully created.</p>\r\n<p style=\"box-sizing: border-box; font-family: -apple-system,BlinkMacSystemFont,\'Segoe UI\',Roboto,Helvetica,Arial,sans-serif,\'Apple Color Emoji\',\'Segoe UI Emoji\',\'Segoe UI Symbol\'; font-size: 16px; line-height: 1.5em; margin-top: 0; text-align: left;\"><strong>Username:</strong> {USER_NAME}<br><strong>Password:</strong> {PASSWORD}</p>\r\n<p style=\"box-sizing: border-box; font-family: -apple-system,BlinkMacSystemFont,\'Segoe UI\',Roboto,Helvetica,Arial,sans-serif,\'Apple Color Emoji\',\'Segoe UI Emoji\',\'Segoe UI Symbol\'; font-size: 16px; line-height: 1.5em; margin-top: 0; text-align: left;\">If you did not create an account, no further action is required.</p>\r\n<p style=\"box-sizing: border-box; font-family: -apple-system,BlinkMacSystemFont,\'Segoe UI\',Roboto,Helvetica,Arial,sans-serif,\'Apple Color Emoji\',\'Segoe UI Emoji\',\'Segoe UI Symbol\'; font-size: 16px; line-height: 1.5em; margin-top: 0; text-align: left;\">To access your account, simply click on the link below or copy and paste it into your browser:</p>\r\n{SITE_URL}<br><br>Regards,</td>\r\n</tr>\r\n<tr>\r\n<td style=\"box-sizing: border-box; font-family: -apple-system, BlinkMacSystemFont, \'Segoe UI\', Roboto, Helvetica, Arial, sans-serif, \'Apple Color Emoji\', \'Segoe UI Emoji\', \'Segoe UI Symbol\'; max-width: 100vw; padding: 32px;\">\r\n<h1 style=\"box-sizing: border-box; font-family: -apple-system,BlinkMacSystemFont,\'Segoe UI\',Roboto,Helvetica,Arial,sans-serif,\'Apple Color Emoji\',\'Segoe UI Emoji\',\'Segoe UI Symbol\'; color: #3d4852; font-size: 18px; font-weight: bold; margin-top: 0; text-align: left;\">&nbsp;</h1>\r\n</td>\r\n</tr>\r\n</tbody>\r\n</table>\r\n</td>\r\n</tr>\r\n<tr style=\"height: 96.5px;\">\r\n<td style=\"box-sizing: border-box; font-family: -apple-system, BlinkMacSystemFont, \'Segoe UI\', Roboto, Helvetica, Arial, sans-serif, \'Apple Color Emoji\', \'Segoe UI Emoji\', \'Segoe UI Symbol\'; height: 96.5px;\">\r\n<table class=\"m_2051327272198114809footer\" style=\"box-sizing: border-box; font-family: -apple-system,BlinkMacSystemFont,\'Segoe UI\',Roboto,Helvetica,Arial,sans-serif,\'Apple Color Emoji\',\'Segoe UI Emoji\',\'Segoe UI Symbol\'; margin: 0 auto; padding: 0; text-align: center; width: 570px;\" role=\"presentation\" width=\"570\" cellspacing=\"0\" cellpadding=\"0\" align=\"center\">\r\n<tbody>\r\n<tr>\r\n<td style=\"box-sizing: border-box; font-family: -apple-system,BlinkMacSystemFont,\'Segoe UI\',Roboto,Helvetica,Arial,sans-serif,\'Apple Color Emoji\',\'Segoe UI Emoji\',\'Segoe UI Symbol\'; max-width: 100vw; padding: 32px;\" align=\"center\">\r\n<p style=\"box-sizing: border-box; font-family: -apple-system,BlinkMacSystemFont,\'Segoe UI\',Roboto,Helvetica,Arial,sans-serif,\'Apple Color Emoji\',\'Segoe UI Emoji\',\'Segoe UI Symbol\'; line-height: 1.5em; margin-top: 0; color: #b0adc5; font-size: 12px; text-align: center;\">&copy; {CURRENT_YEAR} {COMPANY_TITLE}. All rights reserved.</p>\r\n</td>\r\n</tr>\r\n</tbody>\r\n</table>\r\n</td>\r\n</tr>\r\n</tbody>\r\n</table>\r\n</td>\r\n</tr>\r\n</tbody>\r\n</table>\r\n<div class=\"yj6qo\">&nbsp;</div>\r\n<div class=\"adL\">&nbsp;</div>\r\n</div>', 1, '2025-02-04 23:01:13', '2025-02-04 23:01:13'),
(2, 'email', 'verify_email', 'Email Verification', '<div style=\"box-sizing: border-box; font-family: -apple-system,BlinkMacSystemFont,\'Segoe UI\',Roboto,Helvetica,Arial,sans-serif,\'Apple Color Emoji\',\'Segoe UI Emoji\',\'Segoe UI Symbol\'; background-color: #ffffff; color: #718096; height: 100%; line-height: 1.4; margin: 0; padding: 0; width: 100%!important;\">\r\n<table style=\"box-sizing: border-box; font-family: -apple-system,BlinkMacSystemFont,\'Segoe UI\',Roboto,Helvetica,Arial,sans-serif,\'Apple Color Emoji\',\'Segoe UI Emoji\',\'Segoe UI Symbol\'; background-color: #edf2f7; margin: 0; padding: 0; width: 100%;\" role=\"presentation\" width=\"100%\" cellspacing=\"0\" cellpadding=\"0\">\r\n<tbody>\r\n<tr>\r\n<td style=\"box-sizing: border-box; font-family: -apple-system,BlinkMacSystemFont,\'Segoe UI\',Roboto,Helvetica,Arial,sans-serif,\'Apple Color Emoji\',\'Segoe UI Emoji\',\'Segoe UI Symbol\';\" align=\"center\">\r\n<table style=\"box-sizing: border-box; font-family: -apple-system, BlinkMacSystemFont, \'Segoe UI\', Roboto, Helvetica, Arial, sans-serif, \'Apple Color Emoji\', \'Segoe UI Emoji\', \'Segoe UI Symbol\'; margin: 0px; padding: 0px; width: 100%; height: 659.844px;\" role=\"presentation\" width=\"100%\" cellspacing=\"0\" cellpadding=\"0\">\r\n<tbody>\r\n<tr style=\"height: 77.0938px;\">\r\n<td style=\"box-sizing: border-box; font-family: -apple-system, BlinkMacSystemFont, \'Segoe UI\', Roboto, Helvetica, Arial, sans-serif, \'Apple Color Emoji\', \'Segoe UI Emoji\', \'Segoe UI Symbol\'; padding: 25px 0px; height: 77.0938px; text-align: center;\"><span style=\"font-size: 18px;\">{COMPANY_LOGO}</span></td>\r\n</tr>\r\n<tr style=\"height: 486.25px;\">\r\n<td style=\"box-sizing: border-box; font-family: -apple-system, BlinkMacSystemFont, \'Segoe UI\', Roboto, Helvetica, Arial, sans-serif, \'Apple Color Emoji\', \'Segoe UI Emoji\', \'Segoe UI Symbol\'; background-color: rgb(237, 242, 247); margin: 0px; padding: 0px; width: 100%; border: hidden !important; height: 486.25px;\" width=\"100%\">\r\n<table class=\"m_2051327272198114809inner-body\" style=\"box-sizing: border-box; font-family: -apple-system,BlinkMacSystemFont,\'Segoe UI\',Roboto,Helvetica,Arial,sans-serif,\'Apple Color Emoji\',\'Segoe UI Emoji\',\'Segoe UI Symbol\'; background-color: #ffffff; border-color: #e8e5ef; border-radius: 2px; border-width: 1px; margin: 0 auto; padding: 0; width: 570px;\" role=\"presentation\" width=\"570\" cellspacing=\"0\" cellpadding=\"0\" align=\"center\">\r\n<tbody>\r\n<tr>\r\n<td style=\"box-sizing: border-box; font-family: -apple-system,BlinkMacSystemFont,\'Segoe UI\',Roboto,Helvetica,Arial,sans-serif,\'Apple Color Emoji\',\'Segoe UI Emoji\',\'Segoe UI Symbol\'; max-width: 100vw; padding: 32px;\">\r\n<h1 style=\"box-sizing: border-box; font-family: -apple-system, BlinkMacSystemFont, \'Segoe UI\', Roboto, Helvetica, Arial, sans-serif, \'Apple Color Emoji\', \'Segoe UI Emoji\', \'Segoe UI Symbol\'; color: rgb(61, 72, 82); font-size: 18px; font-weight: bold; margin-top: 0px; text-align: left;\">Hello, {FIRST_NAME} {LAST_NAME}</h1>\r\n<p style=\"box-sizing: border-box; font-family: -apple-system,BlinkMacSystemFont,\'Segoe UI\',Roboto,Helvetica,Arial,sans-serif,\'Apple Color Emoji\',\'Segoe UI Emoji\',\'Segoe UI Symbol\'; font-size: 16px; line-height: 1.5em; margin-top: 0; text-align: left;\">Please click the button below to verify your email address.</p>\r\n<table style=\"box-sizing: border-box; font-family: -apple-system,BlinkMacSystemFont,\'Segoe UI\',Roboto,Helvetica,Arial,sans-serif,\'Apple Color Emoji\',\'Segoe UI Emoji\',\'Segoe UI Symbol\'; margin: 30px auto; padding: 0; text-align: center; width: 100%;\" role=\"presentation\" width=\"100%\" cellspacing=\"0\" cellpadding=\"0\" align=\"center\">\r\n<tbody>\r\n<tr>\r\n<td style=\"box-sizing: border-box; font-family: -apple-system,BlinkMacSystemFont,\'Segoe UI\',Roboto,Helvetica,Arial,sans-serif,\'Apple Color Emoji\',\'Segoe UI Emoji\',\'Segoe UI Symbol\';\" align=\"center\">\r\n<table style=\"box-sizing: border-box; font-family: -apple-system,BlinkMacSystemFont,\'Segoe UI\',Roboto,Helvetica,Arial,sans-serif,\'Apple Color Emoji\',\'Segoe UI Emoji\',\'Segoe UI Symbol\';\" role=\"presentation\" border=\"0\" width=\"100%\" cellspacing=\"0\" cellpadding=\"0\">\r\n<tbody>\r\n<tr>\r\n<td style=\"box-sizing: border-box; font-family: -apple-system,BlinkMacSystemFont,\'Segoe UI\',Roboto,Helvetica,Arial,sans-serif,\'Apple Color Emoji\',\'Segoe UI Emoji\',\'Segoe UI Symbol\';\" align=\"center\">\r\n<table style=\"box-sizing: border-box; font-family: -apple-system,BlinkMacSystemFont,\'Segoe UI\',Roboto,Helvetica,Arial,sans-serif,\'Apple Color Emoji\',\'Segoe UI Emoji\',\'Segoe UI Symbol\';\" role=\"presentation\" border=\"0\" cellspacing=\"0\" cellpadding=\"0\">\r\n<tbody>\r\n<tr>\r\n<td style=\"box-sizing: border-box; font-family: -apple-system,BlinkMacSystemFont,\'Segoe UI\',Roboto,Helvetica,Arial,sans-serif,\'Apple Color Emoji\',\'Segoe UI Emoji\',\'Segoe UI Symbol\';\"><a class=\"m_2051327272198114809button\" style=\"box-sizing: border-box; font-family: -apple-system,BlinkMacSystemFont,\'Segoe UI\',Roboto,Helvetica,Arial,sans-serif,\'Apple Color Emoji\',\'Segoe UI Emoji\',\'Segoe UI Symbol\'; border-radius: 4px; color: #fff; display: inline-block; overflow: hidden; text-decoration: none; background-color: #2d3748; border-bottom: 8px solid #2d3748; border-left: 18px solid #2d3748; border-right: 18px solid #2d3748; border-top: 8px solid #2d3748;\" href=\"{VERIFY_EMAIL_URL}\" target=\"_blank\" rel=\"noopener\" data-saferedirecturl=\"https://www.google.com/url?q=http://127.0.0.1:8000/email/verify/129/9e323bcc5df5fdff3fe6ff960fd6576204a510ca?expires%3D1710157052%26signature%3D2df5df03c59d0dcd960500989168d0bb4b064035d572bc4195ca5a912b0302e8&amp;source=gmail&amp;ust=1710333202290000&amp;usg=AOvVaw2RJnO33Iiu4v5j5tJBiQWH\">Verify Email Address</a></td>\r\n</tr>\r\n</tbody>\r\n</table>\r\n</td>\r\n</tr>\r\n</tbody>\r\n</table>\r\n</td>\r\n</tr>\r\n</tbody>\r\n</table>\r\n<p style=\"box-sizing: border-box; font-family: -apple-system,BlinkMacSystemFont,\'Segoe UI\',Roboto,Helvetica,Arial,sans-serif,\'Apple Color Emoji\',\'Segoe UI Emoji\',\'Segoe UI Symbol\'; font-size: 16px; line-height: 1.5em; margin-top: 0; text-align: left;\">If you did not create an account, no further action is required.</p>\r\n<p style=\"box-sizing: border-box; font-family: -apple-system,BlinkMacSystemFont,\'Segoe UI\',Roboto,Helvetica,Arial,sans-serif,\'Apple Color Emoji\',\'Segoe UI Emoji\',\'Segoe UI Symbol\'; font-size: 16px; line-height: 1.5em; margin-top: 0; text-align: left;\">Regards,</p>\r\n<table style=\"box-sizing: border-box; font-family: -apple-system,BlinkMacSystemFont,\'Segoe UI\',Roboto,Helvetica,Arial,sans-serif,\'Apple Color Emoji\',\'Segoe UI Emoji\',\'Segoe UI Symbol\'; border-top: 1px solid #e8e5ef; margin-top: 25px; padding-top: 25px;\" role=\"presentation\" width=\"100%\" cellspacing=\"0\" cellpadding=\"0\">\r\n<tbody>\r\n<tr>\r\n<td style=\"box-sizing: border-box; font-family: -apple-system,BlinkMacSystemFont,\'Segoe UI\',Roboto,Helvetica,Arial,sans-serif,\'Apple Color Emoji\',\'Segoe UI Emoji\',\'Segoe UI Symbol\';\">\r\n<p style=\"box-sizing: border-box; font-family: -apple-system,BlinkMacSystemFont,\'Segoe UI\',Roboto,Helvetica,Arial,sans-serif,\'Apple Color Emoji\',\'Segoe UI Emoji\',\'Segoe UI Symbol\'; line-height: 1.5em; margin-top: 0; text-align: left; font-size: 14px;\">If you\'re having trouble clicking the \"Verify Email Address\" button, copy and paste the URL below into your web browser: {VERIFY_EMAIL_URL}</p>\r\n</td>\r\n</tr>\r\n</tbody>\r\n</table>\r\n</td>\r\n</tr>\r\n<tr>\r\n<td style=\"box-sizing: border-box; font-family: -apple-system, BlinkMacSystemFont, \'Segoe UI\', Roboto, Helvetica, Arial, sans-serif, \'Apple Color Emoji\', \'Segoe UI Emoji\', \'Segoe UI Symbol\'; max-width: 100vw; padding: 32px;\">\r\n<h1 style=\"box-sizing: border-box; font-family: -apple-system,BlinkMacSystemFont,\'Segoe UI\',Roboto,Helvetica,Arial,sans-serif,\'Apple Color Emoji\',\'Segoe UI Emoji\',\'Segoe UI Symbol\'; color: #3d4852; font-size: 18px; font-weight: bold; margin-top: 0; text-align: left;\">&nbsp;</h1>\r\n</td>\r\n</tr>\r\n</tbody>\r\n</table>\r\n</td>\r\n</tr>\r\n<tr style=\"height: 96.5px;\">\r\n<td style=\"box-sizing: border-box; font-family: -apple-system, BlinkMacSystemFont, \'Segoe UI\', Roboto, Helvetica, Arial, sans-serif, \'Apple Color Emoji\', \'Segoe UI Emoji\', \'Segoe UI Symbol\'; height: 96.5px;\">\r\n<table class=\"m_2051327272198114809footer\" style=\"box-sizing: border-box; font-family: -apple-system,BlinkMacSystemFont,\'Segoe UI\',Roboto,Helvetica,Arial,sans-serif,\'Apple Color Emoji\',\'Segoe UI Emoji\',\'Segoe UI Symbol\'; margin: 0 auto; padding: 0; text-align: center; width: 570px;\" role=\"presentation\" width=\"570\" cellspacing=\"0\" cellpadding=\"0\" align=\"center\">\r\n<tbody>\r\n<tr>\r\n<td style=\"box-sizing: border-box; font-family: -apple-system,BlinkMacSystemFont,\'Segoe UI\',Roboto,Helvetica,Arial,sans-serif,\'Apple Color Emoji\',\'Segoe UI Emoji\',\'Segoe UI Symbol\'; max-width: 100vw; padding: 32px;\" align=\"center\">\r\n<p style=\"box-sizing: border-box; font-family: -apple-system,BlinkMacSystemFont,\'Segoe UI\',Roboto,Helvetica,Arial,sans-serif,\'Apple Color Emoji\',\'Segoe UI Emoji\',\'Segoe UI Symbol\'; line-height: 1.5em; margin-top: 0; color: #b0adc5; font-size: 12px; text-align: center;\">&copy; {CURRENT_YEAR} {COMPANY_TITLE}. All rights reserved.</p>\r\n</td>\r\n</tr>\r\n</tbody>\r\n</table>\r\n</td>\r\n</tr>\r\n</tbody>\r\n</table>\r\n</td>\r\n</tr>\r\n</tbody>\r\n</table>\r\n<div class=\"yj6qo\">&nbsp;</div>\r\n<div class=\"adL\">&nbsp;</div>\r\n</div>', 1, '2025-02-04 23:01:32', '2025-02-04 23:01:32'),
(3, 'email', 'forgot_password', 'Reset Password', '<div style=\"box-sizing: border-box; font-family: -apple-system,BlinkMacSystemFont,\'Segoe UI\',Roboto,Helvetica,Arial,sans-serif,\'Apple Color Emoji\',\'Segoe UI Emoji\',\'Segoe UI Symbol\'; background-color: #ffffff; color: #718096; height: 100%; line-height: 1.4; margin: 0; padding: 0; width: 100%!important;\">\r\n<table style=\"box-sizing: border-box; font-family: -apple-system,BlinkMacSystemFont,\'Segoe UI\',Roboto,Helvetica,Arial,sans-serif,\'Apple Color Emoji\',\'Segoe UI Emoji\',\'Segoe UI Symbol\'; background-color: #edf2f7; margin: 0; padding: 0; width: 100%;\" role=\"presentation\" width=\"100%\" cellspacing=\"0\" cellpadding=\"0\">\r\n<tbody>\r\n<tr>\r\n<td style=\"box-sizing: border-box; font-family: -apple-system,BlinkMacSystemFont,\'Segoe UI\',Roboto,Helvetica,Arial,sans-serif,\'Apple Color Emoji\',\'Segoe UI Emoji\',\'Segoe UI Symbol\';\" align=\"center\">\r\n<table style=\"box-sizing: border-box; font-family: -apple-system,BlinkMacSystemFont,\'Segoe UI\',Roboto,Helvetica,Arial,sans-serif,\'Apple Color Emoji\',\'Segoe UI Emoji\',\'Segoe UI Symbol\'; margin: 0; padding: 0; width: 100%;\" role=\"presentation\" width=\"100%\" cellspacing=\"0\" cellpadding=\"0\">\r\n<tbody>\r\n<tr>\r\n<td style=\"box-sizing: border-box; font-family: -apple-system,BlinkMacSystemFont,\'Segoe UI\',Roboto,Helvetica,Arial,sans-serif,\'Apple Color Emoji\',\'Segoe UI Emoji\',\'Segoe UI Symbol\'; padding: 25px 0; text-align: center;\">&nbsp;{COMPANY_LOGO}</td>\r\n</tr>\r\n<tr>\r\n<td style=\"box-sizing: border-box; font-family: -apple-system,BlinkMacSystemFont,\'Segoe UI\',Roboto,Helvetica,Arial,sans-serif,\'Apple Color Emoji\',\'Segoe UI Emoji\',\'Segoe UI Symbol\'; background-color: #edf2f7; border-bottom: 1px solid #edf2f7; border-top: 1px solid #edf2f7; margin: 0; padding: 0; width: 100%; border: hidden!important;\" width=\"100%\">\r\n<table class=\"m_-1573326913322544649inner-body\" style=\"box-sizing: border-box; font-family: -apple-system,BlinkMacSystemFont,\'Segoe UI\',Roboto,Helvetica,Arial,sans-serif,\'Apple Color Emoji\',\'Segoe UI Emoji\',\'Segoe UI Symbol\'; background-color: #ffffff; border-color: #e8e5ef; border-radius: 2px; border-width: 1px; margin: 0 auto; padding: 0; width: 570px;\" role=\"presentation\" width=\"570\" cellspacing=\"0\" cellpadding=\"0\" align=\"center\">\r\n<tbody>\r\n<tr>\r\n<td style=\"box-sizing: border-box; font-family: -apple-system,BlinkMacSystemFont,\'Segoe UI\',Roboto,Helvetica,Arial,sans-serif,\'Apple Color Emoji\',\'Segoe UI Emoji\',\'Segoe UI Symbol\'; max-width: 100vw; padding: 32px;\">\r\n<h1 style=\"box-sizing: border-box; font-family: -apple-system, BlinkMacSystemFont, \'Segoe UI\', Roboto, Helvetica, Arial, sans-serif, \'Apple Color Emoji\', \'Segoe UI Emoji\', \'Segoe UI Symbol\'; color: rgb(61, 72, 82); font-size: 18px; font-weight: bold; margin-top: 0px; text-align: left;\">Hello, {FIRST_NAME} {LAST_NAME}</h1>\r\n<p style=\"box-sizing: border-box; font-family: -apple-system,BlinkMacSystemFont,\'Segoe UI\',Roboto,Helvetica,Arial,sans-serif,\'Apple Color Emoji\',\'Segoe UI Emoji\',\'Segoe UI Symbol\'; font-size: 16px; line-height: 1.5em; margin-top: 0; text-align: left;\">You are receiving this email because we received a password reset request for your account.</p>\r\n<table style=\"box-sizing: border-box; font-family: -apple-system,BlinkMacSystemFont,\'Segoe UI\',Roboto,Helvetica,Arial,sans-serif,\'Apple Color Emoji\',\'Segoe UI Emoji\',\'Segoe UI Symbol\'; margin: 30px auto; padding: 0; text-align: center; width: 100%;\" role=\"presentation\" width=\"100%\" cellspacing=\"0\" cellpadding=\"0\" align=\"center\">\r\n<tbody>\r\n<tr>\r\n<td style=\"box-sizing: border-box; font-family: -apple-system,BlinkMacSystemFont,\'Segoe UI\',Roboto,Helvetica,Arial,sans-serif,\'Apple Color Emoji\',\'Segoe UI Emoji\',\'Segoe UI Symbol\';\" align=\"center\">\r\n<table style=\"box-sizing: border-box; font-family: -apple-system,BlinkMacSystemFont,\'Segoe UI\',Roboto,Helvetica,Arial,sans-serif,\'Apple Color Emoji\',\'Segoe UI Emoji\',\'Segoe UI Symbol\';\" role=\"presentation\" border=\"0\" width=\"100%\" cellspacing=\"0\" cellpadding=\"0\">\r\n<tbody>\r\n<tr>\r\n<td style=\"box-sizing: border-box; font-family: -apple-system,BlinkMacSystemFont,\'Segoe UI\',Roboto,Helvetica,Arial,sans-serif,\'Apple Color Emoji\',\'Segoe UI Emoji\',\'Segoe UI Symbol\';\" align=\"center\">\r\n<table style=\"box-sizing: border-box; font-family: -apple-system,BlinkMacSystemFont,\'Segoe UI\',Roboto,Helvetica,Arial,sans-serif,\'Apple Color Emoji\',\'Segoe UI Emoji\',\'Segoe UI Symbol\';\" role=\"presentation\" border=\"0\" cellspacing=\"0\" cellpadding=\"0\">\r\n<tbody>\r\n<tr>\r\n<td style=\"box-sizing: border-box; font-family: -apple-system,BlinkMacSystemFont,\'Segoe UI\',Roboto,Helvetica,Arial,sans-serif,\'Apple Color Emoji\',\'Segoe UI Emoji\',\'Segoe UI Symbol\';\"><a class=\"m_-1573326913322544649button\" style=\"box-sizing: border-box; font-family: -apple-system,BlinkMacSystemFont,\'Segoe UI\',Roboto,Helvetica,Arial,sans-serif,\'Apple Color Emoji\',\'Segoe UI Emoji\',\'Segoe UI Symbol\'; border-radius: 4px; color: #fff; display: inline-block; overflow: hidden; text-decoration: none; background-color: #2d3748; border-bottom: 8px solid #2d3748; border-left: 18px solid #2d3748; border-right: 18px solid #2d3748; border-top: 8px solid #2d3748;\" href=\"{RESET_PASSWORD_URL}\" target=\"_blank\" rel=\"noopener\" data-saferedirecturl=\"https://www.google.com/url?q=http://127.0.0.1:8000/reset-password/a949de0b656f969649a7f702f263b5a6700085e97958ec84a3aa600a52f40c49?email%3Dgirishthacker1995%2540gmail.com&amp;source=gmail&amp;ust=1710507596576000&amp;usg=AOvVaw1NMV_rWlcnaraU7NfjEcNQ\">Reset Password</a></td>\r\n</tr>\r\n</tbody>\r\n</table>\r\n</td>\r\n</tr>\r\n</tbody>\r\n</table>\r\n</td>\r\n</tr>\r\n</tbody>\r\n</table>\r\n<p style=\"box-sizing: border-box; font-family: -apple-system,BlinkMacSystemFont,\'Segoe UI\',Roboto,Helvetica,Arial,sans-serif,\'Apple Color Emoji\',\'Segoe UI Emoji\',\'Segoe UI Symbol\'; font-size: 16px; line-height: 1.5em; margin-top: 0; text-align: left;\">This password reset link will expire in 60 minutes.</p>\r\n<p style=\"box-sizing: border-box; font-family: -apple-system,BlinkMacSystemFont,\'Segoe UI\',Roboto,Helvetica,Arial,sans-serif,\'Apple Color Emoji\',\'Segoe UI Emoji\',\'Segoe UI Symbol\'; font-size: 16px; line-height: 1.5em; margin-top: 0; text-align: left;\">If you did not request a password reset, no further action is required.</p>\r\n<p style=\"box-sizing: border-box; font-family: -apple-system,BlinkMacSystemFont,\'Segoe UI\',Roboto,Helvetica,Arial,sans-serif,\'Apple Color Emoji\',\'Segoe UI Emoji\',\'Segoe UI Symbol\'; font-size: 16px; line-height: 1.5em; margin-top: 0; text-align: left;\">Regards,</p>\r\n<table style=\"box-sizing: border-box; font-family: -apple-system,BlinkMacSystemFont,\'Segoe UI\',Roboto,Helvetica,Arial,sans-serif,\'Apple Color Emoji\',\'Segoe UI Emoji\',\'Segoe UI Symbol\'; border-top: 1px solid #e8e5ef; margin-top: 25px; padding-top: 25px;\" role=\"presentation\" width=\"100%\" cellspacing=\"0\" cellpadding=\"0\">\r\n<tbody>\r\n<tr>\r\n<td style=\"box-sizing: border-box; font-family: -apple-system,BlinkMacSystemFont,\'Segoe UI\',Roboto,Helvetica,Arial,sans-serif,\'Apple Color Emoji\',\'Segoe UI Emoji\',\'Segoe UI Symbol\';\">\r\n<p style=\"box-sizing: border-box; font-family: -apple-system,BlinkMacSystemFont,\'Segoe UI\',Roboto,Helvetica,Arial,sans-serif,\'Apple Color Emoji\',\'Segoe UI Emoji\',\'Segoe UI Symbol\'; line-height: 1.5em; margin-top: 0; text-align: left; font-size: 14px;\">If you\'re having trouble clicking the \"Reset Password\" button, copy and paste the URL below into your web browser: {RESET_PASSWORD_URL}</p>\r\n</td>\r\n</tr>\r\n</tbody>\r\n</table>\r\n</td>\r\n</tr>\r\n</tbody>\r\n</table>\r\n</td>\r\n</tr>\r\n<tr>\r\n<td style=\"box-sizing: border-box; font-family: -apple-system,BlinkMacSystemFont,\'Segoe UI\',Roboto,Helvetica,Arial,sans-serif,\'Apple Color Emoji\',\'Segoe UI Emoji\',\'Segoe UI Symbol\';\">\r\n<table class=\"m_-1573326913322544649footer\" style=\"box-sizing: border-box; font-family: -apple-system,BlinkMacSystemFont,\'Segoe UI\',Roboto,Helvetica,Arial,sans-serif,\'Apple Color Emoji\',\'Segoe UI Emoji\',\'Segoe UI Symbol\'; margin: 0 auto; padding: 0; text-align: center; width: 570px;\" role=\"presentation\" width=\"570\" cellspacing=\"0\" cellpadding=\"0\" align=\"center\">\r\n<tbody>\r\n<tr>\r\n<td style=\"box-sizing: border-box; font-family: -apple-system,BlinkMacSystemFont,\'Segoe UI\',Roboto,Helvetica,Arial,sans-serif,\'Apple Color Emoji\',\'Segoe UI Emoji\',\'Segoe UI Symbol\'; max-width: 100vw; padding: 32px;\" align=\"center\">\r\n<p style=\"box-sizing: border-box; font-family: -apple-system,BlinkMacSystemFont,\'Segoe UI\',Roboto,Helvetica,Arial,sans-serif,\'Apple Color Emoji\',\'Segoe UI Emoji\',\'Segoe UI Symbol\'; line-height: 1.5em; margin-top: 0; color: #b0adc5; font-size: 12px; text-align: center;\">&copy; {CURRENT_YEAR} {COMPANY_TITLE}. All rights reserved.</p>\r\n</td>\r\n</tr>\r\n</tbody>\r\n</table>\r\n</td>\r\n</tr>\r\n</tbody>\r\n</table>\r\n</td>\r\n</tr>\r\n</tbody>\r\n</table>\r\n<div class=\"yj6qo\">&nbsp;</div>\r\n<div class=\"adL\">&nbsp;</div>\r\n</div>', 1, '2025-02-04 23:01:52', '2025-02-04 23:01:52'),
(4, 'email', 'project_assignment', 'Project Assignment', '<div style=\"box-sizing: border-box; font-family: -apple-system,BlinkMacSystemFont,\'Segoe UI\',Roboto,Helvetica,Arial,sans-serif,\'Apple Color Emoji\',\'Segoe UI Emoji\',\'Segoe UI Symbol\'; background-color: #ffffff; color: #718096; height: 100%; line-height: 1.4; margin: 0; padding: 0; width: 100%!important;\">\r\n<table style=\"box-sizing: border-box; font-family: -apple-system,BlinkMacSystemFont,\'Segoe UI\',Roboto,Helvetica,Arial,sans-serif,\'Apple Color Emoji\',\'Segoe UI Emoji\',\'Segoe UI Symbol\'; background-color: #edf2f7; margin: 0; padding: 0; width: 100%;\" role=\"presentation\" width=\"100%\" cellspacing=\"0\" cellpadding=\"0\">\r\n<tbody>\r\n<tr>\r\n<td style=\"box-sizing: border-box; font-family: -apple-system,BlinkMacSystemFont,\'Segoe UI\',Roboto,Helvetica,Arial,sans-serif,\'Apple Color Emoji\',\'Segoe UI Emoji\',\'Segoe UI Symbol\';\" align=\"center\">\r\n<table style=\"box-sizing: border-box; font-family: -apple-system, BlinkMacSystemFont, \'Segoe UI\', Roboto, Helvetica, Arial, sans-serif, \'Apple Color Emoji\', \'Segoe UI Emoji\', \'Segoe UI Symbol\'; margin: 0px; padding: 0px; width: 100%; height: 659.844px;\" role=\"presentation\" width=\"100%\" cellspacing=\"0\" cellpadding=\"0\">\r\n<tbody>\r\n<tr style=\"height: 77.0938px;\">\r\n<td style=\"box-sizing: border-box; font-family: -apple-system, BlinkMacSystemFont, \'Segoe UI\', Roboto, Helvetica, Arial, sans-serif, \'Apple Color Emoji\', \'Segoe UI Emoji\', \'Segoe UI Symbol\'; padding: 25px 0px; height: 77.0938px; text-align: center;\"><span style=\"font-size: 18px;\">{COMPANY_LOGO}</span></td>\r\n</tr>\r\n<tr style=\"height: 486.25px;\">\r\n<td style=\"box-sizing: border-box; font-family: -apple-system, BlinkMacSystemFont, \'Segoe UI\', Roboto, Helvetica, Arial, sans-serif, \'Apple Color Emoji\', \'Segoe UI Emoji\', \'Segoe UI Symbol\'; background-color: rgb(237, 242, 247); margin: 0px; padding: 0px; width: 100%; border: hidden !important; height: 486.25px;\" width=\"100%\">\r\n<table class=\"m_2051327272198114809inner-body\" style=\"box-sizing: border-box; font-family: -apple-system,BlinkMacSystemFont,\'Segoe UI\',Roboto,Helvetica,Arial,sans-serif,\'Apple Color Emoji\',\'Segoe UI Emoji\',\'Segoe UI Symbol\'; background-color: #ffffff; border-color: #e8e5ef; border-radius: 2px; border-width: 1px; margin: 0 auto; padding: 0; width: 570px;\" role=\"presentation\" width=\"570\" cellspacing=\"0\" cellpadding=\"0\" align=\"center\">\r\n<tbody>\r\n<tr>\r\n<td style=\"box-sizing: border-box; font-family: -apple-system,BlinkMacSystemFont,\'Segoe UI\',Roboto,Helvetica,Arial,sans-serif,\'Apple Color Emoji\',\'Segoe UI Emoji\',\'Segoe UI Symbol\'; max-width: 100vw; padding: 32px;\">\r\n<h1 style=\"box-sizing: border-box; font-family: -apple-system, BlinkMacSystemFont, \'Segoe UI\', Roboto, Helvetica, Arial, sans-serif, \'Apple Color Emoji\', \'Segoe UI Emoji\', \'Segoe UI Symbol\'; color: rgb(61, 72, 82); font-size: 18px; font-weight: bold; margin-top: 0px; text-align: left;\">Hello, {FIRST_NAME} {LAST_NAME}</h1>\r\n<p style=\"box-sizing: border-box; font-family: -apple-system,BlinkMacSystemFont,\'Segoe UI\',Roboto,Helvetica,Arial,sans-serif,\'Apple Color Emoji\',\'Segoe UI Emoji\',\'Segoe UI Symbol\'; font-size: 16px; line-height: 1.5em; margin-top: 0; text-align: left;\">You have been assigned a new project <strong>{PROJECT_TITLE}, </strong>ID:<strong>#{PROJECT_ID}</strong>.<br><br>Please click the button below to access detailed project information.</p>\r\n<table style=\"box-sizing: border-box; font-family: -apple-system,BlinkMacSystemFont,\'Segoe UI\',Roboto,Helvetica,Arial,sans-serif,\'Apple Color Emoji\',\'Segoe UI Emoji\',\'Segoe UI Symbol\'; margin: 30px auto; padding: 0; text-align: center; width: 100%;\" role=\"presentation\" width=\"100%\" cellspacing=\"0\" cellpadding=\"0\" align=\"center\">\r\n<tbody>\r\n<tr>\r\n<td style=\"box-sizing: border-box; font-family: -apple-system,BlinkMacSystemFont,\'Segoe UI\',Roboto,Helvetica,Arial,sans-serif,\'Apple Color Emoji\',\'Segoe UI Emoji\',\'Segoe UI Symbol\';\" align=\"center\">\r\n<table style=\"box-sizing: border-box; font-family: -apple-system,BlinkMacSystemFont,\'Segoe UI\',Roboto,Helvetica,Arial,sans-serif,\'Apple Color Emoji\',\'Segoe UI Emoji\',\'Segoe UI Symbol\';\" role=\"presentation\" border=\"0\" width=\"100%\" cellspacing=\"0\" cellpadding=\"0\">\r\n<tbody>\r\n<tr>\r\n<td style=\"box-sizing: border-box; font-family: -apple-system,BlinkMacSystemFont,\'Segoe UI\',Roboto,Helvetica,Arial,sans-serif,\'Apple Color Emoji\',\'Segoe UI Emoji\',\'Segoe UI Symbol\';\" align=\"center\">\r\n<table style=\"box-sizing: border-box; font-family: -apple-system,BlinkMacSystemFont,\'Segoe UI\',Roboto,Helvetica,Arial,sans-serif,\'Apple Color Emoji\',\'Segoe UI Emoji\',\'Segoe UI Symbol\';\" role=\"presentation\" border=\"0\" cellspacing=\"0\" cellpadding=\"0\">\r\n<tbody>\r\n<tr>\r\n<td style=\"box-sizing: border-box; font-family: -apple-system,BlinkMacSystemFont,\'Segoe UI\',Roboto,Helvetica,Arial,sans-serif,\'Apple Color Emoji\',\'Segoe UI Emoji\',\'Segoe UI Symbol\';\"><a class=\"m_2051327272198114809button\" style=\"box-sizing: border-box; font-family: -apple-system,BlinkMacSystemFont,\'Segoe UI\',Roboto,Helvetica,Arial,sans-serif,\'Apple Color Emoji\',\'Segoe UI Emoji\',\'Segoe UI Symbol\'; border-radius: 4px; color: #fff; display: inline-block; overflow: hidden; text-decoration: none; background-color: #2d3748; border-bottom: 8px solid #2d3748; border-left: 18px solid #2d3748; border-right: 18px solid #2d3748; border-top: 8px solid #2d3748;\" href=\"{PROJECT_URL}\" target=\"_blank\" rel=\"noopener\" data-saferedirecturl=\"https://www.google.com/url?q=http://127.0.0.1:8000/email/verify/129/9e323bcc5df5fdff3fe6ff960fd6576204a510ca?expires%3D1710157052%26signature%3D2df5df03c59d0dcd960500989168d0bb4b064035d572bc4195ca5a912b0302e8&amp;source=gmail&amp;ust=1710333202290000&amp;usg=AOvVaw2RJnO33Iiu4v5j5tJBiQWH\">View Project Details</a></td>\r\n</tr>\r\n</tbody>\r\n</table>\r\n</td>\r\n</tr>\r\n</tbody>\r\n</table>\r\n</td>\r\n</tr>\r\n</tbody>\r\n</table>\r\n<p style=\"box-sizing: border-box; font-family: -apple-system,BlinkMacSystemFont,\'Segoe UI\',Roboto,Helvetica,Arial,sans-serif,\'Apple Color Emoji\',\'Segoe UI Emoji\',\'Segoe UI Symbol\'; font-size: 16px; line-height: 1.5em; margin-top: 0; text-align: left;\">Regards,</p>\r\n<table style=\"box-sizing: border-box; font-family: -apple-system,BlinkMacSystemFont,\'Segoe UI\',Roboto,Helvetica,Arial,sans-serif,\'Apple Color Emoji\',\'Segoe UI Emoji\',\'Segoe UI Symbol\'; border-top: 1px solid #e8e5ef; margin-top: 25px; padding-top: 25px;\" role=\"presentation\" width=\"100%\" cellspacing=\"0\" cellpadding=\"0\">\r\n<tbody>\r\n<tr>\r\n<td style=\"box-sizing: border-box; font-family: -apple-system,BlinkMacSystemFont,\'Segoe UI\',Roboto,Helvetica,Arial,sans-serif,\'Apple Color Emoji\',\'Segoe UI Emoji\',\'Segoe UI Symbol\';\">\r\n<p style=\"box-sizing: border-box; font-family: -apple-system,BlinkMacSystemFont,\'Segoe UI\',Roboto,Helvetica,Arial,sans-serif,\'Apple Color Emoji\',\'Segoe UI Emoji\',\'Segoe UI Symbol\'; line-height: 1.5em; margin-top: 0; text-align: left; font-size: 14px;\">If you\'re having trouble clicking the \"View Project Details\" button, copy and paste the URL below into your web browser: {PROJECT_URL}</p>\r\n</td>\r\n</tr>\r\n</tbody>\r\n</table>\r\n</td>\r\n</tr>\r\n<tr>\r\n<td style=\"box-sizing: border-box; font-family: -apple-system, BlinkMacSystemFont, \'Segoe UI\', Roboto, Helvetica, Arial, sans-serif, \'Apple Color Emoji\', \'Segoe UI Emoji\', \'Segoe UI Symbol\'; max-width: 100vw; padding: 32px;\">\r\n<h1 style=\"box-sizing: border-box; font-family: -apple-system,BlinkMacSystemFont,\'Segoe UI\',Roboto,Helvetica,Arial,sans-serif,\'Apple Color Emoji\',\'Segoe UI Emoji\',\'Segoe UI Symbol\'; color: #3d4852; font-size: 18px; font-weight: bold; margin-top: 0; text-align: left;\">&nbsp;</h1>\r\n</td>\r\n</tr>\r\n</tbody>\r\n</table>\r\n</td>\r\n</tr>\r\n<tr style=\"height: 96.5px;\">\r\n<td style=\"box-sizing: border-box; font-family: -apple-system, BlinkMacSystemFont, \'Segoe UI\', Roboto, Helvetica, Arial, sans-serif, \'Apple Color Emoji\', \'Segoe UI Emoji\', \'Segoe UI Symbol\'; height: 96.5px;\">\r\n<table class=\"m_2051327272198114809footer\" style=\"box-sizing: border-box; font-family: -apple-system,BlinkMacSystemFont,\'Segoe UI\',Roboto,Helvetica,Arial,sans-serif,\'Apple Color Emoji\',\'Segoe UI Emoji\',\'Segoe UI Symbol\'; margin: 0 auto; padding: 0; text-align: center; width: 570px;\" role=\"presentation\" width=\"570\" cellspacing=\"0\" cellpadding=\"0\" align=\"center\">\r\n<tbody>\r\n<tr>\r\n<td style=\"box-sizing: border-box; font-family: -apple-system,BlinkMacSystemFont,\'Segoe UI\',Roboto,Helvetica,Arial,sans-serif,\'Apple Color Emoji\',\'Segoe UI Emoji\',\'Segoe UI Symbol\'; max-width: 100vw; padding: 32px;\" align=\"center\">\r\n<p style=\"box-sizing: border-box; font-family: -apple-system,BlinkMacSystemFont,\'Segoe UI\',Roboto,Helvetica,Arial,sans-serif,\'Apple Color Emoji\',\'Segoe UI Emoji\',\'Segoe UI Symbol\'; line-height: 1.5em; margin-top: 0; color: #b0adc5; font-size: 12px; text-align: center;\">&copy; {CURRENT_YEAR} {COMPANY_TITLE}. All rights reserved.</p>\r\n</td>\r\n</tr>\r\n</tbody>\r\n</table>\r\n</td>\r\n</tr>\r\n</tbody>\r\n</table>\r\n</td>\r\n</tr>\r\n</tbody>\r\n</table>\r\n<div class=\"yj6qo\">&nbsp;</div>\r\n<div class=\"adL\">&nbsp;</div>\r\n</div>', 1, '2025-02-04 23:02:15', '2025-02-04 23:02:15'),
(5, 'email', 'project_status_updation', 'Project Status Updation', '<div style=\"box-sizing: border-box; font-family: -apple-system,BlinkMacSystemFont,\'Segoe UI\',Roboto,Helvetica,Arial,sans-serif,\'Apple Color Emoji\',\'Segoe UI Emoji\',\'Segoe UI Symbol\'; background-color: #ffffff; color: #718096; height: 100%; line-height: 1.4; margin: 0; padding: 0; width: 100%!important;\">\r\n<table style=\"box-sizing: border-box; font-family: -apple-system,BlinkMacSystemFont,\'Segoe UI\',Roboto,Helvetica,Arial,sans-serif,\'Apple Color Emoji\',\'Segoe UI Emoji\',\'Segoe UI Symbol\'; background-color: #edf2f7; margin: 0; padding: 0; width: 100%;\" role=\"presentation\" width=\"100%\" cellspacing=\"0\" cellpadding=\"0\">\r\n<tbody>\r\n<tr>\r\n<td style=\"box-sizing: border-box; font-family: -apple-system,BlinkMacSystemFont,\'Segoe UI\',Roboto,Helvetica,Arial,sans-serif,\'Apple Color Emoji\',\'Segoe UI Emoji\',\'Segoe UI Symbol\';\" align=\"center\">\r\n<table style=\"box-sizing: border-box; font-family: -apple-system, BlinkMacSystemFont, \'Segoe UI\', Roboto, Helvetica, Arial, sans-serif, \'Apple Color Emoji\', \'Segoe UI Emoji\', \'Segoe UI Symbol\'; margin: 0px; padding: 0px; width: 100%; height: 659.844px;\" role=\"presentation\" width=\"100%\" cellspacing=\"0\" cellpadding=\"0\">\r\n<tbody>\r\n<tr style=\"height: 77.0938px;\">\r\n<td style=\"box-sizing: border-box; font-family: -apple-system, BlinkMacSystemFont, \'Segoe UI\', Roboto, Helvetica, Arial, sans-serif, \'Apple Color Emoji\', \'Segoe UI Emoji\', \'Segoe UI Symbol\'; padding: 25px 0px; height: 77.0938px; text-align: center;\"><span style=\"font-size: 18px;\">{COMPANY_LOGO}</span></td>\r\n</tr>\r\n<tr style=\"height: 486.25px;\">\r\n<td style=\"box-sizing: border-box; font-family: -apple-system, BlinkMacSystemFont, \'Segoe UI\', Roboto, Helvetica, Arial, sans-serif, \'Apple Color Emoji\', \'Segoe UI Emoji\', \'Segoe UI Symbol\'; background-color: rgb(237, 242, 247); margin: 0px; padding: 0px; width: 100%; border: hidden !important; height: 486.25px;\" width=\"100%\">\r\n<table class=\"m_2051327272198114809inner-body\" style=\"box-sizing: border-box; font-family: -apple-system,BlinkMacSystemFont,\'Segoe UI\',Roboto,Helvetica,Arial,sans-serif,\'Apple Color Emoji\',\'Segoe UI Emoji\',\'Segoe UI Symbol\'; background-color: #ffffff; border-color: #e8e5ef; border-radius: 2px; border-width: 1px; margin: 0 auto; padding: 0; width: 570px;\" role=\"presentation\" width=\"570\" cellspacing=\"0\" cellpadding=\"0\" align=\"center\">\r\n<tbody>\r\n<tr>\r\n<td style=\"box-sizing: border-box; font-family: -apple-system,BlinkMacSystemFont,\'Segoe UI\',Roboto,Helvetica,Arial,sans-serif,\'Apple Color Emoji\',\'Segoe UI Emoji\',\'Segoe UI Symbol\'; max-width: 100vw; padding: 32px;\">\r\n<h1 style=\"box-sizing: border-box; font-family: -apple-system, BlinkMacSystemFont, \'Segoe UI\', Roboto, Helvetica, Arial, sans-serif, \'Apple Color Emoji\', \'Segoe UI Emoji\', \'Segoe UI Symbol\'; color: rgb(61, 72, 82); font-size: 18px; font-weight: bold; margin-top: 0px; text-align: left;\">Hello, {FIRST_NAME} {LAST_NAME}</h1>\r\n<p style=\"box-sizing: border-box; font-family: -apple-system,BlinkMacSystemFont,\'Segoe UI\',Roboto,Helvetica,Arial,sans-serif,\'Apple Color Emoji\',\'Segoe UI Emoji\',\'Segoe UI Symbol\'; font-size: 16px; line-height: 1.5em; margin-top: 0; text-align: left;\">This is to inform you that {UPDATER_FIRST_NAME} {UPDATER_LAST_NAME} has updated the status of project <strong>{PROJECT_TITLE}</strong>, ID: <strong>#{PROJECT_ID}</strong>, from <strong>{OLD_STATUS}</strong> to <strong>{NEW_STATUS}</strong>.<br><br>Please click the button below to access detailed project information.</p>\r\n<table style=\"box-sizing: border-box; font-family: -apple-system,BlinkMacSystemFont,\'Segoe UI\',Roboto,Helvetica,Arial,sans-serif,\'Apple Color Emoji\',\'Segoe UI Emoji\',\'Segoe UI Symbol\'; margin: 30px auto; padding: 0; text-align: center; width: 100%;\" role=\"presentation\" width=\"100%\" cellspacing=\"0\" cellpadding=\"0\" align=\"center\">\r\n<tbody>\r\n<tr>\r\n<td style=\"box-sizing: border-box; font-family: -apple-system,BlinkMacSystemFont,\'Segoe UI\',Roboto,Helvetica,Arial,sans-serif,\'Apple Color Emoji\',\'Segoe UI Emoji\',\'Segoe UI Symbol\';\" align=\"center\">\r\n<table style=\"box-sizing: border-box; font-family: -apple-system,BlinkMacSystemFont,\'Segoe UI\',Roboto,Helvetica,Arial,sans-serif,\'Apple Color Emoji\',\'Segoe UI Emoji\',\'Segoe UI Symbol\';\" role=\"presentation\" border=\"0\" width=\"100%\" cellspacing=\"0\" cellpadding=\"0\">\r\n<tbody>\r\n<tr>\r\n<td style=\"box-sizing: border-box; font-family: -apple-system,BlinkMacSystemFont,\'Segoe UI\',Roboto,Helvetica,Arial,sans-serif,\'Apple Color Emoji\',\'Segoe UI Emoji\',\'Segoe UI Symbol\';\" align=\"center\">\r\n<table style=\"box-sizing: border-box; font-family: -apple-system,BlinkMacSystemFont,\'Segoe UI\',Roboto,Helvetica,Arial,sans-serif,\'Apple Color Emoji\',\'Segoe UI Emoji\',\'Segoe UI Symbol\';\" role=\"presentation\" border=\"0\" cellspacing=\"0\" cellpadding=\"0\">\r\n<tbody>\r\n<tr>\r\n<td style=\"box-sizing: border-box; font-family: -apple-system,BlinkMacSystemFont,\'Segoe UI\',Roboto,Helvetica,Arial,sans-serif,\'Apple Color Emoji\',\'Segoe UI Emoji\',\'Segoe UI Symbol\';\"><a class=\"m_2051327272198114809button\" style=\"box-sizing: border-box; font-family: -apple-system,BlinkMacSystemFont,\'Segoe UI\',Roboto,Helvetica,Arial,sans-serif,\'Apple Color Emoji\',\'Segoe UI Emoji\',\'Segoe UI Symbol\'; border-radius: 4px; color: #fff; display: inline-block; overflow: hidden; text-decoration: none; background-color: #2d3748; border-bottom: 8px solid #2d3748; border-left: 18px solid #2d3748; border-right: 18px solid #2d3748; border-top: 8px solid #2d3748;\" href=\"{PROJECT_URL}\" target=\"_blank\" rel=\"noopener\" data-saferedirecturl=\"https://www.google.com/url?q=http://127.0.0.1:8000/email/verify/129/9e323bcc5df5fdff3fe6ff960fd6576204a510ca?expires%3D1710157052%26signature%3D2df5df03c59d0dcd960500989168d0bb4b064035d572bc4195ca5a912b0302e8&amp;source=gmail&amp;ust=1710333202290000&amp;usg=AOvVaw2RJnO33Iiu4v5j5tJBiQWH\">View Project Details</a></td>\r\n</tr>\r\n</tbody>\r\n</table>\r\n</td>\r\n</tr>\r\n</tbody>\r\n</table>\r\n</td>\r\n</tr>\r\n</tbody>\r\n</table>\r\n<p style=\"box-sizing: border-box; font-family: -apple-system,BlinkMacSystemFont,\'Segoe UI\',Roboto,Helvetica,Arial,sans-serif,\'Apple Color Emoji\',\'Segoe UI Emoji\',\'Segoe UI Symbol\'; font-size: 16px; line-height: 1.5em; margin-top: 0; text-align: left;\">Regards,</p>\r\n<table style=\"box-sizing: border-box; font-family: -apple-system,BlinkMacSystemFont,\'Segoe UI\',Roboto,Helvetica,Arial,sans-serif,\'Apple Color Emoji\',\'Segoe UI Emoji\',\'Segoe UI Symbol\'; border-top: 1px solid #e8e5ef; margin-top: 25px; padding-top: 25px;\" role=\"presentation\" width=\"100%\" cellspacing=\"0\" cellpadding=\"0\">\r\n<tbody>\r\n<tr>\r\n<td style=\"box-sizing: border-box; font-family: -apple-system,BlinkMacSystemFont,\'Segoe UI\',Roboto,Helvetica,Arial,sans-serif,\'Apple Color Emoji\',\'Segoe UI Emoji\',\'Segoe UI Symbol\';\">\r\n<p style=\"box-sizing: border-box; font-family: -apple-system,BlinkMacSystemFont,\'Segoe UI\',Roboto,Helvetica,Arial,sans-serif,\'Apple Color Emoji\',\'Segoe UI Emoji\',\'Segoe UI Symbol\'; line-height: 1.5em; margin-top: 0; text-align: left; font-size: 14px;\">If you\'re having trouble clicking the \"View Project Details\" button, copy and paste the URL below into your web browser: {PROJECT_URL}</p>\r\n</td>\r\n</tr>\r\n</tbody>\r\n</table>\r\n</td>\r\n</tr>\r\n<tr>\r\n<td style=\"box-sizing: border-box; font-family: -apple-system, BlinkMacSystemFont, \'Segoe UI\', Roboto, Helvetica, Arial, sans-serif, \'Apple Color Emoji\', \'Segoe UI Emoji\', \'Segoe UI Symbol\'; max-width: 100vw; padding: 32px;\">\r\n<h1 style=\"box-sizing: border-box; font-family: -apple-system,BlinkMacSystemFont,\'Segoe UI\',Roboto,Helvetica,Arial,sans-serif,\'Apple Color Emoji\',\'Segoe UI Emoji\',\'Segoe UI Symbol\'; color: #3d4852; font-size: 18px; font-weight: bold; margin-top: 0; text-align: left;\">&nbsp;</h1>\r\n</td>\r\n</tr>\r\n</tbody>\r\n</table>\r\n</td>\r\n</tr>\r\n<tr style=\"height: 96.5px;\">\r\n<td style=\"box-sizing: border-box; font-family: -apple-system, BlinkMacSystemFont, \'Segoe UI\', Roboto, Helvetica, Arial, sans-serif, \'Apple Color Emoji\', \'Segoe UI Emoji\', \'Segoe UI Symbol\'; height: 96.5px;\">\r\n<table class=\"m_2051327272198114809footer\" style=\"box-sizing: border-box; font-family: -apple-system,BlinkMacSystemFont,\'Segoe UI\',Roboto,Helvetica,Arial,sans-serif,\'Apple Color Emoji\',\'Segoe UI Emoji\',\'Segoe UI Symbol\'; margin: 0 auto; padding: 0; text-align: center; width: 570px;\" role=\"presentation\" width=\"570\" cellspacing=\"0\" cellpadding=\"0\" align=\"center\">\r\n<tbody>\r\n<tr>\r\n<td style=\"box-sizing: border-box; font-family: -apple-system,BlinkMacSystemFont,\'Segoe UI\',Roboto,Helvetica,Arial,sans-serif,\'Apple Color Emoji\',\'Segoe UI Emoji\',\'Segoe UI Symbol\'; max-width: 100vw; padding: 32px;\" align=\"center\">\r\n<p style=\"box-sizing: border-box; font-family: -apple-system,BlinkMacSystemFont,\'Segoe UI\',Roboto,Helvetica,Arial,sans-serif,\'Apple Color Emoji\',\'Segoe UI Emoji\',\'Segoe UI Symbol\'; line-height: 1.5em; margin-top: 0; color: #b0adc5; font-size: 12px; text-align: center;\">&copy; {CURRENT_YEAR} {COMPANY_TITLE}. All rights reserved.</p>\r\n</td>\r\n</tr>\r\n</tbody>\r\n</table>\r\n</td>\r\n</tr>\r\n</tbody>\r\n</table>\r\n</td>\r\n</tr>\r\n</tbody>\r\n</table>\r\n<div class=\"yj6qo\">&nbsp;</div>\r\n<div class=\"adL\">&nbsp;</div>\r\n</div>', 1, '2025-02-04 23:02:48', '2025-02-04 23:02:48');
INSERT INTO `templates` (`id`, `type`, `name`, `subject`, `content`, `status`, `created_at`, `updated_at`) VALUES
(6, 'email', 'task_assignment', 'Task Assignment', '<div style=\"box-sizing: border-box; font-family: -apple-system,BlinkMacSystemFont,\'Segoe UI\',Roboto,Helvetica,Arial,sans-serif,\'Apple Color Emoji\',\'Segoe UI Emoji\',\'Segoe UI Symbol\'; background-color: #ffffff; color: #718096; height: 100%; line-height: 1.4; margin: 0; padding: 0; width: 100%!important;\">\r\n<table style=\"box-sizing: border-box; font-family: -apple-system,BlinkMacSystemFont,\'Segoe UI\',Roboto,Helvetica,Arial,sans-serif,\'Apple Color Emoji\',\'Segoe UI Emoji\',\'Segoe UI Symbol\'; background-color: #edf2f7; margin: 0; padding: 0; width: 100%;\" role=\"presentation\" width=\"100%\" cellspacing=\"0\" cellpadding=\"0\">\r\n<tbody>\r\n<tr>\r\n<td style=\"box-sizing: border-box; font-family: -apple-system,BlinkMacSystemFont,\'Segoe UI\',Roboto,Helvetica,Arial,sans-serif,\'Apple Color Emoji\',\'Segoe UI Emoji\',\'Segoe UI Symbol\';\" align=\"center\">\r\n<table style=\"box-sizing: border-box; font-family: -apple-system, BlinkMacSystemFont, \'Segoe UI\', Roboto, Helvetica, Arial, sans-serif, \'Apple Color Emoji\', \'Segoe UI Emoji\', \'Segoe UI Symbol\'; margin: 0px; padding: 0px; width: 100%; height: 659.844px;\" role=\"presentation\" width=\"100%\" cellspacing=\"0\" cellpadding=\"0\">\r\n<tbody>\r\n<tr style=\"height: 77.0938px;\">\r\n<td style=\"box-sizing: border-box; font-family: -apple-system, BlinkMacSystemFont, \'Segoe UI\', Roboto, Helvetica, Arial, sans-serif, \'Apple Color Emoji\', \'Segoe UI Emoji\', \'Segoe UI Symbol\'; padding: 25px 0px; height: 77.0938px; text-align: center;\"><span style=\"font-size: 18px;\">{COMPANY_LOGO}</span></td>\r\n</tr>\r\n<tr style=\"height: 486.25px;\">\r\n<td style=\"box-sizing: border-box; font-family: -apple-system, BlinkMacSystemFont, \'Segoe UI\', Roboto, Helvetica, Arial, sans-serif, \'Apple Color Emoji\', \'Segoe UI Emoji\', \'Segoe UI Symbol\'; background-color: rgb(237, 242, 247); margin: 0px; padding: 0px; width: 100%; border: hidden !important; height: 486.25px;\" width=\"100%\">\r\n<table class=\"m_2051327272198114809inner-body\" style=\"box-sizing: border-box; font-family: -apple-system,BlinkMacSystemFont,\'Segoe UI\',Roboto,Helvetica,Arial,sans-serif,\'Apple Color Emoji\',\'Segoe UI Emoji\',\'Segoe UI Symbol\'; background-color: #ffffff; border-color: #e8e5ef; border-radius: 2px; border-width: 1px; margin: 0 auto; padding: 0; width: 570px;\" role=\"presentation\" width=\"570\" cellspacing=\"0\" cellpadding=\"0\" align=\"center\">\r\n<tbody>\r\n<tr>\r\n<td style=\"box-sizing: border-box; font-family: -apple-system,BlinkMacSystemFont,\'Segoe UI\',Roboto,Helvetica,Arial,sans-serif,\'Apple Color Emoji\',\'Segoe UI Emoji\',\'Segoe UI Symbol\'; max-width: 100vw; padding: 32px;\">\r\n<h1 style=\"box-sizing: border-box; font-family: -apple-system, BlinkMacSystemFont, \'Segoe UI\', Roboto, Helvetica, Arial, sans-serif, \'Apple Color Emoji\', \'Segoe UI Emoji\', \'Segoe UI Symbol\'; color: rgb(61, 72, 82); font-size: 18px; font-weight: bold; margin-top: 0px; text-align: left;\">Hello, {FIRST_NAME} {LAST_NAME}</h1>\r\n<p style=\"box-sizing: border-box; font-family: -apple-system,BlinkMacSystemFont,\'Segoe UI\',Roboto,Helvetica,Arial,sans-serif,\'Apple Color Emoji\',\'Segoe UI Emoji\',\'Segoe UI Symbol\'; font-size: 16px; line-height: 1.5em; margin-top: 0; text-align: left;\">You have been assigned a new task <strong>{TASK_TITLE}, </strong>ID:<strong>#{TASK_ID}</strong>.<br><br>Please click the button below to access detailed task information.</p>\r\n<table style=\"box-sizing: border-box; font-family: -apple-system,BlinkMacSystemFont,\'Segoe UI\',Roboto,Helvetica,Arial,sans-serif,\'Apple Color Emoji\',\'Segoe UI Emoji\',\'Segoe UI Symbol\'; margin: 30px auto; padding: 0; text-align: center; width: 100%;\" role=\"presentation\" width=\"100%\" cellspacing=\"0\" cellpadding=\"0\" align=\"center\">\r\n<tbody>\r\n<tr>\r\n<td style=\"box-sizing: border-box; font-family: -apple-system,BlinkMacSystemFont,\'Segoe UI\',Roboto,Helvetica,Arial,sans-serif,\'Apple Color Emoji\',\'Segoe UI Emoji\',\'Segoe UI Symbol\';\" align=\"center\">\r\n<table style=\"box-sizing: border-box; font-family: -apple-system,BlinkMacSystemFont,\'Segoe UI\',Roboto,Helvetica,Arial,sans-serif,\'Apple Color Emoji\',\'Segoe UI Emoji\',\'Segoe UI Symbol\';\" role=\"presentation\" border=\"0\" width=\"100%\" cellspacing=\"0\" cellpadding=\"0\">\r\n<tbody>\r\n<tr>\r\n<td style=\"box-sizing: border-box; font-family: -apple-system,BlinkMacSystemFont,\'Segoe UI\',Roboto,Helvetica,Arial,sans-serif,\'Apple Color Emoji\',\'Segoe UI Emoji\',\'Segoe UI Symbol\';\" align=\"center\">\r\n<table style=\"box-sizing: border-box; font-family: -apple-system,BlinkMacSystemFont,\'Segoe UI\',Roboto,Helvetica,Arial,sans-serif,\'Apple Color Emoji\',\'Segoe UI Emoji\',\'Segoe UI Symbol\';\" role=\"presentation\" border=\"0\" cellspacing=\"0\" cellpadding=\"0\">\r\n<tbody>\r\n<tr>\r\n<td style=\"box-sizing: border-box; font-family: -apple-system,BlinkMacSystemFont,\'Segoe UI\',Roboto,Helvetica,Arial,sans-serif,\'Apple Color Emoji\',\'Segoe UI Emoji\',\'Segoe UI Symbol\';\"><a class=\"m_2051327272198114809button\" style=\"box-sizing: border-box; font-family: -apple-system,BlinkMacSystemFont,\'Segoe UI\',Roboto,Helvetica,Arial,sans-serif,\'Apple Color Emoji\',\'Segoe UI Emoji\',\'Segoe UI Symbol\'; border-radius: 4px; color: #fff; display: inline-block; overflow: hidden; text-decoration: none; background-color: #2d3748; border-bottom: 8px solid #2d3748; border-left: 18px solid #2d3748; border-right: 18px solid #2d3748; border-top: 8px solid #2d3748;\" href=\"{TASK_URL}\" target=\"_blank\" rel=\"noopener\" data-saferedirecturl=\"https://www.google.com/url?q=http://127.0.0.1:8000/email/verify/129/9e323bcc5df5fdff3fe6ff960fd6576204a510ca?expires%3D1710157052%26signature%3D2df5df03c59d0dcd960500989168d0bb4b064035d572bc4195ca5a912b0302e8&amp;source=gmail&amp;ust=1710333202290000&amp;usg=AOvVaw2RJnO33Iiu4v5j5tJBiQWH\">View Task Details</a></td>\r\n</tr>\r\n</tbody>\r\n</table>\r\n</td>\r\n</tr>\r\n</tbody>\r\n</table>\r\n</td>\r\n</tr>\r\n</tbody>\r\n</table>\r\n<p style=\"box-sizing: border-box; font-family: -apple-system,BlinkMacSystemFont,\'Segoe UI\',Roboto,Helvetica,Arial,sans-serif,\'Apple Color Emoji\',\'Segoe UI Emoji\',\'Segoe UI Symbol\'; font-size: 16px; line-height: 1.5em; margin-top: 0; text-align: left;\">Regards,</p>\r\n<table style=\"box-sizing: border-box; font-family: -apple-system,BlinkMacSystemFont,\'Segoe UI\',Roboto,Helvetica,Arial,sans-serif,\'Apple Color Emoji\',\'Segoe UI Emoji\',\'Segoe UI Symbol\'; border-top: 1px solid #e8e5ef; margin-top: 25px; padding-top: 25px;\" role=\"presentation\" width=\"100%\" cellspacing=\"0\" cellpadding=\"0\">\r\n<tbody>\r\n<tr>\r\n<td style=\"box-sizing: border-box; font-family: -apple-system,BlinkMacSystemFont,\'Segoe UI\',Roboto,Helvetica,Arial,sans-serif,\'Apple Color Emoji\',\'Segoe UI Emoji\',\'Segoe UI Symbol\';\">\r\n<p style=\"box-sizing: border-box; font-family: -apple-system,BlinkMacSystemFont,\'Segoe UI\',Roboto,Helvetica,Arial,sans-serif,\'Apple Color Emoji\',\'Segoe UI Emoji\',\'Segoe UI Symbol\'; line-height: 1.5em; margin-top: 0; text-align: left; font-size: 14px;\">If you\'re having trouble clicking the \"View Task Details\" button, copy and paste the URL below into your web browser: {TASK_URL}</p>\r\n</td>\r\n</tr>\r\n</tbody>\r\n</table>\r\n</td>\r\n</tr>\r\n<tr>\r\n<td style=\"box-sizing: border-box; font-family: -apple-system, BlinkMacSystemFont, \'Segoe UI\', Roboto, Helvetica, Arial, sans-serif, \'Apple Color Emoji\', \'Segoe UI Emoji\', \'Segoe UI Symbol\'; max-width: 100vw; padding: 32px;\">\r\n<h1 style=\"box-sizing: border-box; font-family: -apple-system,BlinkMacSystemFont,\'Segoe UI\',Roboto,Helvetica,Arial,sans-serif,\'Apple Color Emoji\',\'Segoe UI Emoji\',\'Segoe UI Symbol\'; color: #3d4852; font-size: 18px; font-weight: bold; margin-top: 0; text-align: left;\">&nbsp;</h1>\r\n</td>\r\n</tr>\r\n</tbody>\r\n</table>\r\n</td>\r\n</tr>\r\n<tr style=\"height: 96.5px;\">\r\n<td style=\"box-sizing: border-box; font-family: -apple-system, BlinkMacSystemFont, \'Segoe UI\', Roboto, Helvetica, Arial, sans-serif, \'Apple Color Emoji\', \'Segoe UI Emoji\', \'Segoe UI Symbol\'; height: 96.5px;\">\r\n<table class=\"m_2051327272198114809footer\" style=\"box-sizing: border-box; font-family: -apple-system,BlinkMacSystemFont,\'Segoe UI\',Roboto,Helvetica,Arial,sans-serif,\'Apple Color Emoji\',\'Segoe UI Emoji\',\'Segoe UI Symbol\'; margin: 0 auto; padding: 0; text-align: center; width: 570px;\" role=\"presentation\" width=\"570\" cellspacing=\"0\" cellpadding=\"0\" align=\"center\">\r\n<tbody>\r\n<tr>\r\n<td style=\"box-sizing: border-box; font-family: -apple-system,BlinkMacSystemFont,\'Segoe UI\',Roboto,Helvetica,Arial,sans-serif,\'Apple Color Emoji\',\'Segoe UI Emoji\',\'Segoe UI Symbol\'; max-width: 100vw; padding: 32px;\" align=\"center\">\r\n<p style=\"box-sizing: border-box; font-family: -apple-system,BlinkMacSystemFont,\'Segoe UI\',Roboto,Helvetica,Arial,sans-serif,\'Apple Color Emoji\',\'Segoe UI Emoji\',\'Segoe UI Symbol\'; line-height: 1.5em; margin-top: 0; color: #b0adc5; font-size: 12px; text-align: center;\">&copy; {CURRENT_YEAR} {COMPANY_TITLE}. All rights reserved.</p>\r\n</td>\r\n</tr>\r\n</tbody>\r\n</table>\r\n</td>\r\n</tr>\r\n</tbody>\r\n</table>\r\n</td>\r\n</tr>\r\n</tbody>\r\n</table>\r\n<div class=\"yj6qo\">&nbsp;</div>\r\n<div class=\"adL\">&nbsp;</div>\r\n</div>', 1, '2025-02-04 23:03:20', '2025-02-04 23:03:20'),
(7, 'email', 'task_status_updation', 'Task Status Updation', '<div style=\"box-sizing: border-box; font-family: -apple-system,BlinkMacSystemFont,\'Segoe UI\',Roboto,Helvetica,Arial,sans-serif,\'Apple Color Emoji\',\'Segoe UI Emoji\',\'Segoe UI Symbol\'; background-color: #ffffff; color: #718096; height: 100%; line-height: 1.4; margin: 0; padding: 0; width: 100%!important;\">\r\n<table style=\"box-sizing: border-box; font-family: -apple-system,BlinkMacSystemFont,\'Segoe UI\',Roboto,Helvetica,Arial,sans-serif,\'Apple Color Emoji\',\'Segoe UI Emoji\',\'Segoe UI Symbol\'; background-color: #edf2f7; margin: 0; padding: 0; width: 100%;\" role=\"presentation\" width=\"100%\" cellspacing=\"0\" cellpadding=\"0\">\r\n<tbody>\r\n<tr>\r\n<td style=\"box-sizing: border-box; font-family: -apple-system,BlinkMacSystemFont,\'Segoe UI\',Roboto,Helvetica,Arial,sans-serif,\'Apple Color Emoji\',\'Segoe UI Emoji\',\'Segoe UI Symbol\';\" align=\"center\">\r\n<table style=\"box-sizing: border-box; font-family: -apple-system, BlinkMacSystemFont, \'Segoe UI\', Roboto, Helvetica, Arial, sans-serif, \'Apple Color Emoji\', \'Segoe UI Emoji\', \'Segoe UI Symbol\'; margin: 0px; padding: 0px; width: 100%; height: 659.844px;\" role=\"presentation\" width=\"100%\" cellspacing=\"0\" cellpadding=\"0\">\r\n<tbody>\r\n<tr style=\"height: 77.0938px;\">\r\n<td style=\"box-sizing: border-box; font-family: -apple-system, BlinkMacSystemFont, \'Segoe UI\', Roboto, Helvetica, Arial, sans-serif, \'Apple Color Emoji\', \'Segoe UI Emoji\', \'Segoe UI Symbol\'; padding: 25px 0px; height: 77.0938px; text-align: center;\"><span style=\"font-size: 18px;\">{COMPANY_LOGO}</span></td>\r\n</tr>\r\n<tr style=\"height: 486.25px;\">\r\n<td style=\"box-sizing: border-box; font-family: -apple-system, BlinkMacSystemFont, \'Segoe UI\', Roboto, Helvetica, Arial, sans-serif, \'Apple Color Emoji\', \'Segoe UI Emoji\', \'Segoe UI Symbol\'; background-color: rgb(237, 242, 247); margin: 0px; padding: 0px; width: 100%; border: hidden !important; height: 486.25px;\" width=\"100%\">\r\n<table class=\"m_2051327272198114809inner-body\" style=\"box-sizing: border-box; font-family: -apple-system,BlinkMacSystemFont,\'Segoe UI\',Roboto,Helvetica,Arial,sans-serif,\'Apple Color Emoji\',\'Segoe UI Emoji\',\'Segoe UI Symbol\'; background-color: #ffffff; border-color: #e8e5ef; border-radius: 2px; border-width: 1px; margin: 0 auto; padding: 0; width: 570px;\" role=\"presentation\" width=\"570\" cellspacing=\"0\" cellpadding=\"0\" align=\"center\">\r\n<tbody>\r\n<tr>\r\n<td style=\"box-sizing: border-box; font-family: -apple-system,BlinkMacSystemFont,\'Segoe UI\',Roboto,Helvetica,Arial,sans-serif,\'Apple Color Emoji\',\'Segoe UI Emoji\',\'Segoe UI Symbol\'; max-width: 100vw; padding: 32px;\">\r\n<h1 style=\"box-sizing: border-box; font-family: -apple-system, BlinkMacSystemFont, \'Segoe UI\', Roboto, Helvetica, Arial, sans-serif, \'Apple Color Emoji\', \'Segoe UI Emoji\', \'Segoe UI Symbol\'; color: rgb(61, 72, 82); font-size: 18px; font-weight: bold; margin-top: 0px; text-align: left;\">Hello, {FIRST_NAME} {LAST_NAME}</h1>\r\n<p style=\"box-sizing: border-box; font-family: -apple-system,BlinkMacSystemFont,\'Segoe UI\',Roboto,Helvetica,Arial,sans-serif,\'Apple Color Emoji\',\'Segoe UI Emoji\',\'Segoe UI Symbol\'; font-size: 16px; line-height: 1.5em; margin-top: 0; text-align: left;\">This is to inform you that {UPDATER_FIRST_NAME} {UPDATER_LAST_NAME} has updated the status of task <strong>{TASK_TITLE}</strong>, ID: <strong>#{TASK_ID}</strong>, from <strong>{OLD_STATUS}</strong> to <strong>{NEW_STATUS}</strong>.<br><br>Please click the button below to access detailed task information.</p>\r\n<table style=\"box-sizing: border-box; font-family: -apple-system,BlinkMacSystemFont,\'Segoe UI\',Roboto,Helvetica,Arial,sans-serif,\'Apple Color Emoji\',\'Segoe UI Emoji\',\'Segoe UI Symbol\'; margin: 30px auto; padding: 0; text-align: center; width: 100%;\" role=\"presentation\" width=\"100%\" cellspacing=\"0\" cellpadding=\"0\" align=\"center\">\r\n<tbody>\r\n<tr>\r\n<td style=\"box-sizing: border-box; font-family: -apple-system,BlinkMacSystemFont,\'Segoe UI\',Roboto,Helvetica,Arial,sans-serif,\'Apple Color Emoji\',\'Segoe UI Emoji\',\'Segoe UI Symbol\';\" align=\"center\">\r\n<table style=\"box-sizing: border-box; font-family: -apple-system,BlinkMacSystemFont,\'Segoe UI\',Roboto,Helvetica,Arial,sans-serif,\'Apple Color Emoji\',\'Segoe UI Emoji\',\'Segoe UI Symbol\';\" role=\"presentation\" border=\"0\" width=\"100%\" cellspacing=\"0\" cellpadding=\"0\">\r\n<tbody>\r\n<tr>\r\n<td style=\"box-sizing: border-box; font-family: -apple-system,BlinkMacSystemFont,\'Segoe UI\',Roboto,Helvetica,Arial,sans-serif,\'Apple Color Emoji\',\'Segoe UI Emoji\',\'Segoe UI Symbol\';\" align=\"center\">\r\n<table style=\"box-sizing: border-box; font-family: -apple-system,BlinkMacSystemFont,\'Segoe UI\',Roboto,Helvetica,Arial,sans-serif,\'Apple Color Emoji\',\'Segoe UI Emoji\',\'Segoe UI Symbol\';\" role=\"presentation\" border=\"0\" cellspacing=\"0\" cellpadding=\"0\">\r\n<tbody>\r\n<tr>\r\n<td style=\"box-sizing: border-box; font-family: -apple-system,BlinkMacSystemFont,\'Segoe UI\',Roboto,Helvetica,Arial,sans-serif,\'Apple Color Emoji\',\'Segoe UI Emoji\',\'Segoe UI Symbol\';\"><a class=\"m_2051327272198114809button\" style=\"box-sizing: border-box; font-family: -apple-system,BlinkMacSystemFont,\'Segoe UI\',Roboto,Helvetica,Arial,sans-serif,\'Apple Color Emoji\',\'Segoe UI Emoji\',\'Segoe UI Symbol\'; border-radius: 4px; color: #fff; display: inline-block; overflow: hidden; text-decoration: none; background-color: #2d3748; border-bottom: 8px solid #2d3748; border-left: 18px solid #2d3748; border-right: 18px solid #2d3748; border-top: 8px solid #2d3748;\" href=\"{TASK_URL}\" target=\"_blank\" rel=\"noopener\" data-saferedirecturl=\"https://www.google.com/url?q=http://127.0.0.1:8000/email/verify/129/9e323bcc5df5fdff3fe6ff960fd6576204a510ca?expires%3D1710157052%26signature%3D2df5df03c59d0dcd960500989168d0bb4b064035d572bc4195ca5a912b0302e8&amp;source=gmail&amp;ust=1710333202290000&amp;usg=AOvVaw2RJnO33Iiu4v5j5tJBiQWH\">View Task Details</a></td>\r\n</tr>\r\n</tbody>\r\n</table>\r\n</td>\r\n</tr>\r\n</tbody>\r\n</table>\r\n</td>\r\n</tr>\r\n</tbody>\r\n</table>\r\n<p style=\"box-sizing: border-box; font-family: -apple-system,BlinkMacSystemFont,\'Segoe UI\',Roboto,Helvetica,Arial,sans-serif,\'Apple Color Emoji\',\'Segoe UI Emoji\',\'Segoe UI Symbol\'; font-size: 16px; line-height: 1.5em; margin-top: 0; text-align: left;\">Regards,</p>\r\n<table style=\"box-sizing: border-box; font-family: -apple-system,BlinkMacSystemFont,\'Segoe UI\',Roboto,Helvetica,Arial,sans-serif,\'Apple Color Emoji\',\'Segoe UI Emoji\',\'Segoe UI Symbol\'; border-top: 1px solid #e8e5ef; margin-top: 25px; padding-top: 25px;\" role=\"presentation\" width=\"100%\" cellspacing=\"0\" cellpadding=\"0\">\r\n<tbody>\r\n<tr>\r\n<td style=\"box-sizing: border-box; font-family: -apple-system,BlinkMacSystemFont,\'Segoe UI\',Roboto,Helvetica,Arial,sans-serif,\'Apple Color Emoji\',\'Segoe UI Emoji\',\'Segoe UI Symbol\';\">\r\n<p style=\"box-sizing: border-box; font-family: -apple-system,BlinkMacSystemFont,\'Segoe UI\',Roboto,Helvetica,Arial,sans-serif,\'Apple Color Emoji\',\'Segoe UI Emoji\',\'Segoe UI Symbol\'; line-height: 1.5em; margin-top: 0; text-align: left; font-size: 14px;\">If you\'re having trouble clicking the \"View Task Details\" button, copy and paste the URL below into your web browser: {TASK_URL}</p>\r\n</td>\r\n</tr>\r\n</tbody>\r\n</table>\r\n</td>\r\n</tr>\r\n<tr>\r\n<td style=\"box-sizing: border-box; font-family: -apple-system, BlinkMacSystemFont, \'Segoe UI\', Roboto, Helvetica, Arial, sans-serif, \'Apple Color Emoji\', \'Segoe UI Emoji\', \'Segoe UI Symbol\'; max-width: 100vw; padding: 32px;\">\r\n<h1 style=\"box-sizing: border-box; font-family: -apple-system,BlinkMacSystemFont,\'Segoe UI\',Roboto,Helvetica,Arial,sans-serif,\'Apple Color Emoji\',\'Segoe UI Emoji\',\'Segoe UI Symbol\'; color: #3d4852; font-size: 18px; font-weight: bold; margin-top: 0; text-align: left;\">&nbsp;</h1>\r\n</td>\r\n</tr>\r\n</tbody>\r\n</table>\r\n</td>\r\n</tr>\r\n<tr style=\"height: 96.5px;\">\r\n<td style=\"box-sizing: border-box; font-family: -apple-system, BlinkMacSystemFont, \'Segoe UI\', Roboto, Helvetica, Arial, sans-serif, \'Apple Color Emoji\', \'Segoe UI Emoji\', \'Segoe UI Symbol\'; height: 96.5px;\">\r\n<table class=\"m_2051327272198114809footer\" style=\"box-sizing: border-box; font-family: -apple-system,BlinkMacSystemFont,\'Segoe UI\',Roboto,Helvetica,Arial,sans-serif,\'Apple Color Emoji\',\'Segoe UI Emoji\',\'Segoe UI Symbol\'; margin: 0 auto; padding: 0; text-align: center; width: 570px;\" role=\"presentation\" width=\"570\" cellspacing=\"0\" cellpadding=\"0\" align=\"center\">\r\n<tbody>\r\n<tr>\r\n<td style=\"box-sizing: border-box; font-family: -apple-system,BlinkMacSystemFont,\'Segoe UI\',Roboto,Helvetica,Arial,sans-serif,\'Apple Color Emoji\',\'Segoe UI Emoji\',\'Segoe UI Symbol\'; max-width: 100vw; padding: 32px;\" align=\"center\">\r\n<p style=\"box-sizing: border-box; font-family: -apple-system,BlinkMacSystemFont,\'Segoe UI\',Roboto,Helvetica,Arial,sans-serif,\'Apple Color Emoji\',\'Segoe UI Emoji\',\'Segoe UI Symbol\'; line-height: 1.5em; margin-top: 0; color: #b0adc5; font-size: 12px; text-align: center;\">&copy; {CURRENT_YEAR} {COMPANY_TITLE}. All rights reserved.</p>\r\n</td>\r\n</tr>\r\n</tbody>\r\n</table>\r\n</td>\r\n</tr>\r\n</tbody>\r\n</table>\r\n</td>\r\n</tr>\r\n</tbody>\r\n</table>\r\n<div class=\"yj6qo\">&nbsp;</div>\r\n<div class=\"adL\">&nbsp;</div>\r\n</div>', 1, '2025-02-04 23:03:48', '2025-02-04 23:03:48'),
(8, 'email', 'task_reminder', 'Task Remider', '<div style=\"box-sizing: border-box; font-family: -apple-system,BlinkMacSystemFont,\'Segoe UI\',Roboto,Helvetica,Arial,sans-serif,\'Apple Color Emoji\',\'Segoe UI Emoji\',\'Segoe UI Symbol\'; background-color: #ffffff; color: #718096; height: 100%; line-height: 1.4; margin: 0; padding: 0; width: 100%!important;\">\r\n<table style=\"box-sizing: border-box; font-family: -apple-system,BlinkMacSystemFont,\'Segoe UI\',Roboto,Helvetica,Arial,sans-serif,\'Apple Color Emoji\',\'Segoe UI Emoji\',\'Segoe UI Symbol\'; background-color: #edf2f7; margin: 0; padding: 0; width: 100%;\" role=\"presentation\" width=\"100%\" cellspacing=\"0\" cellpadding=\"0\">\r\n<tbody>\r\n<tr>\r\n<td style=\"box-sizing: border-box; font-family: -apple-system,BlinkMacSystemFont,\'Segoe UI\',Roboto,Helvetica,Arial,sans-serif,\'Apple Color Emoji\',\'Segoe UI Emoji\',\'Segoe UI Symbol\';\" align=\"center\">\r\n<table style=\"box-sizing: border-box; font-family: -apple-system, BlinkMacSystemFont, \'Segoe UI\', Roboto, Helvetica, Arial, sans-serif, \'Apple Color Emoji\', \'Segoe UI Emoji\', \'Segoe UI Symbol\'; margin: 0px; padding: 0px; width: 100%; height: 659.844px;\" role=\"presentation\" width=\"100%\" cellspacing=\"0\" cellpadding=\"0\">\r\n<tbody>\r\n<tr style=\"height: 77.0938px;\">\r\n<td style=\"box-sizing: border-box; font-family: -apple-system, BlinkMacSystemFont, \'Segoe UI\', Roboto, Helvetica, Arial, sans-serif, \'Apple Color Emoji\', \'Segoe UI Emoji\', \'Segoe UI Symbol\'; padding: 25px 0px; height: 77.0938px; text-align: center;\"><span style=\"font-size: 18px;\">{COMPANY_LOGO}</span></td>\r\n</tr>\r\n<tr style=\"height: 486.25px;\">\r\n<td style=\"box-sizing: border-box; font-family: -apple-system, BlinkMacSystemFont, \'Segoe UI\', Roboto, Helvetica, Arial, sans-serif, \'Apple Color Emoji\', \'Segoe UI Emoji\', \'Segoe UI Symbol\'; background-color: rgb(237, 242, 247); margin: 0px; padding: 0px; width: 100%; border: hidden !important; height: 486.25px;\" width=\"100%\">\r\n<table class=\"m_2051327272198114809inner-body\" style=\"box-sizing: border-box; font-family: -apple-system,BlinkMacSystemFont,\'Segoe UI\',Roboto,Helvetica,Arial,sans-serif,\'Apple Color Emoji\',\'Segoe UI Emoji\',\'Segoe UI Symbol\'; background-color: #ffffff; border-color: #e8e5ef; border-radius: 2px; border-width: 1px; margin: 0 auto; padding: 0; width: 570px;\" role=\"presentation\" width=\"570\" cellspacing=\"0\" cellpadding=\"0\" align=\"center\">\r\n<tbody>\r\n<tr>\r\n<td style=\"box-sizing: border-box; font-family: -apple-system,BlinkMacSystemFont,\'Segoe UI\',Roboto,Helvetica,Arial,sans-serif,\'Apple Color Emoji\',\'Segoe UI Emoji\',\'Segoe UI Symbol\'; max-width: 100vw; padding: 32px;\">\r\n<p style=\"box-sizing: border-box; font-family: -apple-system,BlinkMacSystemFont,\'Segoe UI\',Roboto,Helvetica,Arial,sans-serif,\'Apple Color Emoji\',\'Segoe UI Emoji\',\'Segoe UI Symbol\'; font-size: 16px; line-height: 1.5em; margin-top: 0; text-align: left;\">You have a task reminder for Task #<strong>{TASK_ID} - {TASK_TITLE}</strong>. You can view the task here: {TASK_URL}.</p>\r\n<table style=\"box-sizing: border-box; font-family: -apple-system,BlinkMacSystemFont,\'Segoe UI\',Roboto,Helvetica,Arial,sans-serif,\'Apple Color Emoji\',\'Segoe UI Emoji\',\'Segoe UI Symbol\'; margin: 30px auto; padding: 0; text-align: center; width: 100%;\" role=\"presentation\" width=\"100%\" cellspacing=\"0\" cellpadding=\"0\" align=\"center\">\r\n<tbody>\r\n<tr>\r\n<td style=\"box-sizing: border-box; font-family: -apple-system,BlinkMacSystemFont,\'Segoe UI\',Roboto,Helvetica,Arial,sans-serif,\'Apple Color Emoji\',\'Segoe UI Emoji\',\'Segoe UI Symbol\';\" align=\"center\">\r\n<table style=\"box-sizing: border-box; font-family: -apple-system,BlinkMacSystemFont,\'Segoe UI\',Roboto,Helvetica,Arial,sans-serif,\'Apple Color Emoji\',\'Segoe UI Emoji\',\'Segoe UI Symbol\';\" role=\"presentation\" border=\"0\" width=\"100%\" cellspacing=\"0\" cellpadding=\"0\">\r\n<tbody>\r\n<tr>\r\n<td style=\"box-sizing: border-box; font-family: -apple-system,BlinkMacSystemFont,\'Segoe UI\',Roboto,Helvetica,Arial,sans-serif,\'Apple Color Emoji\',\'Segoe UI Emoji\',\'Segoe UI Symbol\';\" align=\"center\">\r\n<table style=\"box-sizing: border-box; font-family: -apple-system,BlinkMacSystemFont,\'Segoe UI\',Roboto,Helvetica,Arial,sans-serif,\'Apple Color Emoji\',\'Segoe UI Emoji\',\'Segoe UI Symbol\';\" role=\"presentation\" border=\"0\" cellspacing=\"0\" cellpadding=\"0\">\r\n<tbody>\r\n<tr>\r\n<td style=\"box-sizing: border-box; font-family: -apple-system,BlinkMacSystemFont,\'Segoe UI\',Roboto,Helvetica,Arial,sans-serif,\'Apple Color Emoji\',\'Segoe UI Emoji\',\'Segoe UI Symbol\';\"><a class=\"m_2051327272198114809button\" style=\"box-sizing: border-box; font-family: -apple-system,BlinkMacSystemFont,\'Segoe UI\',Roboto,Helvetica,Arial,sans-serif,\'Apple Color Emoji\',\'Segoe UI Emoji\',\'Segoe UI Symbol\'; border-radius: 4px; color: #fff; display: inline-block; overflow: hidden; text-decoration: none; background-color: #2d3748; border-bottom: 8px solid #2d3748; border-left: 18px solid #2d3748; border-right: 18px solid #2d3748; border-top: 8px solid #2d3748;\" href=\"{TASK_URL}\" target=\"_blank\" rel=\"noopener\" data-saferedirecturl=\"https://www.google.com/url?q=http://127.0.0.1:8000/email/verify/129/9e323bcc5df5fdff3fe6ff960fd6576204a510ca?expires%3D1710157052%26signature%3D2df5df03c59d0dcd960500989168d0bb4b064035d572bc4195ca5a912b0302e8&amp;source=gmail&amp;ust=1710333202290000&amp;usg=AOvVaw2RJnO33Iiu4v5j5tJBiQWH\">View Task Details</a></td>\r\n</tr>\r\n</tbody>\r\n</table>\r\n</td>\r\n</tr>\r\n</tbody>\r\n</table>\r\n</td>\r\n</tr>\r\n</tbody>\r\n</table>\r\n<p style=\"box-sizing: border-box; font-family: -apple-system,BlinkMacSystemFont,\'Segoe UI\',Roboto,Helvetica,Arial,sans-serif,\'Apple Color Emoji\',\'Segoe UI Emoji\',\'Segoe UI Symbol\'; font-size: 16px; line-height: 1.5em; margin-top: 0; text-align: left;\">Regards,</p>\r\n<table style=\"box-sizing: border-box; font-family: -apple-system,BlinkMacSystemFont,\'Segoe UI\',Roboto,Helvetica,Arial,sans-serif,\'Apple Color Emoji\',\'Segoe UI Emoji\',\'Segoe UI Symbol\'; border-top: 1px solid #e8e5ef; margin-top: 25px; padding-top: 25px;\" role=\"presentation\" width=\"100%\" cellspacing=\"0\" cellpadding=\"0\">\r\n<tbody>\r\n<tr>\r\n<td style=\"box-sizing: border-box; font-family: -apple-system,BlinkMacSystemFont,\'Segoe UI\',Roboto,Helvetica,Arial,sans-serif,\'Apple Color Emoji\',\'Segoe UI Emoji\',\'Segoe UI Symbol\';\">\r\n<p style=\"box-sizing: border-box; font-family: -apple-system,BlinkMacSystemFont,\'Segoe UI\',Roboto,Helvetica,Arial,sans-serif,\'Apple Color Emoji\',\'Segoe UI Emoji\',\'Segoe UI Symbol\'; line-height: 1.5em; margin-top: 0; text-align: left; font-size: 14px;\">If you\'re having trouble clicking the \"View Task Details\" button, copy and paste the URL below into your web browser: {TASK_URL}</p>\r\n</td>\r\n</tr>\r\n</tbody>\r\n</table>\r\n</td>\r\n</tr>\r\n<tr>\r\n<td style=\"box-sizing: border-box; font-family: -apple-system, BlinkMacSystemFont, \'Segoe UI\', Roboto, Helvetica, Arial, sans-serif, \'Apple Color Emoji\', \'Segoe UI Emoji\', \'Segoe UI Symbol\'; max-width: 100vw; padding: 32px;\">\r\n<h1 style=\"box-sizing: border-box; font-family: -apple-system,BlinkMacSystemFont,\'Segoe UI\',Roboto,Helvetica,Arial,sans-serif,\'Apple Color Emoji\',\'Segoe UI Emoji\',\'Segoe UI Symbol\'; color: #3d4852; font-size: 18px; font-weight: bold; margin-top: 0; text-align: left;\">&nbsp;</h1>\r\n</td>\r\n</tr>\r\n</tbody>\r\n</table>\r\n</td>\r\n</tr>\r\n<tr style=\"height: 96.5px;\">\r\n<td style=\"box-sizing: border-box; font-family: -apple-system, BlinkMacSystemFont, \'Segoe UI\', Roboto, Helvetica, Arial, sans-serif, \'Apple Color Emoji\', \'Segoe UI Emoji\', \'Segoe UI Symbol\'; height: 96.5px;\">\r\n<table class=\"m_2051327272198114809footer\" style=\"box-sizing: border-box; font-family: -apple-system,BlinkMacSystemFont,\'Segoe UI\',Roboto,Helvetica,Arial,sans-serif,\'Apple Color Emoji\',\'Segoe UI Emoji\',\'Segoe UI Symbol\'; margin: 0 auto; padding: 0; text-align: center; width: 570px;\" role=\"presentation\" width=\"570\" cellspacing=\"0\" cellpadding=\"0\" align=\"center\">\r\n<tbody>\r\n<tr>\r\n<td style=\"box-sizing: border-box; font-family: -apple-system,BlinkMacSystemFont,\'Segoe UI\',Roboto,Helvetica,Arial,sans-serif,\'Apple Color Emoji\',\'Segoe UI Emoji\',\'Segoe UI Symbol\'; max-width: 100vw; padding: 32px;\" align=\"center\">\r\n<p style=\"box-sizing: border-box; font-family: -apple-system,BlinkMacSystemFont,\'Segoe UI\',Roboto,Helvetica,Arial,sans-serif,\'Apple Color Emoji\',\'Segoe UI Emoji\',\'Segoe UI Symbol\'; line-height: 1.5em; margin-top: 0; color: #b0adc5; font-size: 12px; text-align: center;\">&copy; {CURRENT_YEAR} {COMPANY_TITLE}. All rights reserved.</p>\r\n</td>\r\n</tr>\r\n</tbody>\r\n</table>\r\n</td>\r\n</tr>\r\n</tbody>\r\n</table>\r\n</td>\r\n</tr>\r\n</tbody>\r\n</table>\r\n<div class=\"yj6qo\">&nbsp;</div>\r\n<div class=\"adL\">&nbsp;</div>\r\n</div>', 1, '2025-02-04 23:04:04', '2025-02-04 23:04:04'),
(9, 'email', 'recurring_task', 'Recuring Task', '<div style=\"box-sizing: border-box; font-family: -apple-system,BlinkMacSystemFont,\'Segoe UI\',Roboto,Helvetica,Arial,sans-serif,\'Apple Color Emoji\',\'Segoe UI Emoji\',\'Segoe UI Symbol\'; background-color: #ffffff; color: #718096; height: 100%; line-height: 1.4; margin: 0; padding: 0; width: 100%!important;\">\r\n<table style=\"box-sizing: border-box; font-family: -apple-system,BlinkMacSystemFont,\'Segoe UI\',Roboto,Helvetica,Arial,sans-serif,\'Apple Color Emoji\',\'Segoe UI Emoji\',\'Segoe UI Symbol\'; background-color: #edf2f7; margin: 0; padding: 0; width: 100%;\" role=\"presentation\" width=\"100%\" cellspacing=\"0\" cellpadding=\"0\">\r\n<tbody>\r\n<tr>\r\n<td style=\"box-sizing: border-box; font-family: -apple-system,BlinkMacSystemFont,\'Segoe UI\',Roboto,Helvetica,Arial,sans-serif,\'Apple Color Emoji\',\'Segoe UI Emoji\',\'Segoe UI Symbol\';\" align=\"center\">\r\n<table style=\"box-sizing: border-box; font-family: -apple-system, BlinkMacSystemFont, \'Segoe UI\', Roboto, Helvetica, Arial, sans-serif, \'Apple Color Emoji\', \'Segoe UI Emoji\', \'Segoe UI Symbol\'; margin: 0px; padding: 0px; width: 100%; height: 659.844px;\" role=\"presentation\" width=\"100%\" cellspacing=\"0\" cellpadding=\"0\">\r\n<tbody>\r\n<tr style=\"height: 77.0938px;\">\r\n<td style=\"box-sizing: border-box; font-family: -apple-system, BlinkMacSystemFont, \'Segoe UI\', Roboto, Helvetica, Arial, sans-serif, \'Apple Color Emoji\', \'Segoe UI Emoji\', \'Segoe UI Symbol\'; padding: 25px 0px; height: 77.0938px; text-align: center;\"><span style=\"font-size: 18px;\">{COMPANY_LOGO}</span></td>\r\n</tr>\r\n<tr style=\"height: 486.25px;\">\r\n<td style=\"box-sizing: border-box; font-family: -apple-system, BlinkMacSystemFont, \'Segoe UI\', Roboto, Helvetica, Arial, sans-serif, \'Apple Color Emoji\', \'Segoe UI Emoji\', \'Segoe UI Symbol\'; background-color: rgb(237, 242, 247); margin: 0px; padding: 0px; width: 100%; border: hidden !important; height: 486.25px;\" width=\"100%\">\r\n<table class=\"m_2051327272198114809inner-body\" style=\"box-sizing: border-box; font-family: -apple-system,BlinkMacSystemFont,\'Segoe UI\',Roboto,Helvetica,Arial,sans-serif,\'Apple Color Emoji\',\'Segoe UI Emoji\',\'Segoe UI Symbol\'; background-color: #ffffff; border-color: #e8e5ef; border-radius: 2px; border-width: 1px; margin: 0 auto; padding: 0; width: 570px;\" role=\"presentation\" width=\"570\" cellspacing=\"0\" cellpadding=\"0\" align=\"center\">\r\n<tbody>\r\n<tr>\r\n<td style=\"box-sizing: border-box; font-family: -apple-system,BlinkMacSystemFont,\'Segoe UI\',Roboto,Helvetica,Arial,sans-serif,\'Apple Color Emoji\',\'Segoe UI Emoji\',\'Segoe UI Symbol\'; max-width: 100vw; padding: 32px;\">\r\n<p style=\"box-sizing: border-box; font-family: -apple-system,BlinkMacSystemFont,\'Segoe UI\',Roboto,Helvetica,Arial,sans-serif,\'Apple Color Emoji\',\'Segoe UI Emoji\',\'Segoe UI Symbol\'; font-size: 16px; line-height: 1.5em; margin-top: 0; text-align: left;\">The recurring task <strong> #{TASK_ID} - \"{TASK_TITLE}\"</strong> has been executed. You can view the new instance here: {TASK_URL}.</p>\r\n<table style=\"box-sizing: border-box; font-family: -apple-system,BlinkMacSystemFont,\'Segoe UI\',Roboto,Helvetica,Arial,sans-serif,\'Apple Color Emoji\',\'Segoe UI Emoji\',\'Segoe UI Symbol\'; margin: 30px auto; padding: 0; text-align: center; width: 100%;\" role=\"presentation\" width=\"100%\" cellspacing=\"0\" cellpadding=\"0\" align=\"center\">\r\n<tbody>\r\n<tr>\r\n<td style=\"box-sizing: border-box; font-family: -apple-system,BlinkMacSystemFont,\'Segoe UI\',Roboto,Helvetica,Arial,sans-serif,\'Apple Color Emoji\',\'Segoe UI Emoji\',\'Segoe UI Symbol\';\" align=\"center\">\r\n<table style=\"box-sizing: border-box; font-family: -apple-system,BlinkMacSystemFont,\'Segoe UI\',Roboto,Helvetica,Arial,sans-serif,\'Apple Color Emoji\',\'Segoe UI Emoji\',\'Segoe UI Symbol\';\" role=\"presentation\" border=\"0\" width=\"100%\" cellspacing=\"0\" cellpadding=\"0\">\r\n<tbody>\r\n<tr>\r\n<td style=\"box-sizing: border-box; font-family: -apple-system,BlinkMacSystemFont,\'Segoe UI\',Roboto,Helvetica,Arial,sans-serif,\'Apple Color Emoji\',\'Segoe UI Emoji\',\'Segoe UI Symbol\';\" align=\"center\">\r\n<table style=\"box-sizing: border-box; font-family: -apple-system,BlinkMacSystemFont,\'Segoe UI\',Roboto,Helvetica,Arial,sans-serif,\'Apple Color Emoji\',\'Segoe UI Emoji\',\'Segoe UI Symbol\';\" role=\"presentation\" border=\"0\" cellspacing=\"0\" cellpadding=\"0\">\r\n<tbody>\r\n<tr>\r\n<td style=\"box-sizing: border-box; font-family: -apple-system,BlinkMacSystemFont,\'Segoe UI\',Roboto,Helvetica,Arial,sans-serif,\'Apple Color Emoji\',\'Segoe UI Emoji\',\'Segoe UI Symbol\';\"><a class=\"m_2051327272198114809button\" style=\"box-sizing: border-box; font-family: -apple-system,BlinkMacSystemFont,\'Segoe UI\',Roboto,Helvetica,Arial,sans-serif,\'Apple Color Emoji\',\'Segoe UI Emoji\',\'Segoe UI Symbol\'; border-radius: 4px; color: #fff; display: inline-block; overflow: hidden; text-decoration: none; background-color: #2d3748; border-bottom: 8px solid #2d3748; border-left: 18px solid #2d3748; border-right: 18px solid #2d3748; border-top: 8px solid #2d3748;\" href=\"{TASK_URL}\" target=\"_blank\" rel=\"noopener\" data-saferedirecturl=\"https://www.google.com/url?q=http://127.0.0.1:8000/email/verify/129/9e323bcc5df5fdff3fe6ff960fd6576204a510ca?expires%3D1710157052%26signature%3D2df5df03c59d0dcd960500989168d0bb4b064035d572bc4195ca5a912b0302e8&amp;source=gmail&amp;ust=1710333202290000&amp;usg=AOvVaw2RJnO33Iiu4v5j5tJBiQWH\">View Task Details</a></td>\r\n</tr>\r\n</tbody>\r\n</table>\r\n</td>\r\n</tr>\r\n</tbody>\r\n</table>\r\n</td>\r\n</tr>\r\n</tbody>\r\n</table>\r\n<p style=\"box-sizing: border-box; font-family: -apple-system,BlinkMacSystemFont,\'Segoe UI\',Roboto,Helvetica,Arial,sans-serif,\'Apple Color Emoji\',\'Segoe UI Emoji\',\'Segoe UI Symbol\'; font-size: 16px; line-height: 1.5em; margin-top: 0; text-align: left;\">Regards,</p>\r\n<table style=\"box-sizing: border-box; font-family: -apple-system,BlinkMacSystemFont,\'Segoe UI\',Roboto,Helvetica,Arial,sans-serif,\'Apple Color Emoji\',\'Segoe UI Emoji\',\'Segoe UI Symbol\'; border-top: 1px solid #e8e5ef; margin-top: 25px; padding-top: 25px;\" role=\"presentation\" width=\"100%\" cellspacing=\"0\" cellpadding=\"0\">\r\n<tbody>\r\n<tr>\r\n<td style=\"box-sizing: border-box; font-family: -apple-system,BlinkMacSystemFont,\'Segoe UI\',Roboto,Helvetica,Arial,sans-serif,\'Apple Color Emoji\',\'Segoe UI Emoji\',\'Segoe UI Symbol\';\">\r\n<p style=\"box-sizing: border-box; font-family: -apple-system,BlinkMacSystemFont,\'Segoe UI\',Roboto,Helvetica,Arial,sans-serif,\'Apple Color Emoji\',\'Segoe UI Emoji\',\'Segoe UI Symbol\'; line-height: 1.5em; margin-top: 0; text-align: left; font-size: 14px;\">If you\'re having trouble clicking the \"View Task Details\" button, copy and paste the URL below into your web browser: {TASK_URL}</p>\r\n</td>\r\n</tr>\r\n</tbody>\r\n</table>\r\n</td>\r\n</tr>\r\n<tr>\r\n<td style=\"box-sizing: border-box; font-family: -apple-system, BlinkMacSystemFont, \'Segoe UI\', Roboto, Helvetica, Arial, sans-serif, \'Apple Color Emoji\', \'Segoe UI Emoji\', \'Segoe UI Symbol\'; max-width: 100vw; padding: 32px;\">\r\n<h1 style=\"box-sizing: border-box; font-family: -apple-system,BlinkMacSystemFont,\'Segoe UI\',Roboto,Helvetica,Arial,sans-serif,\'Apple Color Emoji\',\'Segoe UI Emoji\',\'Segoe UI Symbol\'; color: #3d4852; font-size: 18px; font-weight: bold; margin-top: 0; text-align: left;\">&nbsp;</h1>\r\n</td>\r\n</tr>\r\n</tbody>\r\n</table>\r\n</td>\r\n</tr>\r\n<tr style=\"height: 96.5px;\">\r\n<td style=\"box-sizing: border-box; font-family: -apple-system, BlinkMacSystemFont, \'Segoe UI\', Roboto, Helvetica, Arial, sans-serif, \'Apple Color Emoji\', \'Segoe UI Emoji\', \'Segoe UI Symbol\'; height: 96.5px;\">\r\n<table class=\"m_2051327272198114809footer\" style=\"box-sizing: border-box; font-family: -apple-system,BlinkMacSystemFont,\'Segoe UI\',Roboto,Helvetica,Arial,sans-serif,\'Apple Color Emoji\',\'Segoe UI Emoji\',\'Segoe UI Symbol\'; margin: 0 auto; padding: 0; text-align: center; width: 570px;\" role=\"presentation\" width=\"570\" cellspacing=\"0\" cellpadding=\"0\" align=\"center\">\r\n<tbody>\r\n<tr>\r\n<td style=\"box-sizing: border-box; font-family: -apple-system,BlinkMacSystemFont,\'Segoe UI\',Roboto,Helvetica,Arial,sans-serif,\'Apple Color Emoji\',\'Segoe UI Emoji\',\'Segoe UI Symbol\'; max-width: 100vw; padding: 32px;\" align=\"center\">\r\n<p style=\"box-sizing: border-box; font-family: -apple-system,BlinkMacSystemFont,\'Segoe UI\',Roboto,Helvetica,Arial,sans-serif,\'Apple Color Emoji\',\'Segoe UI Emoji\',\'Segoe UI Symbol\'; line-height: 1.5em; margin-top: 0; color: #b0adc5; font-size: 12px; text-align: center;\">&copy; {CURRENT_YEAR} {COMPANY_TITLE}. All rights reserved.</p>\r\n</td>\r\n</tr>\r\n</tbody>\r\n</table>\r\n</td>\r\n</tr>\r\n</tbody>\r\n</table>\r\n</td>\r\n</tr>\r\n</tbody>\r\n</table>\r\n<div class=\"yj6qo\">&nbsp;</div>\r\n<div class=\"adL\">&nbsp;</div>\r\n</div>', 1, '2025-02-04 23:04:18', '2025-02-04 23:04:18'),
(10, 'email', 'workspace_assignment', 'WorkSpace Assignment', '<div style=\"box-sizing: border-box; font-family: -apple-system,BlinkMacSystemFont,\'Segoe UI\',Roboto,Helvetica,Arial,sans-serif,\'Apple Color Emoji\',\'Segoe UI Emoji\',\'Segoe UI Symbol\'; background-color: #ffffff; color: #718096; height: 100%; line-height: 1.4; margin: 0; padding: 0; width: 100%!important;\">\r\n<table style=\"box-sizing: border-box; font-family: -apple-system,BlinkMacSystemFont,\'Segoe UI\',Roboto,Helvetica,Arial,sans-serif,\'Apple Color Emoji\',\'Segoe UI Emoji\',\'Segoe UI Symbol\'; background-color: #edf2f7; margin: 0; padding: 0; width: 100%;\" role=\"presentation\" width=\"100%\" cellspacing=\"0\" cellpadding=\"0\">\r\n<tbody>\r\n<tr>\r\n<td style=\"box-sizing: border-box; font-family: -apple-system,BlinkMacSystemFont,\'Segoe UI\',Roboto,Helvetica,Arial,sans-serif,\'Apple Color Emoji\',\'Segoe UI Emoji\',\'Segoe UI Symbol\';\" align=\"center\">\r\n<table style=\"box-sizing: border-box; font-family: -apple-system, BlinkMacSystemFont, \'Segoe UI\', Roboto, Helvetica, Arial, sans-serif, \'Apple Color Emoji\', \'Segoe UI Emoji\', \'Segoe UI Symbol\'; margin: 0px; padding: 0px; width: 100%; height: 659.844px;\" role=\"presentation\" width=\"100%\" cellspacing=\"0\" cellpadding=\"0\">\r\n<tbody>\r\n<tr style=\"height: 77.0938px;\">\r\n<td style=\"box-sizing: border-box; font-family: -apple-system, BlinkMacSystemFont, \'Segoe UI\', Roboto, Helvetica, Arial, sans-serif, \'Apple Color Emoji\', \'Segoe UI Emoji\', \'Segoe UI Symbol\'; padding: 25px 0px; height: 77.0938px; text-align: center;\"><span style=\"font-size: 18px;\">{COMPANY_LOGO}</span></td>\r\n</tr>\r\n<tr style=\"height: 486.25px;\">\r\n<td style=\"box-sizing: border-box; font-family: -apple-system, BlinkMacSystemFont, \'Segoe UI\', Roboto, Helvetica, Arial, sans-serif, \'Apple Color Emoji\', \'Segoe UI Emoji\', \'Segoe UI Symbol\'; background-color: rgb(237, 242, 247); margin: 0px; padding: 0px; width: 100%; border: hidden !important; height: 486.25px;\" width=\"100%\">\r\n<table class=\"m_2051327272198114809inner-body\" style=\"box-sizing: border-box; font-family: -apple-system,BlinkMacSystemFont,\'Segoe UI\',Roboto,Helvetica,Arial,sans-serif,\'Apple Color Emoji\',\'Segoe UI Emoji\',\'Segoe UI Symbol\'; background-color: #ffffff; border-color: #e8e5ef; border-radius: 2px; border-width: 1px; margin: 0 auto; padding: 0; width: 570px;\" role=\"presentation\" width=\"570\" cellspacing=\"0\" cellpadding=\"0\" align=\"center\">\r\n<tbody>\r\n<tr>\r\n<td style=\"box-sizing: border-box; font-family: -apple-system,BlinkMacSystemFont,\'Segoe UI\',Roboto,Helvetica,Arial,sans-serif,\'Apple Color Emoji\',\'Segoe UI Emoji\',\'Segoe UI Symbol\'; max-width: 100vw; padding: 32px;\">\r\n<h1 style=\"box-sizing: border-box; font-family: -apple-system, BlinkMacSystemFont, \'Segoe UI\', Roboto, Helvetica, Arial, sans-serif, \'Apple Color Emoji\', \'Segoe UI Emoji\', \'Segoe UI Symbol\'; color: rgb(61, 72, 82); font-size: 18px; font-weight: bold; margin-top: 0px; text-align: left;\">Hello, {FIRST_NAME} {LAST_NAME}</h1>\r\n<p style=\"box-sizing: border-box; font-family: -apple-system,BlinkMacSystemFont,\'Segoe UI\',Roboto,Helvetica,Arial,sans-serif,\'Apple Color Emoji\',\'Segoe UI Emoji\',\'Segoe UI Symbol\'; font-size: 16px; line-height: 1.5em; margin-top: 0; text-align: left;\">You have been added in a new workspace <strong>{WORKSPACE_TITLE}, </strong>ID:<strong>#{WORKSPACE_ID}</strong>.</p>\r\n<p style=\"box-sizing: border-box; font-family: -apple-system,BlinkMacSystemFont,\'Segoe UI\',Roboto,Helvetica,Arial,sans-serif,\'Apple Color Emoji\',\'Segoe UI Emoji\',\'Segoe UI Symbol\'; font-size: 16px; line-height: 1.5em; margin-top: 0; text-align: left;\">Please click the button below to access workspace.</p>\r\n<table style=\"box-sizing: border-box; font-family: -apple-system,BlinkMacSystemFont,\'Segoe UI\',Roboto,Helvetica,Arial,sans-serif,\'Apple Color Emoji\',\'Segoe UI Emoji\',\'Segoe UI Symbol\'; margin: 30px auto; padding: 0; text-align: center; width: 100%;\" role=\"presentation\" width=\"100%\" cellspacing=\"0\" cellpadding=\"0\" align=\"center\">\r\n<tbody>\r\n<tr>\r\n<td style=\"box-sizing: border-box; font-family: -apple-system,BlinkMacSystemFont,\'Segoe UI\',Roboto,Helvetica,Arial,sans-serif,\'Apple Color Emoji\',\'Segoe UI Emoji\',\'Segoe UI Symbol\';\" align=\"center\">\r\n<table style=\"box-sizing: border-box; font-family: -apple-system,BlinkMacSystemFont,\'Segoe UI\',Roboto,Helvetica,Arial,sans-serif,\'Apple Color Emoji\',\'Segoe UI Emoji\',\'Segoe UI Symbol\';\" role=\"presentation\" border=\"0\" width=\"100%\" cellspacing=\"0\" cellpadding=\"0\">\r\n<tbody>\r\n<tr>\r\n<td style=\"box-sizing: border-box; font-family: -apple-system,BlinkMacSystemFont,\'Segoe UI\',Roboto,Helvetica,Arial,sans-serif,\'Apple Color Emoji\',\'Segoe UI Emoji\',\'Segoe UI Symbol\';\" align=\"center\">\r\n<table style=\"box-sizing: border-box; font-family: -apple-system,BlinkMacSystemFont,\'Segoe UI\',Roboto,Helvetica,Arial,sans-serif,\'Apple Color Emoji\',\'Segoe UI Emoji\',\'Segoe UI Symbol\';\" role=\"presentation\" border=\"0\" cellspacing=\"0\" cellpadding=\"0\">\r\n<tbody>\r\n<tr>\r\n<td style=\"box-sizing: border-box; font-family: -apple-system,BlinkMacSystemFont,\'Segoe UI\',Roboto,Helvetica,Arial,sans-serif,\'Apple Color Emoji\',\'Segoe UI Emoji\',\'Segoe UI Symbol\';\"><a class=\"m_2051327272198114809button\" style=\"box-sizing: border-box; font-family: -apple-system,BlinkMacSystemFont,\'Segoe UI\',Roboto,Helvetica,Arial,sans-serif,\'Apple Color Emoji\',\'Segoe UI Emoji\',\'Segoe UI Symbol\'; border-radius: 4px; color: #fff; display: inline-block; overflow: hidden; text-decoration: none; background-color: #2d3748; border-bottom: 8px solid #2d3748; border-left: 18px solid #2d3748; border-right: 18px solid #2d3748; border-top: 8px solid #2d3748;\" href=\"{WORKSPACE_URL}\" target=\"_blank\" rel=\"noopener\" data-saferedirecturl=\"https://www.google.com/url?q=http://127.0.0.1:8000/email/verify/129/9e323bcc5df5fdff3fe6ff960fd6576204a510ca?expires%3D1710157052%26signature%3D2df5df03c59d0dcd960500989168d0bb4b064035d572bc4195ca5a912b0302e8&amp;source=gmail&amp;ust=1710333202290000&amp;usg=AOvVaw2RJnO33Iiu4v5j5tJBiQWH\">Access Workspace</a></td>\r\n</tr>\r\n</tbody>\r\n</table>\r\n</td>\r\n</tr>\r\n</tbody>\r\n</table>\r\n</td>\r\n</tr>\r\n</tbody>\r\n</table>\r\n<p style=\"box-sizing: border-box; font-family: -apple-system,BlinkMacSystemFont,\'Segoe UI\',Roboto,Helvetica,Arial,sans-serif,\'Apple Color Emoji\',\'Segoe UI Emoji\',\'Segoe UI Symbol\'; font-size: 16px; line-height: 1.5em; margin-top: 0; text-align: left;\">Regards,</p>\r\n<table style=\"box-sizing: border-box; font-family: -apple-system,BlinkMacSystemFont,\'Segoe UI\',Roboto,Helvetica,Arial,sans-serif,\'Apple Color Emoji\',\'Segoe UI Emoji\',\'Segoe UI Symbol\'; border-top: 1px solid #e8e5ef; margin-top: 25px; padding-top: 25px;\" role=\"presentation\" width=\"100%\" cellspacing=\"0\" cellpadding=\"0\">\r\n<tbody>\r\n<tr>\r\n<td style=\"box-sizing: border-box; font-family: -apple-system,BlinkMacSystemFont,\'Segoe UI\',Roboto,Helvetica,Arial,sans-serif,\'Apple Color Emoji\',\'Segoe UI Emoji\',\'Segoe UI Symbol\';\">\r\n<p style=\"box-sizing: border-box; font-family: -apple-system,BlinkMacSystemFont,\'Segoe UI\',Roboto,Helvetica,Arial,sans-serif,\'Apple Color Emoji\',\'Segoe UI Emoji\',\'Segoe UI Symbol\'; line-height: 1.5em; margin-top: 0; text-align: left; font-size: 14px;\">If you\'re having trouble clicking the \"Access Workspace\" button, copy and paste the URL below into your web browser: {WORKSPACE_URL}</p>\r\n</td>\r\n</tr>\r\n</tbody>\r\n</table>\r\n</td>\r\n</tr>\r\n<tr>\r\n<td style=\"box-sizing: border-box; font-family: -apple-system, BlinkMacSystemFont, \'Segoe UI\', Roboto, Helvetica, Arial, sans-serif, \'Apple Color Emoji\', \'Segoe UI Emoji\', \'Segoe UI Symbol\'; max-width: 100vw; padding: 32px;\">\r\n<h1 style=\"box-sizing: border-box; font-family: -apple-system,BlinkMacSystemFont,\'Segoe UI\',Roboto,Helvetica,Arial,sans-serif,\'Apple Color Emoji\',\'Segoe UI Emoji\',\'Segoe UI Symbol\'; color: #3d4852; font-size: 18px; font-weight: bold; margin-top: 0; text-align: left;\">&nbsp;</h1>\r\n</td>\r\n</tr>\r\n</tbody>\r\n</table>\r\n</td>\r\n</tr>\r\n<tr style=\"height: 96.5px;\">\r\n<td style=\"box-sizing: border-box; font-family: -apple-system, BlinkMacSystemFont, \'Segoe UI\', Roboto, Helvetica, Arial, sans-serif, \'Apple Color Emoji\', \'Segoe UI Emoji\', \'Segoe UI Symbol\'; height: 96.5px;\">\r\n<table class=\"m_2051327272198114809footer\" style=\"box-sizing: border-box; font-family: -apple-system,BlinkMacSystemFont,\'Segoe UI\',Roboto,Helvetica,Arial,sans-serif,\'Apple Color Emoji\',\'Segoe UI Emoji\',\'Segoe UI Symbol\'; margin: 0 auto; padding: 0; text-align: center; width: 570px;\" role=\"presentation\" width=\"570\" cellspacing=\"0\" cellpadding=\"0\" align=\"center\">\r\n<tbody>\r\n<tr>\r\n<td style=\"box-sizing: border-box; font-family: -apple-system,BlinkMacSystemFont,\'Segoe UI\',Roboto,Helvetica,Arial,sans-serif,\'Apple Color Emoji\',\'Segoe UI Emoji\',\'Segoe UI Symbol\'; max-width: 100vw; padding: 32px;\" align=\"center\">\r\n<p style=\"box-sizing: border-box; font-family: -apple-system,BlinkMacSystemFont,\'Segoe UI\',Roboto,Helvetica,Arial,sans-serif,\'Apple Color Emoji\',\'Segoe UI Emoji\',\'Segoe UI Symbol\'; line-height: 1.5em; margin-top: 0; color: #b0adc5; font-size: 12px; text-align: center;\">&copy; {CURRENT_YEAR} {COMPANY_TITLE}. All rights reserved.</p>\r\n</td>\r\n</tr>\r\n</tbody>\r\n</table>\r\n</td>\r\n</tr>\r\n</tbody>\r\n</table>\r\n</td>\r\n</tr>\r\n</tbody>\r\n</table>\r\n<div class=\"yj6qo\">&nbsp;</div>\r\n<div class=\"adL\">&nbsp;</div>\r\n</div>', 1, '2025-02-04 23:05:05', '2025-02-04 23:05:05');
INSERT INTO `templates` (`id`, `type`, `name`, `subject`, `content`, `status`, `created_at`, `updated_at`) VALUES
(11, 'email', 'meeting_assignment', 'Meeting Assignment', '<div style=\"box-sizing: border-box; font-family: -apple-system,BlinkMacSystemFont,\'Segoe UI\',Roboto,Helvetica,Arial,sans-serif,\'Apple Color Emoji\',\'Segoe UI Emoji\',\'Segoe UI Symbol\'; background-color: #ffffff; color: #718096; height: 100%; line-height: 1.4; margin: 0; padding: 0; width: 100%!important;\">\r\n<table style=\"box-sizing: border-box; font-family: -apple-system,BlinkMacSystemFont,\'Segoe UI\',Roboto,Helvetica,Arial,sans-serif,\'Apple Color Emoji\',\'Segoe UI Emoji\',\'Segoe UI Symbol\'; background-color: #edf2f7; margin: 0; padding: 0; width: 100%;\" role=\"presentation\" width=\"100%\" cellspacing=\"0\" cellpadding=\"0\">\r\n<tbody>\r\n<tr>\r\n<td style=\"box-sizing: border-box; font-family: -apple-system,BlinkMacSystemFont,\'Segoe UI\',Roboto,Helvetica,Arial,sans-serif,\'Apple Color Emoji\',\'Segoe UI Emoji\',\'Segoe UI Symbol\';\" align=\"center\">\r\n<table style=\"box-sizing: border-box; font-family: -apple-system, BlinkMacSystemFont, \'Segoe UI\', Roboto, Helvetica, Arial, sans-serif, \'Apple Color Emoji\', \'Segoe UI Emoji\', \'Segoe UI Symbol\'; margin: 0px; padding: 0px; width: 100%; height: 659.844px;\" role=\"presentation\" width=\"100%\" cellspacing=\"0\" cellpadding=\"0\">\r\n<tbody>\r\n<tr style=\"height: 77.0938px;\">\r\n<td style=\"box-sizing: border-box; font-family: -apple-system, BlinkMacSystemFont, \'Segoe UI\', Roboto, Helvetica, Arial, sans-serif, \'Apple Color Emoji\', \'Segoe UI Emoji\', \'Segoe UI Symbol\'; padding: 25px 0px; height: 77.0938px; text-align: center;\"><span style=\"font-size: 18px;\">{COMPANY_LOGO}</span></td>\r\n</tr>\r\n<tr style=\"height: 486.25px;\">\r\n<td style=\"box-sizing: border-box; font-family: -apple-system, BlinkMacSystemFont, \'Segoe UI\', Roboto, Helvetica, Arial, sans-serif, \'Apple Color Emoji\', \'Segoe UI Emoji\', \'Segoe UI Symbol\'; background-color: rgb(237, 242, 247); margin: 0px; padding: 0px; width: 100%; border: hidden !important; height: 486.25px;\" width=\"100%\">\r\n<table class=\"m_2051327272198114809inner-body\" style=\"box-sizing: border-box; font-family: -apple-system,BlinkMacSystemFont,\'Segoe UI\',Roboto,Helvetica,Arial,sans-serif,\'Apple Color Emoji\',\'Segoe UI Emoji\',\'Segoe UI Symbol\'; background-color: #ffffff; border-color: #e8e5ef; border-radius: 2px; border-width: 1px; margin: 0 auto; padding: 0; width: 570px;\" role=\"presentation\" width=\"570\" cellspacing=\"0\" cellpadding=\"0\" align=\"center\">\r\n<tbody>\r\n<tr>\r\n<td style=\"box-sizing: border-box; font-family: -apple-system,BlinkMacSystemFont,\'Segoe UI\',Roboto,Helvetica,Arial,sans-serif,\'Apple Color Emoji\',\'Segoe UI Emoji\',\'Segoe UI Symbol\'; max-width: 100vw; padding: 32px;\">\r\n<h1 style=\"box-sizing: border-box; font-family: -apple-system, BlinkMacSystemFont, \'Segoe UI\', Roboto, Helvetica, Arial, sans-serif, \'Apple Color Emoji\', \'Segoe UI Emoji\', \'Segoe UI Symbol\'; color: rgb(61, 72, 82); font-size: 18px; font-weight: bold; margin-top: 0px; text-align: left;\">Hello, {FIRST_NAME} {LAST_NAME}</h1>\r\n<p style=\"box-sizing: border-box; font-family: -apple-system,BlinkMacSystemFont,\'Segoe UI\',Roboto,Helvetica,Arial,sans-serif,\'Apple Color Emoji\',\'Segoe UI Emoji\',\'Segoe UI Symbol\'; font-size: 16px; line-height: 1.5em; margin-top: 0; text-align: left;\">You have been added in a new meeting <strong>{MEETING_TITLE}, </strong>ID:<strong>#{MEETING_ID}</strong>.</p>\r\n<p style=\"box-sizing: border-box; font-family: -apple-system,BlinkMacSystemFont,\'Segoe UI\',Roboto,Helvetica,Arial,sans-serif,\'Apple Color Emoji\',\'Segoe UI Emoji\',\'Segoe UI Symbol\'; font-size: 16px; line-height: 1.5em; margin-top: 0; text-align: left;\">Please click the button below to access meeting.</p>\r\n<table style=\"box-sizing: border-box; font-family: -apple-system,BlinkMacSystemFont,\'Segoe UI\',Roboto,Helvetica,Arial,sans-serif,\'Apple Color Emoji\',\'Segoe UI Emoji\',\'Segoe UI Symbol\'; margin: 30px auto; padding: 0; text-align: center; width: 100%;\" role=\"presentation\" width=\"100%\" cellspacing=\"0\" cellpadding=\"0\" align=\"center\">\r\n<tbody>\r\n<tr>\r\n<td style=\"box-sizing: border-box; font-family: -apple-system,BlinkMacSystemFont,\'Segoe UI\',Roboto,Helvetica,Arial,sans-serif,\'Apple Color Emoji\',\'Segoe UI Emoji\',\'Segoe UI Symbol\';\" align=\"center\">\r\n<table style=\"box-sizing: border-box; font-family: -apple-system,BlinkMacSystemFont,\'Segoe UI\',Roboto,Helvetica,Arial,sans-serif,\'Apple Color Emoji\',\'Segoe UI Emoji\',\'Segoe UI Symbol\';\" role=\"presentation\" border=\"0\" width=\"100%\" cellspacing=\"0\" cellpadding=\"0\">\r\n<tbody>\r\n<tr>\r\n<td style=\"box-sizing: border-box; font-family: -apple-system,BlinkMacSystemFont,\'Segoe UI\',Roboto,Helvetica,Arial,sans-serif,\'Apple Color Emoji\',\'Segoe UI Emoji\',\'Segoe UI Symbol\';\" align=\"center\">\r\n<table style=\"box-sizing: border-box; font-family: -apple-system,BlinkMacSystemFont,\'Segoe UI\',Roboto,Helvetica,Arial,sans-serif,\'Apple Color Emoji\',\'Segoe UI Emoji\',\'Segoe UI Symbol\';\" role=\"presentation\" border=\"0\" cellspacing=\"0\" cellpadding=\"0\">\r\n<tbody>\r\n<tr>\r\n<td style=\"box-sizing: border-box; font-family: -apple-system,BlinkMacSystemFont,\'Segoe UI\',Roboto,Helvetica,Arial,sans-serif,\'Apple Color Emoji\',\'Segoe UI Emoji\',\'Segoe UI Symbol\';\"><a class=\"m_2051327272198114809button\" style=\"box-sizing: border-box; font-family: -apple-system,BlinkMacSystemFont,\'Segoe UI\',Roboto,Helvetica,Arial,sans-serif,\'Apple Color Emoji\',\'Segoe UI Emoji\',\'Segoe UI Symbol\'; border-radius: 4px; color: #fff; display: inline-block; overflow: hidden; text-decoration: none; background-color: #2d3748; border-bottom: 8px solid #2d3748; border-left: 18px solid #2d3748; border-right: 18px solid #2d3748; border-top: 8px solid #2d3748;\" href=\"{MEETING_URL}\" target=\"_blank\" rel=\"noopener\" data-saferedirecturl=\"https://www.google.com/url?q=http://127.0.0.1:8000/email/verify/129/9e323bcc5df5fdff3fe6ff960fd6576204a510ca?expires%3D1710157052%26signature%3D2df5df03c59d0dcd960500989168d0bb4b064035d572bc4195ca5a912b0302e8&amp;source=gmail&amp;ust=1710333202290000&amp;usg=AOvVaw2RJnO33Iiu4v5j5tJBiQWH\">Access Meeting</a></td>\r\n</tr>\r\n</tbody>\r\n</table>\r\n</td>\r\n</tr>\r\n</tbody>\r\n</table>\r\n</td>\r\n</tr>\r\n</tbody>\r\n</table>\r\n<p style=\"box-sizing: border-box; font-family: -apple-system,BlinkMacSystemFont,\'Segoe UI\',Roboto,Helvetica,Arial,sans-serif,\'Apple Color Emoji\',\'Segoe UI Emoji\',\'Segoe UI Symbol\'; font-size: 16px; line-height: 1.5em; margin-top: 0; text-align: left;\">Regards,</p>\r\n<table style=\"box-sizing: border-box; font-family: -apple-system,BlinkMacSystemFont,\'Segoe UI\',Roboto,Helvetica,Arial,sans-serif,\'Apple Color Emoji\',\'Segoe UI Emoji\',\'Segoe UI Symbol\'; border-top: 1px solid #e8e5ef; margin-top: 25px; padding-top: 25px;\" role=\"presentation\" width=\"100%\" cellspacing=\"0\" cellpadding=\"0\">\r\n<tbody>\r\n<tr>\r\n<td style=\"box-sizing: border-box; font-family: -apple-system,BlinkMacSystemFont,\'Segoe UI\',Roboto,Helvetica,Arial,sans-serif,\'Apple Color Emoji\',\'Segoe UI Emoji\',\'Segoe UI Symbol\';\">\r\n<p style=\"box-sizing: border-box; font-family: -apple-system,BlinkMacSystemFont,\'Segoe UI\',Roboto,Helvetica,Arial,sans-serif,\'Apple Color Emoji\',\'Segoe UI Emoji\',\'Segoe UI Symbol\'; line-height: 1.5em; margin-top: 0; text-align: left; font-size: 14px;\">If you\'re having trouble clicking the \"Access Meeting\" button, copy and paste the URL below into your web browser: {MEETING_URL}</p>\r\n</td>\r\n</tr>\r\n</tbody>\r\n</table>\r\n</td>\r\n</tr>\r\n<tr>\r\n<td style=\"box-sizing: border-box; font-family: -apple-system, BlinkMacSystemFont, \'Segoe UI\', Roboto, Helvetica, Arial, sans-serif, \'Apple Color Emoji\', \'Segoe UI Emoji\', \'Segoe UI Symbol\'; max-width: 100vw; padding: 32px;\">\r\n<h1 style=\"box-sizing: border-box; font-family: -apple-system,BlinkMacSystemFont,\'Segoe UI\',Roboto,Helvetica,Arial,sans-serif,\'Apple Color Emoji\',\'Segoe UI Emoji\',\'Segoe UI Symbol\'; color: #3d4852; font-size: 18px; font-weight: bold; margin-top: 0; text-align: left;\">&nbsp;</h1>\r\n</td>\r\n</tr>\r\n</tbody>\r\n</table>\r\n</td>\r\n</tr>\r\n<tr style=\"height: 96.5px;\">\r\n<td style=\"box-sizing: border-box; font-family: -apple-system, BlinkMacSystemFont, \'Segoe UI\', Roboto, Helvetica, Arial, sans-serif, \'Apple Color Emoji\', \'Segoe UI Emoji\', \'Segoe UI Symbol\'; height: 96.5px;\">\r\n<table class=\"m_2051327272198114809footer\" style=\"box-sizing: border-box; font-family: -apple-system,BlinkMacSystemFont,\'Segoe UI\',Roboto,Helvetica,Arial,sans-serif,\'Apple Color Emoji\',\'Segoe UI Emoji\',\'Segoe UI Symbol\'; margin: 0 auto; padding: 0; text-align: center; width: 570px;\" role=\"presentation\" width=\"570\" cellspacing=\"0\" cellpadding=\"0\" align=\"center\">\r\n<tbody>\r\n<tr>\r\n<td style=\"box-sizing: border-box; font-family: -apple-system,BlinkMacSystemFont,\'Segoe UI\',Roboto,Helvetica,Arial,sans-serif,\'Apple Color Emoji\',\'Segoe UI Emoji\',\'Segoe UI Symbol\'; max-width: 100vw; padding: 32px;\" align=\"center\">\r\n<p style=\"box-sizing: border-box; font-family: -apple-system,BlinkMacSystemFont,\'Segoe UI\',Roboto,Helvetica,Arial,sans-serif,\'Apple Color Emoji\',\'Segoe UI Emoji\',\'Segoe UI Symbol\'; line-height: 1.5em; margin-top: 0; color: #b0adc5; font-size: 12px; text-align: center;\">&copy; {CURRENT_YEAR} {COMPANY_TITLE}. All rights reserved.</p>\r\n</td>\r\n</tr>\r\n</tbody>\r\n</table>\r\n</td>\r\n</tr>\r\n</tbody>\r\n</table>\r\n</td>\r\n</tr>\r\n</tbody>\r\n</table>\r\n<div class=\"yj6qo\">&nbsp;</div>\r\n<div class=\"adL\">&nbsp;</div>\r\n</div>', 1, '2025-02-04 23:05:37', '2025-02-04 23:05:55'),
(12, 'email', 'leave_request_creation', 'Leave Request.', '<div style=\"box-sizing: border-box; font-family: -apple-system,BlinkMacSystemFont,\'Segoe UI\',Roboto,Helvetica,Arial,sans-serif,\'Apple Color Emoji\',\'Segoe UI Emoji\',\'Segoe UI Symbol\'; background-color: #ffffff; color: #718096; height: 100%; line-height: 1.4; margin: 0; padding: 0; width: 100%!important;\">\r\n<table style=\"box-sizing: border-box; font-family: -apple-system,BlinkMacSystemFont,\'Segoe UI\',Roboto,Helvetica,Arial,sans-serif,\'Apple Color Emoji\',\'Segoe UI Emoji\',\'Segoe UI Symbol\'; background-color: #edf2f7; margin: 0; padding: 0; width: 100%;\" role=\"presentation\" width=\"100%\" cellspacing=\"0\" cellpadding=\"0\">\r\n<tbody>\r\n<tr>\r\n<td style=\"box-sizing: border-box; font-family: -apple-system,BlinkMacSystemFont,\'Segoe UI\',Roboto,Helvetica,Arial,sans-serif,\'Apple Color Emoji\',\'Segoe UI Emoji\',\'Segoe UI Symbol\';\" align=\"center\">\r\n<table style=\"box-sizing: border-box; font-family: -apple-system, BlinkMacSystemFont, \'Segoe UI\', Roboto, Helvetica, Arial, sans-serif, \'Apple Color Emoji\', \'Segoe UI Emoji\', \'Segoe UI Symbol\'; margin: 0px; padding: 0px; width: 100%; height: 846.823px;\" role=\"presentation\" width=\"100%\" cellspacing=\"0\" cellpadding=\"0\">\r\n<tbody>\r\n<tr style=\"height: 77.0833px;\">\r\n<td style=\"box-sizing: border-box; font-family: -apple-system, BlinkMacSystemFont, \'Segoe UI\', Roboto, Helvetica, Arial, sans-serif, \'Apple Color Emoji\', \'Segoe UI Emoji\', \'Segoe UI Symbol\'; padding: 25px 0px; height: 77.0833px; text-align: center;\"><span style=\"font-size: 18px;\">{COMPANY_LOGO}</span></td>\r\n</tr>\r\n<tr style=\"height: 672.986px;\">\r\n<td style=\"box-sizing: border-box; font-family: -apple-system, BlinkMacSystemFont, \'Segoe UI\', Roboto, Helvetica, Arial, sans-serif, \'Apple Color Emoji\', \'Segoe UI Emoji\', \'Segoe UI Symbol\'; background-color: rgb(237, 242, 247); margin: 0px; padding: 0px; width: 100%; height: 672.986px; border: hidden !important;\" width=\"100%\">\r\n<table class=\"m_2051327272198114809inner-body\" style=\"box-sizing: border-box; font-family: -apple-system, BlinkMacSystemFont, \'Segoe UI\', Roboto, Helvetica, Arial, sans-serif, \'Apple Color Emoji\', \'Segoe UI Emoji\', \'Segoe UI Symbol\'; background-color: rgb(255, 255, 255); border-color: rgb(232, 229, 239); border-radius: 2px; border-width: 1px; margin: 0px auto; padding: 0px; width: 674px; height: 676px;\" role=\"presentation\" width=\"570\" cellspacing=\"0\" cellpadding=\"0\" align=\"center\">\r\n<tbody>\r\n<tr>\r\n<td style=\"box-sizing: border-box; font-family: -apple-system, BlinkMacSystemFont, \'Segoe UI\', Roboto, Helvetica, Arial, sans-serif, \'Apple Color Emoji\', \'Segoe UI Emoji\', \'Segoe UI Symbol\'; max-width: 100vw; padding: 32px; width: 672.882px;\">\r\n<h1 style=\"box-sizing: border-box; font-family: -apple-system, BlinkMacSystemFont, \'Segoe UI\', Roboto, Helvetica, Arial, sans-serif, \'Apple Color Emoji\', \'Segoe UI Emoji\', \'Segoe UI Symbol\'; color: rgb(61, 72, 82); font-size: 18px; font-weight: bold; margin-top: 0px; text-align: left;\">Hello, {USER_FIRST_NAME} {USER_LAST_NAME}</h1>\r\n<p style=\"box-sizing: border-box; font-family: -apple-system,BlinkMacSystemFont,\'Segoe UI\',Roboto,Helvetica,Arial,sans-serif,\'Apple Color Emoji\',\'Segoe UI Emoji\',\'Segoe UI Symbol\'; font-size: 16px; line-height: 1.5em; margin-top: 0; text-align: left;\">This is to inform you that a leave request has been submitted by {REQUESTEE_FIRST_NAME} {REQUESTEE_LAST_NAME}.<br><br>Details of the leave request are as follows:</p>\r\n<p style=\"box-sizing: border-box; font-family: -apple-system,BlinkMacSystemFont,\'Segoe UI\',Roboto,Helvetica,Arial,sans-serif,\'Apple Color Emoji\',\'Segoe UI Emoji\',\'Segoe UI Symbol\'; font-size: 16px; line-height: 1.5em; margin-top: 0; text-align: left;\">- ID: {ID}<br>- Type: {TYPE}<br>- From: {FROM}<br>- To: {TO}<br>- Duration: {DURATION}<br>- Reason: {REASON}<br>- Status: {STATUS}</p>\r\n<p style=\"box-sizing: border-box; font-family: -apple-system,BlinkMacSystemFont,\'Segoe UI\',Roboto,Helvetica,Arial,sans-serif,\'Apple Color Emoji\',\'Segoe UI Emoji\',\'Segoe UI Symbol\'; font-size: 16px; line-height: 1.5em; margin-top: 0; text-align: left;\">Please take necessary actions regarding this leave request. <br><br>Thank you.</p>\r\n{SITE_URL}<br><br>Regards,</td>\r\n</tr>\r\n<tr>\r\n<td style=\"box-sizing: border-box; font-family: -apple-system, BlinkMacSystemFont, \'Segoe UI\', Roboto, Helvetica, Arial, sans-serif, \'Apple Color Emoji\', \'Segoe UI Emoji\', \'Segoe UI Symbol\'; max-width: 100vw; padding: 32px; width: 672.882px;\">\r\n<h1 style=\"box-sizing: border-box; font-family: -apple-system,BlinkMacSystemFont,\'Segoe UI\',Roboto,Helvetica,Arial,sans-serif,\'Apple Color Emoji\',\'Segoe UI Emoji\',\'Segoe UI Symbol\'; color: #3d4852; font-size: 18px; font-weight: bold; margin-top: 0; text-align: left;\">&nbsp;</h1>\r\n</td>\r\n</tr>\r\n</tbody>\r\n</table>\r\n</td>\r\n</tr>\r\n<tr style=\"height: 96.7535px;\">\r\n<td style=\"box-sizing: border-box; font-family: -apple-system, BlinkMacSystemFont, \'Segoe UI\', Roboto, Helvetica, Arial, sans-serif, \'Apple Color Emoji\', \'Segoe UI Emoji\', \'Segoe UI Symbol\'; height: 96.7535px;\">\r\n<table class=\"m_2051327272198114809footer\" style=\"box-sizing: border-box; font-family: -apple-system, BlinkMacSystemFont, \'Segoe UI\', Roboto, Helvetica, Arial, sans-serif, \'Apple Color Emoji\', \'Segoe UI Emoji\', \'Segoe UI Symbol\'; margin: 0px auto; padding: 0px; text-align: center; width: 673px; height: 97px;\" role=\"presentation\" width=\"570\" cellspacing=\"0\" cellpadding=\"0\" align=\"center\">\r\n<tbody>\r\n<tr>\r\n<td style=\"box-sizing: border-box; font-family: -apple-system, BlinkMacSystemFont, \'Segoe UI\', Roboto, Helvetica, Arial, sans-serif, \'Apple Color Emoji\', \'Segoe UI Emoji\', \'Segoe UI Symbol\'; max-width: 100vw; padding: 32px; width: 671.875px;\" align=\"center\">\r\n<p style=\"box-sizing: border-box; font-family: -apple-system,BlinkMacSystemFont,\'Segoe UI\',Roboto,Helvetica,Arial,sans-serif,\'Apple Color Emoji\',\'Segoe UI Emoji\',\'Segoe UI Symbol\'; line-height: 1.5em; margin-top: 0; color: #b0adc5; font-size: 12px; text-align: center;\">&copy; {CURRENT_YEAR} {COMPANY_TITLE}. All rights reserved.</p>\r\n</td>\r\n</tr>\r\n</tbody>\r\n</table>\r\n</td>\r\n</tr>\r\n</tbody>\r\n</table>\r\n</td>\r\n</tr>\r\n</tbody>\r\n</table>\r\n<div class=\"yj6qo\">&nbsp;</div>\r\n<div class=\"adL\">&nbsp;</div>\r\n</div>', 1, '2025-02-04 23:06:17', '2025-02-04 23:06:17'),
(13, 'email', 'leave_request_status_updation', 'Status Updation of a Leave Request', '<div style=\"box-sizing: border-box; font-family: -apple-system,BlinkMacSystemFont,\'Segoe UI\',Roboto,Helvetica,Arial,sans-serif,\'Apple Color Emoji\',\'Segoe UI Emoji\',\'Segoe UI Symbol\'; background-color: #ffffff; color: #718096; height: 100%; line-height: 1.4; margin: 0; padding: 0; width: 100%!important;\">\r\n<table style=\"box-sizing: border-box; font-family: -apple-system,BlinkMacSystemFont,\'Segoe UI\',Roboto,Helvetica,Arial,sans-serif,\'Apple Color Emoji\',\'Segoe UI Emoji\',\'Segoe UI Symbol\'; background-color: #edf2f7; margin: 0; padding: 0; width: 100%;\" role=\"presentation\" width=\"100%\" cellspacing=\"0\" cellpadding=\"0\">\r\n<tbody>\r\n<tr>\r\n<td style=\"box-sizing: border-box; font-family: -apple-system,BlinkMacSystemFont,\'Segoe UI\',Roboto,Helvetica,Arial,sans-serif,\'Apple Color Emoji\',\'Segoe UI Emoji\',\'Segoe UI Symbol\';\" align=\"center\">\r\n<table style=\"box-sizing: border-box; font-family: -apple-system, BlinkMacSystemFont, \'Segoe UI\', Roboto, Helvetica, Arial, sans-serif, \'Apple Color Emoji\', \'Segoe UI Emoji\', \'Segoe UI Symbol\'; margin: 0px; padding: 0px; width: 100%; height: 846.823px;\" role=\"presentation\" width=\"100%\" cellspacing=\"0\" cellpadding=\"0\">\r\n<tbody>\r\n<tr style=\"height: 77.0833px;\">\r\n<td style=\"box-sizing: border-box; font-family: -apple-system, BlinkMacSystemFont, \'Segoe UI\', Roboto, Helvetica, Arial, sans-serif, \'Apple Color Emoji\', \'Segoe UI Emoji\', \'Segoe UI Symbol\'; padding: 25px 0px; height: 77.0833px; text-align: center;\"><span style=\"font-size: 18px;\">{COMPANY_LOGO}</span></td>\r\n</tr>\r\n<tr style=\"height: 672.986px;\">\r\n<td style=\"box-sizing: border-box; font-family: -apple-system, BlinkMacSystemFont, \'Segoe UI\', Roboto, Helvetica, Arial, sans-serif, \'Apple Color Emoji\', \'Segoe UI Emoji\', \'Segoe UI Symbol\'; background-color: rgb(237, 242, 247); margin: 0px; padding: 0px; width: 100%; height: 672.986px; border: hidden !important;\" width=\"100%\">\r\n<table class=\"m_2051327272198114809inner-body\" style=\"box-sizing: border-box; font-family: -apple-system, BlinkMacSystemFont, \'Segoe UI\', Roboto, Helvetica, Arial, sans-serif, \'Apple Color Emoji\', \'Segoe UI Emoji\', \'Segoe UI Symbol\'; background-color: rgb(255, 255, 255); border-color: rgb(232, 229, 239); border-radius: 2px; border-width: 1px; margin: 0px auto; padding: 0px; width: 674px; height: 676px;\" role=\"presentation\" width=\"570\" cellspacing=\"0\" cellpadding=\"0\" align=\"center\">\r\n<tbody>\r\n<tr>\r\n<td style=\"box-sizing: border-box; font-family: -apple-system, BlinkMacSystemFont, \'Segoe UI\', Roboto, Helvetica, Arial, sans-serif, \'Apple Color Emoji\', \'Segoe UI Emoji\', \'Segoe UI Symbol\'; max-width: 100vw; padding: 32px; width: 672.882px;\">\r\n<h1 style=\"box-sizing: border-box; font-family: -apple-system, BlinkMacSystemFont, \'Segoe UI\', Roboto, Helvetica, Arial, sans-serif, \'Apple Color Emoji\', \'Segoe UI Emoji\', \'Segoe UI Symbol\'; color: rgb(61, 72, 82); font-size: 18px; font-weight: bold; margin-top: 0px; text-align: left;\">Hello, {USER_FIRST_NAME} {USER_LAST_NAME}</h1>\r\n<p style=\"box-sizing: border-box; font-family: -apple-system,BlinkMacSystemFont,\'Segoe UI\',Roboto,Helvetica,Arial,sans-serif,\'Apple Color Emoji\',\'Segoe UI Emoji\',\'Segoe UI Symbol\'; font-size: 16px; line-height: 1.5em; margin-top: 0; text-align: left;\">This is <span class=\"hljs-selector-tag\">to</span> inform you that the status of <span class=\"hljs-selector-tag\">a</span> leave request has been updated from {OLD_STATUS} to {NEW_STATUS}.<br><br>Details of the leave request are as follows:</p>\r\n<p style=\"box-sizing: border-box; font-family: -apple-system,BlinkMacSystemFont,\'Segoe UI\',Roboto,Helvetica,Arial,sans-serif,\'Apple Color Emoji\',\'Segoe UI Emoji\',\'Segoe UI Symbol\'; font-size: 16px; line-height: 1.5em; margin-top: 0; text-align: left;\">- ID: {ID}<br>- Requestee: {REQUESTEE_FIRST_NAME} {REQUESTEE_LAST_NAME}<br>- Type: {TYPE}<br>- From: {FROM}<br>- To: {TO}<br>- Duration: {DURATION}<br>- Reason: {REASON}<br><br>Thank you.</p>\r\n{SITE_URL}<br><br>Regards,</td>\r\n</tr>\r\n<tr>\r\n<td style=\"box-sizing: border-box; font-family: -apple-system, BlinkMacSystemFont, \'Segoe UI\', Roboto, Helvetica, Arial, sans-serif, \'Apple Color Emoji\', \'Segoe UI Emoji\', \'Segoe UI Symbol\'; max-width: 100vw; padding: 32px; width: 672.882px;\">\r\n<h1 style=\"box-sizing: border-box; font-family: -apple-system,BlinkMacSystemFont,\'Segoe UI\',Roboto,Helvetica,Arial,sans-serif,\'Apple Color Emoji\',\'Segoe UI Emoji\',\'Segoe UI Symbol\'; color: #3d4852; font-size: 18px; font-weight: bold; margin-top: 0; text-align: left;\">&nbsp;</h1>\r\n</td>\r\n</tr>\r\n</tbody>\r\n</table>\r\n</td>\r\n</tr>\r\n<tr style=\"height: 96.7535px;\">\r\n<td style=\"box-sizing: border-box; font-family: -apple-system, BlinkMacSystemFont, \'Segoe UI\', Roboto, Helvetica, Arial, sans-serif, \'Apple Color Emoji\', \'Segoe UI Emoji\', \'Segoe UI Symbol\'; height: 96.7535px;\">\r\n<table class=\"m_2051327272198114809footer\" style=\"box-sizing: border-box; font-family: -apple-system, BlinkMacSystemFont, \'Segoe UI\', Roboto, Helvetica, Arial, sans-serif, \'Apple Color Emoji\', \'Segoe UI Emoji\', \'Segoe UI Symbol\'; margin: 0px auto; padding: 0px; text-align: center; width: 673px; height: 97px;\" role=\"presentation\" width=\"570\" cellspacing=\"0\" cellpadding=\"0\" align=\"center\">\r\n<tbody>\r\n<tr>\r\n<td style=\"box-sizing: border-box; font-family: -apple-system, BlinkMacSystemFont, \'Segoe UI\', Roboto, Helvetica, Arial, sans-serif, \'Apple Color Emoji\', \'Segoe UI Emoji\', \'Segoe UI Symbol\'; max-width: 100vw; padding: 32px; width: 671.875px;\" align=\"center\">\r\n<p style=\"box-sizing: border-box; font-family: -apple-system,BlinkMacSystemFont,\'Segoe UI\',Roboto,Helvetica,Arial,sans-serif,\'Apple Color Emoji\',\'Segoe UI Emoji\',\'Segoe UI Symbol\'; line-height: 1.5em; margin-top: 0; color: #b0adc5; font-size: 12px; text-align: center;\">&copy; {CURRENT_YEAR} {COMPANY_TITLE}. All rights reserved.</p>\r\n</td>\r\n</tr>\r\n</tbody>\r\n</table>\r\n</td>\r\n</tr>\r\n</tbody>\r\n</table>\r\n</td>\r\n</tr>\r\n</tbody>\r\n</table>\r\n<div class=\"yj6qo\">&nbsp;</div>\r\n<div class=\"adL\">&nbsp;</div>\r\n</div>', 1, '2025-02-04 23:06:33', '2025-02-04 23:06:33'),
(14, 'email', 'team_member_on_leave_alert', 'Team Member on Leave', '<div style=\"box-sizing: border-box; font-family: -apple-system,BlinkMacSystemFont,\'Segoe UI\',Roboto,Helvetica,Arial,sans-serif,\'Apple Color Emoji\',\'Segoe UI Emoji\',\'Segoe UI Symbol\'; background-color: #ffffff; color: #718096; height: 100%; line-height: 1.4; margin: 0; padding: 0; width: 100%!important;\">\r\n<table style=\"box-sizing: border-box; font-family: -apple-system,BlinkMacSystemFont,\'Segoe UI\',Roboto,Helvetica,Arial,sans-serif,\'Apple Color Emoji\',\'Segoe UI Emoji\',\'Segoe UI Symbol\'; background-color: #edf2f7; margin: 0; padding: 0; width: 100%;\" role=\"presentation\" width=\"100%\" cellspacing=\"0\" cellpadding=\"0\">\r\n<tbody>\r\n<tr>\r\n<td style=\"box-sizing: border-box; font-family: -apple-system,BlinkMacSystemFont,\'Segoe UI\',Roboto,Helvetica,Arial,sans-serif,\'Apple Color Emoji\',\'Segoe UI Emoji\',\'Segoe UI Symbol\';\" align=\"center\">\r\n<table style=\"box-sizing: border-box; font-family: -apple-system, BlinkMacSystemFont, \'Segoe UI\', Roboto, Helvetica, Arial, sans-serif, \'Apple Color Emoji\', \'Segoe UI Emoji\', \'Segoe UI Symbol\'; margin: 0px; padding: 0px; width: 100%; height: 615.844px;\" role=\"presentation\" width=\"100%\" cellspacing=\"0\" cellpadding=\"0\">\r\n<tbody>\r\n<tr style=\"height: 77.0938px;\">\r\n<td style=\"box-sizing: border-box; font-family: -apple-system, BlinkMacSystemFont, \'Segoe UI\', Roboto, Helvetica, Arial, sans-serif, \'Apple Color Emoji\', \'Segoe UI Emoji\', \'Segoe UI Symbol\'; padding: 25px 0px; height: 77.0938px; text-align: center;\"><span style=\"font-size: 18px;\">{COMPANY_LOGO}</span></td>\r\n</tr>\r\n<tr style=\"height: 442.25px;\">\r\n<td style=\"box-sizing: border-box; font-family: -apple-system, BlinkMacSystemFont, \'Segoe UI\', Roboto, Helvetica, Arial, sans-serif, \'Apple Color Emoji\', \'Segoe UI Emoji\', \'Segoe UI Symbol\'; background-color: rgb(237, 242, 247); margin: 0px; padding: 0px; width: 100%; height: 442.25px; border: hidden !important;\" width=\"100%\">\r\n<table class=\"m_2051327272198114809inner-body\" style=\"box-sizing: border-box; font-family: -apple-system, BlinkMacSystemFont, \'Segoe UI\', Roboto, Helvetica, Arial, sans-serif, \'Apple Color Emoji\', \'Segoe UI Emoji\', \'Segoe UI Symbol\'; background-color: rgb(255, 255, 255); border-color: rgb(232, 229, 239); border-radius: 2px; border-width: 1px; margin: 0px auto; padding: 0px; width: 570px; height: 427.453px;\" role=\"presentation\" width=\"570\" cellspacing=\"0\" cellpadding=\"0\" align=\"center\">\r\n<tbody>\r\n<tr style=\"height: 302.234px;\">\r\n<td style=\"box-sizing: border-box; font-family: -apple-system, BlinkMacSystemFont, \'Segoe UI\', Roboto, Helvetica, Arial, sans-serif, \'Apple Color Emoji\', \'Segoe UI Emoji\', \'Segoe UI Symbol\'; max-width: 100vw; padding: 32px; height: 302.234px;\">\r\n<h1 style=\"box-sizing: border-box; font-family: -apple-system, BlinkMacSystemFont, \'Segoe UI\', Roboto, Helvetica, Arial, sans-serif, \'Apple Color Emoji\', \'Segoe UI Emoji\', \'Segoe UI Symbol\'; color: rgb(61, 72, 82); font-size: 18px; font-weight: bold; margin-top: 0px; text-align: left;\">Hello, {USER_FIRST_NAME} {USER_LAST_NAME}</h1>\r\n<p style=\"box-sizing: border-box; font-family: -apple-system,BlinkMacSystemFont,\'Segoe UI\',Roboto,Helvetica,Arial,sans-serif,\'Apple Color Emoji\',\'Segoe UI Emoji\',\'Segoe UI Symbol\'; font-size: 16px; line-height: 1.5em; margin-top: 0; text-align: left;\">This is to inform you that the team member {REQUESTEE_FIRST_NAME} {REQUESTEE_LAST_NAME} will be on {TYPE} leave from {FROM} to {TO}.<br><br>Thank you.</p>\r\n<p style=\"box-sizing: border-box; font-family: -apple-system,BlinkMacSystemFont,\'Segoe UI\',Roboto,Helvetica,Arial,sans-serif,\'Apple Color Emoji\',\'Segoe UI Emoji\',\'Segoe UI Symbol\'; font-size: 16px; line-height: 1.5em; margin-top: 0; text-align: left;\">{SITE_URL}<br><br>Regards,</p>\r\n</td>\r\n</tr>\r\n<tr style=\"height: 125.219px;\">\r\n<td style=\"box-sizing: border-box; font-family: -apple-system, BlinkMacSystemFont, \'Segoe UI\', Roboto, Helvetica, Arial, sans-serif, \'Apple Color Emoji\', \'Segoe UI Emoji\', \'Segoe UI Symbol\'; max-width: 100vw; padding: 32px; height: 125.219px;\">\r\n<h1 style=\"box-sizing: border-box; font-family: -apple-system,BlinkMacSystemFont,\'Segoe UI\',Roboto,Helvetica,Arial,sans-serif,\'Apple Color Emoji\',\'Segoe UI Emoji\',\'Segoe UI Symbol\'; color: #3d4852; font-size: 18px; font-weight: bold; margin-top: 0; text-align: left;\">&nbsp;</h1>\r\n</td>\r\n</tr>\r\n</tbody>\r\n</table>\r\n</td>\r\n</tr>\r\n<tr style=\"height: 96.5px;\">\r\n<td style=\"box-sizing: border-box; font-family: -apple-system, BlinkMacSystemFont, \'Segoe UI\', Roboto, Helvetica, Arial, sans-serif, \'Apple Color Emoji\', \'Segoe UI Emoji\', \'Segoe UI Symbol\'; height: 96.5px;\">\r\n<table class=\"m_2051327272198114809footer\" style=\"box-sizing: border-box; font-family: -apple-system,BlinkMacSystemFont,\'Segoe UI\',Roboto,Helvetica,Arial,sans-serif,\'Apple Color Emoji\',\'Segoe UI Emoji\',\'Segoe UI Symbol\'; margin: 0 auto; padding: 0; text-align: center; width: 570px;\" role=\"presentation\" width=\"570\" cellspacing=\"0\" cellpadding=\"0\" align=\"center\">\r\n<tbody>\r\n<tr>\r\n<td style=\"box-sizing: border-box; font-family: -apple-system,BlinkMacSystemFont,\'Segoe UI\',Roboto,Helvetica,Arial,sans-serif,\'Apple Color Emoji\',\'Segoe UI Emoji\',\'Segoe UI Symbol\'; max-width: 100vw; padding: 32px;\" align=\"center\">\r\n<p style=\"box-sizing: border-box; font-family: -apple-system,BlinkMacSystemFont,\'Segoe UI\',Roboto,Helvetica,Arial,sans-serif,\'Apple Color Emoji\',\'Segoe UI Emoji\',\'Segoe UI Symbol\'; line-height: 1.5em; margin-top: 0; color: #b0adc5; font-size: 12px; text-align: center;\">&copy; {CURRENT_YEAR} {COMPANY_TITLE}. All rights reserved.</p>\r\n</td>\r\n</tr>\r\n</tbody>\r\n</table>\r\n</td>\r\n</tr>\r\n</tbody>\r\n</table>\r\n</td>\r\n</tr>\r\n</tbody>\r\n</table>\r\n<div class=\"yj6qo\">&nbsp;</div>\r\n<div class=\"adL\">&nbsp;</div>\r\n</div>', 1, '2025-02-04 23:07:01', '2025-02-04 23:07:01'),
(15, 'email', 'birthday_wish', 'Birthday', '<div style=\"box-sizing: border-box; font-family: -apple-system,BlinkMacSystemFont,\'Segoe UI\',Roboto,Helvetica,Arial,sans-serif,\'Apple Color Emoji\',\'Segoe UI Emoji\',\'Segoe UI Symbol\'; background-color: #ffffff; color: #718096; height: 100%; line-height: 1.4; margin: 0; padding: 0; width: 100%!important;\">\r\n<table style=\"box-sizing: border-box; font-family: -apple-system,BlinkMacSystemFont,\'Segoe UI\',Roboto,Helvetica,Arial,sans-serif,\'Apple Color Emoji\',\'Segoe UI Emoji\',\'Segoe UI Symbol\'; background-color: #edf2f7; margin: 0; padding: 0; width: 100%;\" role=\"presentation\" width=\"100%\" cellspacing=\"0\" cellpadding=\"0\">\r\n<tbody>\r\n<tr>\r\n<td style=\"box-sizing: border-box; font-family: -apple-system,BlinkMacSystemFont,\'Segoe UI\',Roboto,Helvetica,Arial,sans-serif,\'Apple Color Emoji\',\'Segoe UI Emoji\',\'Segoe UI Symbol\';\" align=\"center\">\r\n<table style=\"box-sizing: border-box; font-family: -apple-system, BlinkMacSystemFont, \'Segoe UI\', Roboto, Helvetica, Arial, sans-serif, \'Apple Color Emoji\', \'Segoe UI Emoji\', \'Segoe UI Symbol\'; margin: 0px; padding: 0px; width: 100%; height: 615.844px;\" role=\"presentation\" width=\"100%\" cellspacing=\"0\" cellpadding=\"0\">\r\n<tbody>\r\n<tr style=\"height: 77.0938px;\">\r\n<td style=\"box-sizing: border-box; font-family: -apple-system, BlinkMacSystemFont, \'Segoe UI\', Roboto, Helvetica, Arial, sans-serif, \'Apple Color Emoji\', \'Segoe UI Emoji\', \'Segoe UI Symbol\'; padding: 25px 0px; height: 77.0938px; text-align: center;\"><span style=\"font-size: 18px;\">{COMPANY_LOGO}</span></td>\r\n</tr>\r\n<tr style=\"height: 442.25px;\">\r\n<td style=\"box-sizing: border-box; font-family: -apple-system, BlinkMacSystemFont, \'Segoe UI\', Roboto, Helvetica, Arial, sans-serif, \'Apple Color Emoji\', \'Segoe UI Emoji\', \'Segoe UI Symbol\'; background-color: rgb(237, 242, 247); margin: 0px; padding: 0px; width: 100%; height: 442.25px; border: hidden !important;\" width=\"100%\">\r\n<table class=\"m_2051327272198114809inner-body\" style=\"box-sizing: border-box; font-family: -apple-system, BlinkMacSystemFont, \'Segoe UI\', Roboto, Helvetica, Arial, sans-serif, \'Apple Color Emoji\', \'Segoe UI Emoji\', \'Segoe UI Symbol\'; background-color: rgb(255, 255, 255); border-color: rgb(232, 229, 239); border-radius: 2px; border-width: 1px; margin: 0px auto; padding: 0px; width: 570px; height: 427.453px;\" role=\"presentation\" width=\"570\" cellspacing=\"0\" cellpadding=\"0\" align=\"center\">\r\n<tbody>\r\n<tr style=\"height: 302.234px;\">\r\n<td style=\"box-sizing: border-box; font-family: -apple-system, BlinkMacSystemFont, \'Segoe UI\', Roboto, Helvetica, Arial, sans-serif, \'Apple Color Emoji\', \'Segoe UI Emoji\', \'Segoe UI Symbol\'; max-width: 100vw; padding: 32px; height: 302.234px;\">\r\n<h1 style=\"box-sizing: border-box; font-family: -apple-system, BlinkMacSystemFont, \'Segoe UI\', Roboto, Helvetica, Arial, sans-serif, \'Apple Color Emoji\', \'Segoe UI Emoji\', \'Segoe UI Symbol\'; color: rgb(61, 72, 82); font-size: 18px; font-weight: bold; margin-top: 0px; text-align: left;\">Hello, {FIRST_NAME} {LAST_NAME}</h1>\r\n<p style=\"box-sizing: border-box; font-family: -apple-system,BlinkMacSystemFont,\'Segoe UI\',Roboto,Helvetica,Arial,sans-serif,\'Apple Color Emoji\',\'Segoe UI Emoji\',\'Segoe UI Symbol\'; font-size: 16px; line-height: 1.5em; margin-top: 0; text-align: left;\">Greetings on your {BIRTHDAY_COUNT}<sup>{ORDINAL_SUFFIX}</sup> Birthday!<br><br>Thank you.</p>\r\n<p style=\"box-sizing: border-box; font-family: -apple-system,BlinkMacSystemFont,\'Segoe UI\',Roboto,Helvetica,Arial,sans-serif,\'Apple Color Emoji\',\'Segoe UI Emoji\',\'Segoe UI Symbol\'; font-size: 16px; line-height: 1.5em; margin-top: 0; text-align: left;\">{SITE_URL}<br><br>Regards,</p>\r\n</td>\r\n</tr>\r\n<tr style=\"height: 125.219px;\">\r\n<td style=\"box-sizing: border-box; font-family: -apple-system, BlinkMacSystemFont, \'Segoe UI\', Roboto, Helvetica, Arial, sans-serif, \'Apple Color Emoji\', \'Segoe UI Emoji\', \'Segoe UI Symbol\'; max-width: 100vw; padding: 32px; height: 125.219px;\">\r\n<h1 style=\"box-sizing: border-box; font-family: -apple-system,BlinkMacSystemFont,\'Segoe UI\',Roboto,Helvetica,Arial,sans-serif,\'Apple Color Emoji\',\'Segoe UI Emoji\',\'Segoe UI Symbol\'; color: #3d4852; font-size: 18px; font-weight: bold; margin-top: 0; text-align: left;\">&nbsp;</h1>\r\n</td>\r\n</tr>\r\n</tbody>\r\n</table>\r\n</td>\r\n</tr>\r\n<tr style=\"height: 96.5px;\">\r\n<td style=\"box-sizing: border-box; font-family: -apple-system, BlinkMacSystemFont, \'Segoe UI\', Roboto, Helvetica, Arial, sans-serif, \'Apple Color Emoji\', \'Segoe UI Emoji\', \'Segoe UI Symbol\'; height: 96.5px;\">\r\n<table class=\"m_2051327272198114809footer\" style=\"box-sizing: border-box; font-family: -apple-system,BlinkMacSystemFont,\'Segoe UI\',Roboto,Helvetica,Arial,sans-serif,\'Apple Color Emoji\',\'Segoe UI Emoji\',\'Segoe UI Symbol\'; margin: 0 auto; padding: 0; text-align: center; width: 570px;\" role=\"presentation\" width=\"570\" cellspacing=\"0\" cellpadding=\"0\" align=\"center\">\r\n<tbody>\r\n<tr>\r\n<td style=\"box-sizing: border-box; font-family: -apple-system,BlinkMacSystemFont,\'Segoe UI\',Roboto,Helvetica,Arial,sans-serif,\'Apple Color Emoji\',\'Segoe UI Emoji\',\'Segoe UI Symbol\'; max-width: 100vw; padding: 32px;\" align=\"center\">\r\n<p style=\"box-sizing: border-box; font-family: -apple-system,BlinkMacSystemFont,\'Segoe UI\',Roboto,Helvetica,Arial,sans-serif,\'Apple Color Emoji\',\'Segoe UI Emoji\',\'Segoe UI Symbol\'; line-height: 1.5em; margin-top: 0; color: #b0adc5; font-size: 12px; text-align: center;\">&copy; {CURRENT_YEAR} {COMPANY_TITLE}. All rights reserved.</p>\r\n</td>\r\n</tr>\r\n</tbody>\r\n</table>\r\n</td>\r\n</tr>\r\n</tbody>\r\n</table>\r\n</td>\r\n</tr>\r\n</tbody>\r\n</table>\r\n<div class=\"yj6qo\">&nbsp;</div>\r\n<div class=\"adL\">&nbsp;</div>\r\n</div>', 1, '2025-02-04 23:07:55', '2025-02-04 23:07:55'),
(16, 'email', 'work_anniversary_wish', 'Work Anniversary', '<div style=\"box-sizing: border-box; font-family: -apple-system,BlinkMacSystemFont,\'Segoe UI\',Roboto,Helvetica,Arial,sans-serif,\'Apple Color Emoji\',\'Segoe UI Emoji\',\'Segoe UI Symbol\'; background-color: #ffffff; color: #718096; height: 100%; line-height: 1.4; margin: 0; padding: 0; width: 100%!important;\">\r\n<table style=\"box-sizing: border-box; font-family: -apple-system,BlinkMacSystemFont,\'Segoe UI\',Roboto,Helvetica,Arial,sans-serif,\'Apple Color Emoji\',\'Segoe UI Emoji\',\'Segoe UI Symbol\'; background-color: #edf2f7; margin: 0; padding: 0; width: 100%;\" role=\"presentation\" width=\"100%\" cellspacing=\"0\" cellpadding=\"0\">\r\n<tbody>\r\n<tr>\r\n<td style=\"box-sizing: border-box; font-family: -apple-system,BlinkMacSystemFont,\'Segoe UI\',Roboto,Helvetica,Arial,sans-serif,\'Apple Color Emoji\',\'Segoe UI Emoji\',\'Segoe UI Symbol\';\" align=\"center\">\r\n<table style=\"box-sizing: border-box; font-family: -apple-system, BlinkMacSystemFont, \'Segoe UI\', Roboto, Helvetica, Arial, sans-serif, \'Apple Color Emoji\', \'Segoe UI Emoji\', \'Segoe UI Symbol\'; margin: 0px; padding: 0px; width: 100%; height: 615.844px;\" role=\"presentation\" width=\"100%\" cellspacing=\"0\" cellpadding=\"0\">\r\n<tbody>\r\n<tr style=\"height: 77.0938px;\">\r\n<td style=\"box-sizing: border-box; font-family: -apple-system, BlinkMacSystemFont, \'Segoe UI\', Roboto, Helvetica, Arial, sans-serif, \'Apple Color Emoji\', \'Segoe UI Emoji\', \'Segoe UI Symbol\'; padding: 25px 0px; height: 77.0938px; text-align: center;\"><span style=\"font-size: 18px;\">{COMPANY_LOGO}</span></td>\r\n</tr>\r\n<tr style=\"height: 442.25px;\">\r\n<td style=\"box-sizing: border-box; font-family: -apple-system, BlinkMacSystemFont, \'Segoe UI\', Roboto, Helvetica, Arial, sans-serif, \'Apple Color Emoji\', \'Segoe UI Emoji\', \'Segoe UI Symbol\'; background-color: rgb(237, 242, 247); margin: 0px; padding: 0px; width: 100%; height: 442.25px; border: hidden !important;\" width=\"100%\">\r\n<table class=\"m_2051327272198114809inner-body\" style=\"box-sizing: border-box; font-family: -apple-system, BlinkMacSystemFont, \'Segoe UI\', Roboto, Helvetica, Arial, sans-serif, \'Apple Color Emoji\', \'Segoe UI Emoji\', \'Segoe UI Symbol\'; background-color: rgb(255, 255, 255); border-color: rgb(232, 229, 239); border-radius: 2px; border-width: 1px; margin: 0px auto; padding: 0px; width: 570px; height: 427.453px;\" role=\"presentation\" width=\"570\" cellspacing=\"0\" cellpadding=\"0\" align=\"center\">\r\n<tbody>\r\n<tr style=\"height: 302.234px;\">\r\n<td style=\"box-sizing: border-box; font-family: -apple-system, BlinkMacSystemFont, \'Segoe UI\', Roboto, Helvetica, Arial, sans-serif, \'Apple Color Emoji\', \'Segoe UI Emoji\', \'Segoe UI Symbol\'; max-width: 100vw; padding: 32px; height: 302.234px;\">\r\n<h1 style=\"box-sizing: border-box; font-family: -apple-system, BlinkMacSystemFont, \'Segoe UI\', Roboto, Helvetica, Arial, sans-serif, \'Apple Color Emoji\', \'Segoe UI Emoji\', \'Segoe UI Symbol\'; color: rgb(61, 72, 82); font-size: 18px; font-weight: bold; margin-top: 0px; text-align: left;\">Hello, {FIRST_NAME} {LAST_NAME}</h1>\r\n<p style=\"box-sizing: border-box; font-family: -apple-system,BlinkMacSystemFont,\'Segoe UI\',Roboto,Helvetica,Arial,sans-serif,\'Apple Color Emoji\',\'Segoe UI Emoji\',\'Segoe UI Symbol\'; font-size: 16px; line-height: 1.5em; margin-top: 0; text-align: left;\">Greetings on your {WORK_ANNIVERSARY_COUNT}<sup>{ORDINAL_SUFFIX}</sup> Work Anniversary!<br><br>Thank you.</p>\r\n<p style=\"box-sizing: border-box; font-family: -apple-system,BlinkMacSystemFont,\'Segoe UI\',Roboto,Helvetica,Arial,sans-serif,\'Apple Color Emoji\',\'Segoe UI Emoji\',\'Segoe UI Symbol\'; font-size: 16px; line-height: 1.5em; margin-top: 0; text-align: left;\">{SITE_URL}<br><br>Regards,</p>\r\n</td>\r\n</tr>\r\n<tr style=\"height: 125.219px;\">\r\n<td style=\"box-sizing: border-box; font-family: -apple-system, BlinkMacSystemFont, \'Segoe UI\', Roboto, Helvetica, Arial, sans-serif, \'Apple Color Emoji\', \'Segoe UI Emoji\', \'Segoe UI Symbol\'; max-width: 100vw; padding: 32px; height: 125.219px;\">\r\n<h1 style=\"box-sizing: border-box; font-family: -apple-system,BlinkMacSystemFont,\'Segoe UI\',Roboto,Helvetica,Arial,sans-serif,\'Apple Color Emoji\',\'Segoe UI Emoji\',\'Segoe UI Symbol\'; color: #3d4852; font-size: 18px; font-weight: bold; margin-top: 0; text-align: left;\">&nbsp;</h1>\r\n</td>\r\n</tr>\r\n</tbody>\r\n</table>\r\n</td>\r\n</tr>\r\n<tr style=\"height: 96.5px;\">\r\n<td style=\"box-sizing: border-box; font-family: -apple-system, BlinkMacSystemFont, \'Segoe UI\', Roboto, Helvetica, Arial, sans-serif, \'Apple Color Emoji\', \'Segoe UI Emoji\', \'Segoe UI Symbol\'; height: 96.5px;\">\r\n<table class=\"m_2051327272198114809footer\" style=\"box-sizing: border-box; font-family: -apple-system,BlinkMacSystemFont,\'Segoe UI\',Roboto,Helvetica,Arial,sans-serif,\'Apple Color Emoji\',\'Segoe UI Emoji\',\'Segoe UI Symbol\'; margin: 0 auto; padding: 0; text-align: center; width: 570px;\" role=\"presentation\" width=\"570\" cellspacing=\"0\" cellpadding=\"0\" align=\"center\">\r\n<tbody>\r\n<tr>\r\n<td style=\"box-sizing: border-box; font-family: -apple-system,BlinkMacSystemFont,\'Segoe UI\',Roboto,Helvetica,Arial,sans-serif,\'Apple Color Emoji\',\'Segoe UI Emoji\',\'Segoe UI Symbol\'; max-width: 100vw; padding: 32px;\" align=\"center\">\r\n<p style=\"box-sizing: border-box; font-family: -apple-system,BlinkMacSystemFont,\'Segoe UI\',Roboto,Helvetica,Arial,sans-serif,\'Apple Color Emoji\',\'Segoe UI Emoji\',\'Segoe UI Symbol\'; line-height: 1.5em; margin-top: 0; color: #b0adc5; font-size: 12px; text-align: center;\">&copy; {CURRENT_YEAR} {COMPANY_TITLE}. All rights reserved.</p>\r\n</td>\r\n</tr>\r\n</tbody>\r\n</table>\r\n</td>\r\n</tr>\r\n</tbody>\r\n</table>\r\n</td>\r\n</tr>\r\n</tbody>\r\n</table>\r\n<div class=\"yj6qo\">&nbsp;</div>\r\n<div class=\"adL\">&nbsp;</div>\r\n</div>', 1, '2025-02-04 23:08:40', '2025-02-04 23:08:40'),
(17, 'sms', 'project_assignment', NULL, 'Hello, {FIRST_NAME} {LAST_NAME} You have been assigned a new project {PROJECT_TITLE}, ID:#{PROJECT_ID}.', 1, '2025-02-04 23:09:23', '2025-02-04 23:09:23'),
(18, 'sms', 'project_status_updation', NULL, '{UPDATER_FIRST_NAME} {UPDATER_LAST_NAME} has updated the status of project {PROJECT_TITLE}, ID:#{PROJECT_ID}, from {OLD_STATUS} to {NEW_STATUS}.', 1, '2025-02-04 23:09:30', '2025-02-04 23:09:30'),
(19, 'sms', 'task_assignment', NULL, 'Hello, {FIRST_NAME} {LAST_NAME} You have been assigned a new task {TASK_TITLE}, ID:#{TASK_ID}.', 1, '2025-02-04 23:10:09', '2025-02-04 23:10:09'),
(20, 'sms', 'task_status_updation', NULL, '{UPDATER_FIRST_NAME} {UPDATER_LAST_NAME} has updated the status of task {TASK_TITLE}, ID:#{TASK_ID}, from {OLD_STATUS} to {NEW_STATUS}.', 1, '2025-02-04 23:10:16', '2025-02-04 23:10:16'),
(21, 'sms', 'task_reminder', NULL, 'You have a task reminder for Task #{TASK_ID} - \"{TASK_TITLE}\". You can view the task here: {TASK_URL}', 1, '2025-02-04 23:10:21', '2025-02-04 23:10:21'),
(22, 'sms', 'recurring_task', NULL, 'The recurring task #{TASK_ID} - \"{TASK_TITLE}\" has been executed. You can view the new instance here: {TASK_URL}', 1, '2025-02-04 23:10:26', '2025-02-04 23:10:26'),
(23, 'sms', 'workspace_assignment', NULL, 'Hello, {FIRST_NAME} {LAST_NAME} You have been added in a new workspace {WORKSPACE_TITLE}, ID:#{WORKSPACE_ID}.', 1, '2025-02-04 23:10:32', '2025-02-04 23:10:32'),
(24, 'sms', 'meeting_assignment', NULL, 'Hello, {FIRST_NAME} {LAST_NAME} You have been added in a new meeting {MEETING_TITLE}, ID:#{MEETING_ID}.', 1, '2025-02-04 23:10:37', '2025-02-04 23:10:37'),
(25, 'sms', 'leave_request_creation', NULL, 'New Leave Request ID:#{ID} Has Been Created By {REQUESTEE_FIRST_NAME} {REQUESTEE_LAST_NAME}.', 1, '2025-02-04 23:10:43', '2025-02-04 23:10:43'),
(26, 'sms', 'leave_request_status_updation', NULL, 'Leave Request ID:#{ID} Status Updated From {OLD_STATUS} To {NEW_STATUS}.', 1, '2025-02-04 23:10:48', '2025-02-04 23:10:48'),
(27, 'sms', 'team_member_on_leave_alert', NULL, '{REQUESTEE_FIRST_NAME} {REQUESTEE_LAST_NAME} will be on {TYPE} leave from {FROM} to {TO}.', 1, '2025-02-04 23:10:53', '2025-02-04 23:10:53'),
(28, 'sms', 'birthday_wish', NULL, 'Hello {FIRST_NAME} {LAST_NAME}, {COMPANY_TITLE} wishes you a very Happy Birthday!', 1, '2025-02-04 23:10:59', '2025-02-04 23:10:59'),
(29, 'sms', 'work_anniversary_wish', NULL, 'Hello {FIRST_NAME} {LAST_NAME}, {COMPANY_TITLE} wishes you a very happy work anniversary!', 1, '2025-02-04 23:11:05', '2025-02-04 23:11:05'),
(30, 'whatsapp', 'project_assignment', NULL, 'Hello, {FIRST_NAME} {LAST_NAME} You have been assigned a new project {PROJECT_TITLE}, ID:#{PROJECT_ID}.', 1, '2025-02-04 23:11:40', '2025-02-04 23:11:40'),
(31, 'whatsapp', 'project_status_updation', NULL, '{UPDATER_FIRST_NAME} {UPDATER_LAST_NAME} has updated the status of project {PROJECT_TITLE}, ID:#{PROJECT_ID}, from {OLD_STATUS} to {NEW_STATUS}.', 1, '2025-02-04 23:11:48', '2025-02-04 23:13:13'),
(32, 'whatsapp', 'task_assignment', NULL, 'Hello, {FIRST_NAME} {LAST_NAME} You have been assigned a new task {TASK_TITLE}, ID:#{TASK_ID}.', 1, '2025-02-04 23:11:54', '2025-02-04 23:11:54'),
(33, 'whatsapp', 'task_status_updation', NULL, '{UPDATER_FIRST_NAME} {UPDATER_LAST_NAME} has updated the status of task {TASK_TITLE}, ID:#{TASK_ID}, from {OLD_STATUS} to {NEW_STATUS}.', 1, '2025-02-04 23:11:59', '2025-02-04 23:11:59'),
(34, 'whatsapp', 'task_reminder', NULL, 'You have a task reminder for Task #{TASK_ID} - \"{TASK_TITLE}\". You can view the task here: {TASK_URL}', 1, '2025-02-04 23:12:04', '2025-02-04 23:12:04'),
(35, 'whatsapp', 'recurring_task', NULL, 'The recurring task #{TASK_ID} - \"{TASK_TITLE}\" has been executed. You can view the new instance here: {TASK_URL}', 1, '2025-02-04 23:12:09', '2025-02-04 23:13:10'),
(36, 'whatsapp', 'workspace_assignment', NULL, 'Hello, {FIRST_NAME} {LAST_NAME} You have been added in a new workspace {WORKSPACE_TITLE}, ID:#{WORKSPACE_ID}.', 1, '2025-02-04 23:13:06', '2025-02-04 23:13:06'),
(37, 'whatsapp', 'meeting_assignment', NULL, 'Hello, {FIRST_NAME} {LAST_NAME} You have been added in a new meeting {MEETING_TITLE}, ID:#{MEETING_ID}.', 1, '2025-02-04 23:13:08', '2025-02-04 23:13:08'),
(38, 'whatsapp', 'leave_request_creation', NULL, 'New Leave Request ID:#{ID} Has Been Created By {REQUESTEE_FIRST_NAME} {REQUESTEE_LAST_NAME}.', 1, '2025-02-04 23:13:21', '2025-02-04 23:13:21'),
(39, 'whatsapp', 'leave_request_status_updation', NULL, 'Leave Request ID:#{ID} Status Updated From {OLD_STATUS} To {NEW_STATUS}.', 1, '2025-02-04 23:13:25', '2025-02-04 23:13:25'),
(40, 'whatsapp', 'team_member_on_leave_alert', NULL, '{REQUESTEE_FIRST_NAME} {REQUESTEE_LAST_NAME} will be on {TYPE} leave from {FROM} to {TO}.', 1, '2025-02-04 23:13:30', '2025-02-04 23:13:30'),
(41, 'whatsapp', 'birthday_wish', NULL, 'Hello {FIRST_NAME} {LAST_NAME}, {COMPANY_TITLE} wishes you a very Happy Birthday!', 1, '2025-02-04 23:13:35', '2025-02-04 23:13:35'),
(42, 'whatsapp', 'work_anniversary_wish', NULL, 'Hello {FIRST_NAME} {LAST_NAME}, {COMPANY_TITLE} wishes you a very happy work anniversary!', 1, '2025-02-04 23:13:39', '2025-02-04 23:13:39'),
(43, 'system', 'project_assignment', 'Project Assignment', '{ASSIGNEE_FIRST_NAME} {ASSIGNEE_LAST_NAME} assigned you new project: {PROJECT_TITLE}, ID:#{PROJECT_ID}.', 1, '2025-02-04 23:13:57', '2025-02-04 23:13:57'),
(44, 'system', 'project_status_updation', 'Status Updation', '{UPDATER_FIRST_NAME} {UPDATER_LAST_NAME} has updated the status of project {PROJECT_TITLE}, ID:#{PROJECT_ID}, from {OLD_STATUS} to {NEW_STATUS}.', 1, '2025-02-04 23:14:11', '2025-02-04 23:14:11'),
(45, 'system', 'task_assignment', 'Task Assignment', '{ASSIGNEE_FIRST_NAME} {ASSIGNEE_LAST_NAME} assigned you new task: {TASK_TITLE}, ID:#{TASK_ID}.', 1, '2025-02-04 23:14:30', '2025-02-04 23:14:30'),
(46, 'system', 'task_status_updation', 'Status Updation of a Task', '{UPDATER_FIRST_NAME} {UPDATER_LAST_NAME} has updated the status of task {TASK_TITLE}, ID:#{TASK_ID}, from {OLD_STATUS} to {NEW_STATUS}.', 1, '2025-02-04 23:14:46', '2025-02-04 23:14:46'),
(47, 'system', 'task_reminder', 'Reminder of a Task', 'You have a task reminder for Task #{TASK_ID} - \"{TASK_TITLE}\".', 1, '2025-02-04 23:14:59', '2025-02-04 23:14:59'),
(48, 'system', 'recurring_task', 'Recurrence of a Task', 'The recurring task #{TASK_ID} - \"{TASK_TITLE}\" has been executed.', 1, '2025-02-04 23:15:12', '2025-02-04 23:15:12'),
(49, 'system', 'workspace_assignment', 'WorkSpace Assignment', '{ASSIGNEE_FIRST_NAME} {ASSIGNEE_LAST_NAME} added you in a new workspace {WORKSPACE_TITLE}, ID:#{WORKSPACE_ID}.', 1, '2025-02-04 23:15:33', '2025-02-04 23:15:33'),
(50, 'system', 'meeting_assignment', 'Meeting Assignment', '{ASSIGNEE_FIRST_NAME} {ASSIGNEE_LAST_NAME} added you in a new meeting {MEETING_TITLE}, ID:#{MEETING_ID}.', 1, '2025-02-04 23:16:41', '2025-02-04 23:16:41'),
(51, 'system', 'leave_request_creation', 'Leave Request', 'New Leave Request ID:#{ID} Has Been Created By {REQUESTEE_FIRST_NAME} {REQUESTEE_LAST_NAME}.', 1, '2025-02-04 23:16:53', '2025-02-04 23:16:53'),
(52, 'system', 'leave_request_status_updation', 'Status Updation of a Leave Request', 'Leave Request ID:#{ID} Status Updated From {OLD_STATUS} To {NEW_STATUS}.', 1, '2025-02-04 23:17:07', '2025-02-04 23:17:07'),
(53, 'system', 'team_member_on_leave_alert', 'Team Member on Leave', '{REQUESTEE_FIRST_NAME} {REQUESTEE_LAST_NAME} will be on {TYPE} leave from {FROM} to {TO}.', 1, '2025-02-04 23:17:28', '2025-02-04 23:17:28'),
(54, 'system', 'birthday_wish', 'Birthday', 'Hello {FIRST_NAME} {LAST_NAME}, {COMPANY_TITLE} wishes you a very Happy Birthday!', 1, '2025-02-04 23:18:41', '2025-02-04 23:24:02'),
(55, 'system', 'work_anniversary_wish', 'Work Anniversary', 'Hello {FIRST_NAME} {LAST_NAME}, {COMPANY_TITLE} wishes you a very happy work anniversary!', 1, '2025-02-04 23:24:14', '2025-02-04 23:24:14'),
(56, 'push', 'project_assignment', 'Project Assignment', '{ASSIGNEE_FIRST_NAME} {ASSIGNEE_LAST_NAME} assigned you new project: {PROJECT_TITLE}, ID:#{PROJECT_ID}.', 1, '2025-02-04 23:24:31', '2025-02-04 23:24:31'),
(57, 'push', 'project_status_updation', 'Project Status Updation', '{UPDATER_FIRST_NAME} {UPDATER_LAST_NAME} has updated the status of project {PROJECT_TITLE}, ID:#{PROJECT_ID}, from {OLD_STATUS} to {NEW_STATUS}.', 1, '2025-02-04 23:24:58', '2025-02-04 23:24:58'),
(58, 'push', 'task_assignment', 'Task Assignment', '{ASSIGNEE_FIRST_NAME} {ASSIGNEE_LAST_NAME} assigned you new task: {TASK_TITLE}, ID:#{TASK_ID}.', 1, '2025-02-04 23:27:38', '2025-02-04 23:27:38'),
(59, 'push', 'task_status_updation', 'Task Status Updation', '{UPDATER_FIRST_NAME} {UPDATER_LAST_NAME} has updated the status of task {TASK_TITLE}, ID:#{TASK_ID}, from {OLD_STATUS} to {NEW_STATUS}.', 1, '2025-02-04 23:27:55', '2025-02-04 23:27:55');
INSERT INTO `templates` (`id`, `type`, `name`, `subject`, `content`, `status`, `created_at`, `updated_at`) VALUES
(60, 'push', 'task_reminder', 'Task Remider', 'You have a task reminder for Task #{TASK_ID} - \"{TASK_TITLE}\".', 1, '2025-02-04 23:28:13', '2025-02-04 23:28:13'),
(61, 'push', 'recurring_task', 'Recuring Task', 'The recurring task #{TASK_ID} - \"{TASK_TITLE}\" has been executed.', 1, '2025-02-04 23:28:24', '2025-02-04 23:28:24'),
(62, 'push', 'workspace_assignment', 'WorkSpace Assignment', '{ASSIGNEE_FIRST_NAME} {ASSIGNEE_LAST_NAME} added you in a new workspace {WORKSPACE_TITLE}, ID:#{WORKSPACE_ID}.', 1, '2025-02-04 23:28:40', '2025-02-04 23:28:40'),
(63, 'push', 'meeting_assignment', 'Meeting Assignment', '{ASSIGNEE_FIRST_NAME} {ASSIGNEE_LAST_NAME} added you in a new meeting {MEETING_TITLE}, ID:#{MEETING_ID}.', 1, '2025-02-04 23:28:55', '2025-02-04 23:28:55'),
(64, 'push', 'leave_request_creation', 'Leave Request', 'New Leave Request ID:#{ID} Has Been Created By {REQUESTEE_FIRST_NAME} {REQUESTEE_LAST_NAME}.', 1, '2025-02-04 23:29:14', '2025-02-04 23:29:14'),
(65, 'push', 'leave_request_status_updation', 'Status Updation', 'Leave Request ID:#{ID} Status Updated From {OLD_STATUS} To {NEW_STATUS}.', 1, '2025-02-04 23:29:28', '2025-02-04 23:29:28'),
(66, 'push', 'team_member_on_leave_alert', 'Team Member on Leave', '{REQUESTEE_FIRST_NAME} {REQUESTEE_LAST_NAME} will be on {TYPE} leave from {FROM} to {TO}.', 1, '2025-02-04 23:29:45', '2025-02-04 23:29:45'),
(67, 'push', 'birthday_wish', 'Birthday', 'Hello {FIRST_NAME} {LAST_NAME}, {COMPANY_TITLE} wishes you a very Happy Birthday!', 1, '2025-02-04 23:29:55', '2025-02-04 23:29:55'),
(68, 'push', 'work_anniversary_wish', 'Work Anniversary', 'Hello {FIRST_NAME} {LAST_NAME}, {COMPANY_TITLE} wishes you a very happy work anniversary!', 1, '2025-02-04 23:30:07', '2025-02-04 23:30:07'),
(69, 'slack', 'project_assignment', NULL, '*New Project Assigned:* {PROJECT_TITLE}, ID: #{PROJECT_ID}. By {ASSIGNEE_FIRST_NAME} {ASSIGNEE_LAST_NAME} You can find the project here :{PROJECT_URL}', 1, '2025-02-04 23:30:17', '2025-02-04 23:30:17'),
(70, 'slack', 'project_status_updation', NULL, '*Project Status Updated:* By {UPDATER_FIRST_NAME} {UPDATER_LAST_NAME} , {PROJECT_TITLE}, ID: #{PROJECT_ID}. Status changed from `{OLD_STATUS}` to `{NEW_STATUS}`. You can find the project here :{PROJECT_URL}', 1, '2025-02-04 23:30:22', '2025-02-04 23:30:22'),
(71, 'slack', 'task_assignment', NULL, '*New Task Assigned:* {TASK_TITLE}, ID: #{TASK_ID}. By {ASSIGNEE_FIRST_NAME} {ASSIGNEE_LAST_NAME} You can find the task here : {TASK_URL}', 1, '2025-02-04 23:30:27', '2025-02-04 23:30:27'),
(72, 'slack', 'task_status_updation', NULL, '*Task Status Updated:* By {UPDATER_FIRST_NAME} {UPDATER_LAST_NAME},  {TASK_TITLE}, ID: #{TASK_ID}. Status changed from `{OLD_STATUS}` to `{NEW_STATUS}`. You can find the Task here : {TASK_URL}', 1, '2025-02-04 23:30:31', '2025-02-04 23:30:31'),
(73, 'slack', 'task_reminder', NULL, 'You have a task reminder for Task #{TASK_ID} - \"{TASK_TITLE}\". You can view the task here: {TASK_URL}.', 1, '2025-02-04 23:30:36', '2025-02-04 23:30:36'),
(74, 'slack', 'workspace_assignment', NULL, '*New Workspace Added:* By {ASSIGNEE_FIRST_NAME} {ASSIGNEE_LAST_NAME},   {WORKSPACE_TITLE}, ID: #{WORKSPACE_ID}. You can find the Workspace here : {WORKSPACE_URL}', 1, '2025-02-04 23:30:44', '2025-02-04 23:30:44'),
(75, 'slack', 'meeting_assignment', NULL, '*New Meeting Scheduled:* By {ASSIGNEE_FIRST_NAME} {ASSIGNEE_LAST_NAME},  {MEETING_TITLE}, ID: #{MEETING_ID}. You can find the Meeting here : {MEETING_URL}', 1, '2025-02-04 23:30:50', '2025-02-04 23:30:50'),
(76, 'slack', 'leave_request_creation', NULL, '*New {TYPE} Leave Request Created:* ID: #{ID} By {REQUESTEE_FIRST_NAME} {REQUESTEE_LAST_NAME} for {REASON}.  From ( {FROM} ) -  To ( {TO} ).', 1, '2025-02-04 23:30:56', '2025-02-04 23:30:56'),
(77, 'slack', 'leave_request_status_updation', NULL, '*Leave Request Status Updated:* For {REQUESTEE_FIRST_NAME} {REQUESTEE_LAST_NAME},  ID: #{ID}. Status changed from `{OLD_STATUS}` to `{NEW_STATUS}`.', 1, '2025-02-04 23:31:02', '2025-02-04 23:31:02'),
(78, 'slack', 'team_member_on_leave_alert', NULL, '*Team Member Leave Alert:* {REQUESTEE_FIRST_NAME} {REQUESTEE_LAST_NAME} will be on {TYPE} leave from {FROM} to {TO}.', 1, '2025-02-04 23:31:07', '2025-02-04 23:31:07'),
(79, 'slack', 'birthday_wish', NULL, 'Hello *{FIRST_NAME} {LAST_NAME}*, {COMPANY_TITLE} wishes you a very Happy Birthday!', 1, '2025-02-04 23:31:12', '2025-02-04 23:31:12'),
(80, 'slack', 'work_anniversary_wish', NULL, 'Hello *{FIRST_NAME} {LAST_NAME}*, {COMPANY_TITLE} wishes you a very happy work anniversary!', 1, '2025-02-04 23:31:17', '2025-02-04 23:31:17');

-- --------------------------------------------------------

--
-- Table structure for table `time_trackers`
--

CREATE TABLE `time_trackers` (
  `id` bigint UNSIGNED NOT NULL,
  `workspace_id` bigint UNSIGNED NOT NULL,
  `user_id` bigint UNSIGNED NOT NULL,
  `start_date_time` datetime NOT NULL,
  `end_date_time` datetime DEFAULT NULL,
  `message` text CHARACTER SET utf8mb4 COLLATE utf8mb4_unicode_ci,
  `created_at` timestamp NOT NULL DEFAULT CURRENT_TIMESTAMP,
  `updated_at` timestamp NOT NULL DEFAULT CURRENT_TIMESTAMP ON UPDATE CURRENT_TIMESTAMP
) ENGINE=InnoDB DEFAULT CHARSET=utf8mb4 COLLATE=utf8mb4_unicode_ci;

-- --------------------------------------------------------

--
-- Table structure for table `todos`
--

CREATE TABLE `todos` (
  `id` bigint UNSIGNED NOT NULL,
  `workspace_id` bigint UNSIGNED NOT NULL,
  `title` varchar(255) CHARACTER SET utf8mb4 COLLATE utf8mb4_unicode_ci NOT NULL,
  `description` text CHARACTER SET utf8mb4 COLLATE utf8mb4_unicode_ci,
  `priority` varchar(255) CHARACTER SET utf8mb4 COLLATE utf8mb4_unicode_ci NOT NULL,
  `is_completed` tinyint(1) NOT NULL DEFAULT '0',
  `creator_id` bigint UNSIGNED NOT NULL,
  `creator_type` varchar(255) CHARACTER SET utf8mb4 COLLATE utf8mb4_unicode_ci NOT NULL,
  `created_at` timestamp NULL DEFAULT NULL,
  `updated_at` timestamp NULL DEFAULT NULL
) ENGINE=InnoDB DEFAULT CHARSET=utf8mb4 COLLATE=utf8mb4_unicode_ci;

--
-- Dumping data for table `todos`
--

INSERT INTO `todos` (`id`, `workspace_id`, `title`, `description`, `priority`, `is_completed`, `creator_id`, `creator_type`, `created_at`, `updated_at`) VALUES
(1, 1, 'Project Oversight', '-> View all active projects and their statuses .', 'medium', 0, 1, 'App\\Models\\User', '2025-02-04 00:53:35', '2025-02-04 00:56:19'),
(2, 1, 'Check Notifications', '->Set up notifications for overdue tasks, project updates, and user activity.', 'medium', 0, 1, 'App\\Models\\User', '2025-02-04 00:54:46', '2025-02-04 00:54:46'),
(3, 1, 'Task Oversight', 'Assign tasks to users or members needed.', 'high', 0, 1, 'App\\Models\\User', '2025-02-04 00:57:19', '2025-02-04 00:57:19'),
(4, 1, 'Role Management', 'Assign and modify user roles as per needed.', 'medium', 0, 1, 'App\\Models\\User', '2025-02-04 00:58:22', '2025-02-04 00:58:22'),
(5, 1, 'Team Communication and Meetings', 'Schedule weekly team meetings to discuss progress and address concerns.', 'low', 0, 1, 'App\\Models\\User', '2025-02-07 22:02:38', '2025-02-07 22:02:38'),
(6, 1, 'System Cleanup', 'Archive or delete completed projects to free up system space.', 'medium', 0, 1, 'App\\Models\\User', '2025-02-07 22:03:04', '2025-02-07 22:03:04'),
(7, 1, 'Feedback and Improvement', 'Collect feedback from team members on system usability and workflows.', 'low', 0, 1, 'App\\Models\\User', '2025-02-07 22:03:42', '2025-02-07 22:04:17'),
(8, 1, 'Client Relationship Management', 'Send periodic updates to clients about ongoing projects.', 'high', 0, 1, 'App\\Models\\User', '2025-02-07 22:04:33', '2025-02-07 22:04:33'),
(9, 1, 'System Maintenance and Updates', 'Regularly check for software updates and apply patches.', 'medium', 0, 1, 'App\\Models\\User', '2025-02-07 22:05:38', '2025-02-07 22:05:38'),
(10, 1, 'Onboarding New Team Members', 'Add new users to the system and assign appropriate permissions.', 'medium', 0, 1, 'App\\Models\\User', '2025-02-07 22:07:23', '2025-02-07 22:07:23'),
(11, 1, 'Employee Recognition and Rewards', 'Highlight outstanding team or individual performance within the system.', 'low', 0, 1, 'App\\Models\\User', '2025-02-07 22:07:51', '2025-02-07 22:07:51'),
(12, 3, 'System Maintenance', 'Backup Data: Schedule regular backups of all tasks, projects, and user data.\r\nUpdate Software: Ensure the system software and any plugins are up to date.\r\nMonitor Performance: Check system load times and troubleshoot any issues.\r\nSecurity Audit: Review system security to protect data and prevent unauthorized access.', 'low', 0, 1, 'App\\Models\\User', '2025-02-10 21:39:38', '2025-02-10 21:39:38'),
(13, 3, 'User Management', 'Onboard New Users: Set up accounts, assign roles, and provide training.\r\nUser Access Review: Periodically review and update user permissions.\r\nResolve User Issues: Address any reported bugs or difficulties faced by users.\r\nSend Notifications: Inform users about updates, features, or maintenance schedules.', 'medium', 0, 1, 'App\\Models\\User', '2025-02-10 21:40:06', '2025-02-10 21:40:06'),
(14, 3, 'Task and Workflow Optimization', 'Review Overdue Tasks: Identify overdue tasks and notify responsible users.\r\nArchive Completed Projects: Organize and archive completed projects for easy reference.\r\nAutomate Repetitive Tasks: Set up automation for reminders, task assignments, and recurring activities.\r\nRefine Templates: Update templates for common tasks or projects to improve efficiency.', 'high', 0, 1, 'App\\Models\\User', '2025-02-10 21:40:26', '2025-02-10 21:40:26'),
(15, 3, 'Reporting and Insights', 'Generate Reports: Provide analytics on task completion, user productivity, and project progress.', 'medium', 0, 1, 'App\\Models\\User', '2025-02-10 21:40:42', '2025-02-10 21:40:42');

-- --------------------------------------------------------

--
-- Table structure for table `units`
--

CREATE TABLE `units` (
  `id` bigint UNSIGNED NOT NULL,
  `workspace_id` bigint UNSIGNED NOT NULL,
  `title` varchar(255) CHARACTER SET utf8mb4 COLLATE utf8mb4_unicode_ci NOT NULL,
  `description` text CHARACTER SET utf8mb4 COLLATE utf8mb4_unicode_ci,
  `created_at` timestamp NULL DEFAULT NULL,
  `updated_at` timestamp NULL DEFAULT NULL
) ENGINE=InnoDB DEFAULT CHARSET=utf8mb4 COLLATE=utf8mb4_unicode_ci;

--
-- Dumping data for table `units`
--

INSERT INTO `units` (`id`, `workspace_id`, `title`, `description`, `created_at`, `updated_at`) VALUES
(1, 1, 'Page', 'For Page Development', '2025-02-04 03:44:40', '2025-02-04 03:44:40'),
(2, 1, 'Server', 'Server Setup', '2025-02-04 03:52:46', '2025-02-04 03:52:46'),
(3, 1, 'Plugin', 'For Software Plug-in', '2025-02-04 03:53:24', '2025-02-04 03:53:24'),
(4, 1, 'Complete Product', 'This is For Completion of Whole Product.', '2025-02-04 05:00:15', '2025-02-04 05:00:15'),
(5, 1, 'Feature Addon', 'This is Feature Addon in Exsting Product.', '2025-02-04 22:47:00', '2025-02-04 22:47:00'),
(6, 2, 'Plug-In', 'Plugin Developmnet', '2025-02-05 01:40:44', '2025-02-05 01:40:44'),
(7, 2, 'Website Development', 'This is for website development', '2025-02-05 01:45:13', '2025-02-05 01:45:13'),
(8, 1, 'Construction', 'For Construction Items.', '2025-02-08 00:41:23', '2025-02-08 00:41:23'),
(9, 3, '24-Hour', 'This is 24 Hour', '2025-02-10 21:43:11', '2025-02-10 21:43:11'),
(10, 3, 'Hour', 'For 1 hour', '2025-02-10 21:43:32', '2025-02-10 21:43:32');

-- --------------------------------------------------------

--
-- Table structure for table `updates`
--

CREATE TABLE `updates` (
  `id` bigint UNSIGNED NOT NULL,
  `version` varchar(255) CHARACTER SET utf8mb4 COLLATE utf8mb4_unicode_ci NOT NULL,
  `created_at` timestamp NULL DEFAULT NULL,
  `updated_at` timestamp NULL DEFAULT NULL
) ENGINE=InnoDB DEFAULT CHARSET=utf8mb4 COLLATE=utf8mb4_unicode_ci;

--
-- Dumping data for table `updates`
--

INSERT INTO `updates` (`id`, `version`, `created_at`, `updated_at`) VALUES
(1, '1.0.0', '2023-10-03 06:26:04', '2023-10-03 06:26:04'),
(2, '1.0.1', '2023-10-30 05:35:10', '2023-10-30 05:35:10'),
(3, '1.0.2', '2024-01-27 04:21:48', '2024-01-27 04:21:53'),
(4, '1.0.3', '2024-01-27 04:22:09', '2024-01-27 04:22:16'),
(5, '1.0.4', '2024-03-01 12:53:15', '2024-03-01 12:53:15'),
(6, '1.0.5', '2024-04-04 17:59:02', '2024-04-04 17:59:02'),
(7, '1.0.6', '2024-04-25 16:16:21', '2024-04-25 16:16:21'),
(8, '1.0.7', '2024-05-07 14:52:04', '2024-05-07 14:52:04'),
(9, '1.0.8', '2024-05-30 08:06:35', '2024-05-30 08:06:35'),
(10, '1.0.9', '2024-06-27 12:10:06', '2024-06-27 12:10:06'),
(11, '1.0.10', '2024-07-10 12:05:41', '2024-07-10 12:05:41'),
(12, '1.1.0', '2024-09-17 18:27:48', '2024-09-17 18:27:48'),
(13, '1.1.1', '2024-10-26 17:26:45', '2024-10-26 17:26:45'),
(14, '1.1.2', '2024-12-20 19:36:16', '2024-12-20 19:36:16'),
(15, '1.1.3', '2025-01-28 19:36:16', '2025-01-28 19:36:16');

-- --------------------------------------------------------

--
-- Table structure for table `users`
--

CREATE TABLE `users` (
  `id` bigint UNSIGNED NOT NULL,
  `first_name` varchar(255) CHARACTER SET utf8mb4 COLLATE utf8mb4_unicode_ci NOT NULL,
  `last_name` varchar(255) CHARACTER SET utf8mb4 COLLATE utf8mb4_unicode_ci NOT NULL,
  `country_code` varchar(28) CHARACTER SET utf8mb4 COLLATE utf8mb4_unicode_ci DEFAULT NULL,
  `country_iso_code` varchar(28) CHARACTER SET utf8mb4 COLLATE utf8mb4_unicode_ci DEFAULT NULL,
  `phone` varchar(56) CHARACTER SET utf8mb4 COLLATE utf8mb4_unicode_ci DEFAULT NULL,
  `email` varchar(191) CHARACTER SET utf8mb4 COLLATE utf8mb4_unicode_ci NOT NULL,
  `address` varchar(255) CHARACTER SET utf8mb4 COLLATE utf8mb4_unicode_ci DEFAULT NULL,
  `city` varchar(255) CHARACTER SET utf8mb4 COLLATE utf8mb4_unicode_ci DEFAULT NULL,
  `state` varchar(255) CHARACTER SET utf8mb4 COLLATE utf8mb4_unicode_ci DEFAULT NULL,
  `country` varchar(255) CHARACTER SET utf8mb4 COLLATE utf8mb4_unicode_ci DEFAULT NULL,
  `zip` varchar(56) CHARACTER SET utf8mb4 COLLATE utf8mb4_unicode_ci DEFAULT NULL,
  `password` varchar(255) CHARACTER SET utf8mb4 COLLATE utf8mb4_unicode_ci NOT NULL,
  `dob` date DEFAULT NULL,
  `doj` date DEFAULT NULL,
  `photo` varchar(255) CHARACTER SET utf8mb4 COLLATE utf8mb4_unicode_ci DEFAULT NULL,
  `avatar` varchar(255) CHARACTER SET utf8mb4 COLLATE utf8mb4_unicode_ci NOT NULL DEFAULT 'avatar.png',
  `active_status` tinyint(1) NOT NULL DEFAULT '0' COMMENT 'For chatify messenger',
  `dark_mode` tinyint(1) NOT NULL DEFAULT '0',
  `messenger_color` varchar(255) CHARACTER SET utf8mb4 COLLATE utf8mb4_unicode_ci DEFAULT NULL,
  `lang` varchar(28) CHARACTER SET utf8mb4 COLLATE utf8mb4_unicode_ci NOT NULL DEFAULT 'en',
  `remember_token` text CHARACTER SET utf8mb4 COLLATE utf8mb4_unicode_ci,
  `email_verified_at` timestamp NULL DEFAULT NULL,
  `default_workspace_id` bigint DEFAULT NULL,
  `created_at` timestamp NULL DEFAULT NULL,
  `updated_at` timestamp NULL DEFAULT NULL,
  `status` tinyint NOT NULL DEFAULT '0'
) ENGINE=InnoDB DEFAULT CHARSET=utf8mb4 COLLATE=utf8mb4_unicode_ci;

--
-- Dumping data for table `users`
--

INSERT INTO `users` (`id`, `first_name`, `last_name`, `country_code`, `country_iso_code`, `phone`, `email`, `address`, `city`, `state`, `country`, `zip`, `password`, `dob`, `doj`, `photo`, `avatar`, `active_status`, `dark_mode`, `messenger_color`, `lang`, `remember_token`, `email_verified_at`, `default_workspace_id`, `created_at`, `updated_at`, `status`) VALUES
(1, 'Sarah', 'Adams', '+1', 'us', '898-098-5717', 'admin@gmail.com', '42 yamuna', 'New York City', 'New York', 'United States', '10001', '$2y$10$nvX3Y6cek3E.jdcZ/nw8UuFDXSjzgg7jiJgWpVsOjl9tyfdJ3RYdm', '1999-02-17', '2018-02-08', 'photos/PPQX1pvC1kmeIHZTp1YARjvDR2rAqUxFjWr8ndfW.jpg', 'avatar.png', 0, 0, NULL, 'en', NULL, '2025-02-03 03:37:27', 1, '2025-02-03 03:37:39', '2025-02-10 23:45:36', 1),
(2, 'Ethan', 'Parker', '+1', 'us', '569-887-4155', 'ethan.parker@gmail.com', '7859 Champion Court', 'Florida', 'Florida', 'United States', '33410', '$2y$10$z4zX4gVkhzPsT/HZCC4UL.ccmhn4Eh5Y01P934bxIIKvX9ZpXeyRW', '1999-02-17', '2024-01-31', 'photos/agEaxdIu34Y6AOT8kXArFaN2Wg1mMjKCK8oYvfuk.jpg', 'avatar.png', 0, 0, NULL, 'en', NULL, '2025-02-03 04:37:06', NULL, '2025-02-02 23:07:06', '2025-02-03 02:00:19', 1),
(3, 'Ava', 'Raine', '+1', 'us', '324-234-234', 'ava.raine@gmail.com', '123 Innovation Street', 'San Francisco', 'California', 'United States', '94105', '$2y$10$RScUQ7CaymhAqhLzCLzdneqfPQgYkkFfHwb5mFN55uB2WDXZe5etK', '2022-02-10', '2024-02-07', 'photos/BVOehYB2vU6Rb9BQvcKZYyaohpYjm3QONZGmmSX1.png', 'avatar.png', 0, 0, NULL, 'en', NULL, '2025-02-03 04:39:57', NULL, '2025-02-02 23:09:57', '2025-02-03 02:00:00', 1),
(4, 'Carson', 'Rowland', '+1', 'us', '251-389-3544', 'carson.rowland@gmail.com', '42 yamuna street', 'New York City', 'New York', 'United States', '10001', '$2y$10$xJ00G2/U8ye6h8PPev.y4ukXiipi1wxdIJ8kI09wRnJpWXxHiLoiu', '1995-02-22', '2023-02-09', 'photos/RrZEUaWAToFUS1foVvS9kesW6sRg4RpvpfQovn0F.jpg', 'avatar.png', 0, 0, NULL, 'en', NULL, '2025-02-03 07:00:00', NULL, '2025-02-03 01:30:00', '2025-02-08 01:41:27', 1),
(5, 'Frank', 'Carpanter', '+1', 'us', '251-588-3544', 'frank.carpanter@gmail.com', '188 Grand St, New York, NY 10013, USA', 'New York City', 'New York', 'United States', '10001', '$2y$10$spckhbQDDoQR1zfMxEnt/uSZ/QuG8tWo0CKoxV4OkEDTr0YHeI0Xq', '2001-02-09', '2023-02-17', 'photos/OAEphnlBFeLVbQNJtBoVoBbrhxfEvsuLIBPOjIFV.jpg', 'avatar.png', 0, 0, NULL, 'en', NULL, '2025-02-04 03:36:00', NULL, '2025-02-03 22:06:00', '2025-02-08 01:48:16', 1),
(6, 'Jennifer', 'Dewalt', '+1', 'us', '255-416-6947', 'jennifer.dewalt@gmail.com', '1930 Vassar St Glendale, CA 91204, USA', 'Los Angeles', 'California', 'United States', '91204', '$2y$10$KCsKUNU7gvQ/zcI0/GdT/uHm0cG8Uq4HQ8L6Z7.rV.kZP3lsCWwSu', '1998-02-12', '2022-02-16', 'photos/9Qo3AZaBSyw9qjXhZ9qdiZk9TBOr0UX2Q2LG5JuQ.jpg', 'avatar.png', 0, 0, NULL, 'en', NULL, '2025-02-04 05:23:13', NULL, '2025-02-03 23:53:13', '2025-02-08 01:50:32', 1),
(7, 'Karen', 'Lynch', '+1', 'us', '597-944-1188', 'member@gmail.com', '1852 Putnam Ave Ridgewood, NY 11385, USA', 'New York City', 'New York', 'United States', '11385', '$2y$10$BNEs7yYWG9uJ.EbA1zNJTuI2/zp8.W3JB0uJQ9fzT4nyEUnERowqG', '1989-01-31', '2024-01-30', 'photos/u9TCZ7zeNfDhuvUHGDHeLpa0lwe0buMVLyL9PVgU.png', 'avatar.png', 0, 0, NULL, 'en', NULL, '2025-02-04 05:32:12', NULL, '2025-02-04 00:02:12', '2025-02-05 04:32:26', 1),
(8, 'Mark', 'Davis', '+1', 'us', '547-749-8998', 'mark.davis@gmail.com', '56 Yamuna Street', 'New York City', 'New York', 'United States', '10001', '$2y$10$5ZSvahUnPj2ro7ihiYGm.ej9BftvEkzmT1VpjEtbzQQSDv21ZIIPm', '1999-09-06', '2021-02-17', 'photos/TX9tZ5TFJ6MD0Ot8dKff0bPQEgtLroQ8wvvdRPfm.png', 'avatar.png', 0, 0, NULL, 'en', NULL, '2025-02-04 06:02:13', NULL, '2025-02-04 00:32:13', '2025-02-08 01:58:43', 1),
(9, 'Alex', 'Miller', '+1', 'us', '884-419-5447', 'alex.miller@gmail.com', '900 Willoughby Ave, Brooklyn, NY 11221, USA', 'New York City', 'New York', 'United States', '10001', '$2y$10$BuN/K3l1AHpA3PPVwY.64uvIb745pI3l20YX7y1ZvexHSQbkmaf5S', '1998-07-21', '2023-02-08', 'photos/w9iw9NSdPQClpnxoWO6wx0yM5x3FWCRkm8IduA36.jpg', 'avatar.png', 0, 0, NULL, 'en', NULL, '2025-02-05 05:17:28', NULL, '2025-02-04 23:47:28', '2025-02-08 02:07:39', 1),
(10, 'john', 'Ravenwood', '+1', 'us', '875-465-4194', 'john.ravenwood@gmail.com', '221 W 77th St, Los Angeles, CA 90003, USA', 'LA', 'California', 'United States', '90003', '$2y$10$RVByyd9i8ffHmzrbJk54ie1lcYdbz2uUNtGjMM/qg6tvSD2wCLbC2', '1997-02-05', '2022-02-09', 'photos/JZNZkX0wxYxMDP2XSMf2GhGftlhJtRvkR1pF4CbE.webp', 'avatar.png', 0, 0, NULL, 'en', NULL, '2025-02-05 05:37:05', NULL, '2025-02-05 00:07:05', '2025-02-05 00:07:05', 1),
(11, 'Robert D.', 'Moser Jr.', '+1', 'us', '244-544-7485', 'robert@gmail.com', '8129 Occidental Ave S, Seattle, WA 98108, United States', 'Seattle', 'Washington', 'United States', '98108', '$2y$10$/VJ6fSgxrvA4U0xVZUoK5OJUbJZBlvMMq55HcxH7e4nymnuSpye1W', '1972-02-11', '2022-02-18', 'photos/08pd7NbuWEyQO97DGB830C4jINlDCRAbemPKi1Mq.png', 'avatar.png', 0, 0, NULL, 'en', NULL, '2025-02-06 05:51:43', NULL, '2025-02-06 00:21:43', '2025-02-06 00:21:43', 1),
(12, 'Henery', 'Gross', '+1', 'us', '985-423-1475', 'henery.gross@gmail.com', '700 5th Ave, Suite 2000, Seattle, WA, 98104.', 'Seattle', 'Washington', 'United States', '98104', '$2y$10$uOziHXE2T.EjxX6Yv2U6E.AkwJ163b5LAz/jFZi4y6iWJswM676i.', '1996-02-14', '2024-02-07', 'photos/wdA0HYXu4XM2P3wtHB8y6KjI9OniGF4AvwBXAJic.png', 'avatar.png', 0, 0, NULL, 'en', NULL, '2025-02-06 06:05:29', NULL, '2025-02-06 00:35:29', '2025-02-06 00:35:29', 1),
(13, 'Norma', 'Merrick', '+1', 'us', '786-559-4625', 'norma.merrick@gmail.com', '8129 Occidental Ave S, Seattle, WA 98108, USA', 'Seattle', 'Washington', 'United States', '98108', '$2y$10$wcUHlboBM7irkYMNVPl0jONqSHYCARfQh0T6vVm/3XIn0T2igX1gG', '1994-02-10', '2023-02-16', 'photos/EKPhMozXV2X839ukw7CWuKRMLLNMSxeOOKTwuxN0.png', 'avatar.png', 0, 0, NULL, 'en', NULL, '2025-02-06 06:11:38', NULL, '2025-02-06 00:40:11', '2025-02-06 00:40:11', 1),
(14, 'Natalia', 'Mars', '+1', 'us', '798-741-2358', 'natalia@gmail.com', '190 Queen Anne Avenue ,Seattle, WA  98109', 'Seattle', 'Washington', 'United States', '98109', '$2y$10$4HbhOMD2sdrFayk0CSsVgO3HG.k5bteqqvuMRXyp1W7uwVwNnyGUi', '1989-02-08', '1995-02-09', 'photos/xbH0FAwYEwfQwEIsRw1FAEDSaPW6Ao8CwXKrC4lK.png', 'avatar.png', 0, 0, NULL, 'en', NULL, '2025-02-06 06:17:29', NULL, '2025-02-06 00:47:29', '2025-02-06 00:47:29', 1),
(15, 'Eric', 'Nose', '+1', 'us', '952-157-4367', 'eric.nose@gmail.com', '56 Occidental Ave S, Seattle, WA 98108, USA', 'Seattle', 'Washington', 'United States', '98108', '$2y$10$L8e94b6C.mWSierSogFcDer2qkI/7RLmE6nPUiefq11VCKToBPBQm', '1999-02-09', '2022-02-17', 'photos/gF9LSe4lk2MLzrE4DcTYrsAomdBzNaYQPpteBKEe.png', 'avatar.png', 0, 0, NULL, 'en', NULL, '2025-02-06 06:20:48', NULL, '2025-02-06 00:50:48', '2025-02-06 00:50:48', 1),
(16, 'Scott', 'Hamington', '+1', 'us', '786-457-9874', 'scott.hamington@gmail.com', '3601 CONNECTICUT AVE NW APT 800 WASHINGTON DC 20008 USA', 'Washington DC', 'Washington', 'United States', '20008', '$2y$10$D.gBFNkFvNsRKq.KG7qdDegwxAWQ7EOHYUSIgwG.rzNqQUSDl5zdO', '1999-02-11', '2023-02-16', 'photos/vJoFmhjMMPhsv5NrOr7VcpuA04yAH2EcUot0BgHW.png', 'avatar.png', 0, 0, NULL, 'en', NULL, '2025-02-06 10:11:28', NULL, '2025-02-06 04:41:28', '2025-02-06 04:41:28', 1),
(17, 'Lonnie', 'Sins', '+1', 'us', '465-968-7798', 'lonnie.sins@gmail.com', '1251 172nd St E Spanaway, Washington(WA), 98387', 'Washington DC', 'Washington', 'United States', '98387', '$2y$10$mO/nSmZ/zjALReJkL.QU2.lBkf75tYY2y5E.YqzMCW/nTTDaVrcrC', '1999-02-25', '2023-02-15', 'photos/t19YdD8OT5nTjxeVR4bdGyBFbBFZeGOHJhCBPiJk.png', 'avatar.png', 0, 0, NULL, 'en', NULL, '2025-02-06 10:40:21', NULL, '2025-02-06 05:10:21', '2025-02-06 05:10:21', 1),
(18, 'Feju bhai', 'Khalifa', '+1', 'us', '456-798-6785', 'fejuBhai@gmail.com', '6216 70th Avenue Ct W University Place, Washington(WA), 98467', 'Washington DC', 'Washington', 'United States', '98467', '$2y$10$CA2EL9xqrWa9L7kjPtnNV.rJeP8vLXRfL8CJI8mTEnqwyo.t5YnYy', '2010-05-13', '2023-02-16', 'photos/BTAGvvwpziHtRGOm4uYeYzvr15BtjtQQWKilNUMH.png', 'avatar.png', 0, 0, NULL, 'en', NULL, '2025-02-06 11:06:22', NULL, '2025-02-06 05:36:22', '2025-02-06 05:36:22', 1),
(19, 'Ivanka', 'Smith', '+1', 'us', '645-679-7956', 'ivanaka.smith@gmail.com', '1251 172nd St E Spanaway, Washington(WA), 98387', 'Washington DC', 'Washington', 'United States', '98387', '$2y$10$n0TiJ7ZRC637hlwx65.dDevphPQlJ0BB/41TauK3xwW6RuwvwojXC', '2003-02-06', '2023-02-16', 'photos/CUvPizWbgtAVMTnC5fvoHbuHRQhhLVafJWEiSSsQ.png', 'avatar.png', 0, 0, NULL, 'en', NULL, '2025-02-06 11:19:18', NULL, '2025-02-06 05:49:18', '2025-02-06 05:49:18', 1),
(20, 'Lucas', 'Brown', '+1', 'us', '479-815-5467', 'lucas.brown@gmail.com', '317 Commercial Ave Anacortes, Washington(WA), 98221', 'Washington DC', 'Washington', 'United States', '98221', '$2y$10$h8qFlnYDU4CJwy52fXjS4eDSJv5DSxBvILH1l4Rbsg976rHYK09d.', '1987-10-22', '2021-02-16', 'photos/Z7iq0rsNdN7VbY5vXuKRMPZSNUPeyeRZTAppEd04.png', 'avatar.png', 0, 0, NULL, 'en', NULL, '2025-02-06 11:27:03', NULL, '2025-02-06 05:57:03', '2025-02-08 02:46:52', 1),
(29, 'Amy', 'jones', '+1', 'us', '458-748-9717', 'amy.jones@gmail.com', '42 yamuna', 'newyork', 'New York', 'United States', '10001', '$2y$10$miAFVtCbpJE0nvjvWRCC4.ps7xx/7ZqsI4jV4jf4qZOY8w3aQ8v06', '2011-02-10', '2010-02-04', 'photos/Spo2aGbNim3g0USFMFYGTErDDQTtwlQrV5WkOYNu.png', 'avatar.png', 0, 0, NULL, 'en', NULL, '2025-02-07 05:55:51', NULL, '2025-02-07 00:25:51', '2025-02-08 03:02:06', 1),
(30, 'Melissa', 'Green', '+1', 'us', '797-843-5987', 'melissa.green@gmail.com', '8924 Redwood Dr. New York, NY 10128', 'New York City', 'New York', 'United States', '10128', '$2y$10$cnjMFue3glS2UVeN2cjtlO1YyiM.wwKsGeQPGUJAZ.P7V7QzyWU3i', '1997-12-04', '2022-02-09', 'photos/1lcVWSF3NDn269UcH8KzYEqxvzaV5h9deN4OQIG0.png', 'avatar.png', 0, 0, NULL, 'en', NULL, '2025-02-07 06:01:39', NULL, '2025-02-07 00:31:39', '2025-02-07 00:31:39', 1),
(31, 'Tim', 'Wilson', '+1', 'us', '789-564-6452', 'tim.wilson@gmail.com', '757 Tanglewood Street Buffalo, NY 14221', 'New York City', 'New York', 'United States', '14221', '$2y$10$rHG0ApOXgYsQZhBnm1OIqO.XjlllVCg2xB3hx9TLN.vyok9SoxGY6', '1996-02-15', '2023-06-15', 'photos/2VrF0nzu9QGwYfEcfM2KC2hlwK0kbkzOv9fc7XcC.png', 'avatar.png', 0, 0, NULL, 'en', NULL, '2025-02-07 06:04:20', NULL, '2025-02-07 00:34:20', '2025-02-07 00:34:20', 1),
(32, 'Michael', 'Harper', '+1', 'us', '487-798-7447', 'michael.harper@gmail.com', '123 Lexington Avenue, Apt 4B, New York, NY 10016', 'New York City', 'NY', 'United States', '10001', '$2y$10$n1i5GH3kiMkmTnttNs8rMuGymVUC5EvU7I6twyll81vYbAEsTsCNu', '1999-02-25', '2022-02-09', 'photos/0tLLJ7Mmog9Pbi73xcBi58JxKvPaihAGJKRTTRw5.jpg', 'avatar.png', 0, 0, NULL, 'en', NULL, '2025-02-10 03:04:37', NULL, '2025-02-09 21:34:37', '2025-02-09 22:01:48', 1),
(33, 'Jessica', 'Taylor', '+1', 'us', '875-684-7952', 'jessica.taylor@gmail.com', '89 Riverside Drive, Suite 301, New York, NY 10024', 'New York City', 'NY', 'United States', '10001', '$2y$10$AamQ90IHi/qM3OXPN3qTTOaZmMpBSo2vYwll486bSvHUl2YbXXD2K', NULL, '2022-02-10', 'photos/j7T26emlDGwJzX6NPXJxMpN6Tm90x4wqXc2Z4LGB.jpg', 'avatar.png', 0, 0, NULL, 'en', NULL, '2025-02-10 03:06:08', NULL, '2025-02-09 21:36:08', '2025-02-09 22:02:15', 1),
(34, 'David', 'Mitchell', '+1', 'us', '464-878-7357', 'david.mitchell@gmail.com', '451 West 37th Street, Apt 9C, New York, NY 10018', 'New York City', 'NY', 'United States', '10001', '$2y$10$0ITtAI3NoKm5YU6IrGZ.mOBJuzMzbKXBJlUzNAYTBxWGDVB41y2tG', '1999-02-11', '2023-02-14', 'photos/s9aDPlte54gwO3mQQ1Dme7I7uvucZVmDw9RYoLuB.jpg', 'avatar.png', 0, 0, NULL, 'en', NULL, '2025-02-10 03:09:35', NULL, '2025-02-09 21:39:35', '2025-02-09 22:02:48', 1),
(35, 'Emily', 'Johnson', '+1', 'us', '987-456-9875', 'emily.johnson@gmail.com', '22 East 14th Street, Apt 5A, New York, NY 10003', 'New York City', 'NY', 'United States', '10001', '$2y$10$ySKDiLzq71IK.7uAj4WFlu9aH7jSXkJ54qoa4m3ce4su1DHzrlq2O', '1998-06-25', '2022-07-13', 'photos/Qgui7YHcJmbYIJ5MVZC7VGMCpw53R4lxqbIiMR9L.jpg', 'avatar.png', 0, 0, NULL, 'en', NULL, '2025-02-10 03:11:19', NULL, '2025-02-09 21:41:19', '2025-02-09 22:03:06', 1),
(36, 'Christopher', 'Brooks', '+1', 'us', '877-447-8987', 'christopher.brooks@gmail.com', '771 Broadway, Floor 2, New York, NY 10019', 'New York City', 'NY', 'United States', '10001', '$2y$10$itO4sjvJZaM/fGImHp6Obe5k3wj8H5jzmi62U5zwcQrUPfaSQDM4G', '1998-02-18', '2023-02-23', 'photos/Ieyc3I3IYtUY4gzCtPyCgCBrsb7eaiepOS3xCVB6.jpg', 'avatar.png', 0, 0, NULL, 'en', NULL, '2025-02-10 03:12:47', NULL, '2025-02-09 21:42:47', '2025-02-09 22:04:38', 1),
(37, 'Ashley', 'Morgan', '+1', 'us', '564-897-3216', 'ashley.morgan@gmail.com', '305 East 86th Street, Apt 12D, New York, NY 10128', 'New York City', 'NY', 'United States', '10001', '$2y$10$G6RLtsFWSNoy49LUfSZMHeZPqfTklm0tkHyaOjcZM5JVUjXJkrxNS', '1996-01-31', '2024-02-23', 'photos/3leWDYp6UMkJvs1zRfLurClTtDfFFMM00rzXv1Ue.jpg', 'avatar.png', 0, 0, NULL, 'en', NULL, '2025-02-10 03:14:15', NULL, '2025-02-09 21:44:15', '2025-02-09 22:05:44', 1),
(38, 'Ryan', 'Anderson', '+1', 'us', '788-948-9724', 'ryan.anderson@gmail.com', '720 Greenwich Street, Apt 4C, New York, NY 10014', 'New York City', 'NY', 'United States', '10001', '$2y$10$9J59XUHDBfUTZMEyhDBiyu3SXWIeMK3NOLYjm2WtyLjZk4m9LoKPi', '1997-09-17', '2023-02-22', 'photos/2JjRPxahkZ9qv3FRsjSzdlzZdwaMSVQVkI6UAhEF.jpg', 'avatar.png', 0, 0, NULL, 'en', NULL, '2025-02-10 03:16:58', NULL, '2025-02-09 21:46:58', '2025-02-09 22:06:24', 1),
(39, 'Sophia', 'Carter', '+1', 'us', '856-877-9878', 'sophia.carter@gmail.com', '50 Battery Place, Apt 8F, New York, NY 10280', 'New York City', 'NY', 'United States', '10001', '$2y$10$WdfEnYoVKAEl11Tvwr9DKeu1VlRHqxogGL9ekuuBP1wT3UKOdlGle', '2002-02-07', '2023-02-17', 'photos/RFySGTZnsFyAPRtAff2k9eW92ycsvXgz8yvI8YH1.png', 'avatar.png', 0, 0, NULL, 'en', NULL, '2025-02-10 03:23:13', NULL, '2025-02-09 21:53:13', '2025-02-09 22:06:54', 1),
(40, 'Brandon', 'Scott', '+1', 'us', '547-987-5644', 'brandon.scott@gmail.com', '99 Gold Street, Apt 3B, Brooklyn, NY 11201', 'New York City', 'NY', 'United States', '10001', '$2y$10$U6boqBVjMKWzXNxa.kPrDeL1JzNkjIstUYnr6JEWOz8Ln85jXNKXG', '1999-02-11', '2024-09-19', 'photos/Xsf5aVe55jeFg7SvWhVfmUJftg9ABVhq3MaRZENW.jpg', 'avatar.png', 0, 0, NULL, 'en', NULL, '2025-02-10 03:24:47', NULL, '2025-02-09 21:54:47', '2025-02-09 22:07:23', 1),
(41, 'Madison', 'Reed', '+1', 'us', '789-745-9875', 'madison.reed@gmail.com', '240 East Houston Street, Apt 7E, New York, NY 10002', 'New York City', 'NY', 'United States', '10001', '$2y$10$hTw.4BLM7W22TPDLJCD.sOjNN/PSoK/A4jzDMTTx4miTGmHd.09Gm', '1993-02-25', '2022-02-24', 'photos/beD2sn8WwNXZ0Ga1AljQFN1Z9hjWJpqa8kkQpFuK.jpg', 'avatar.png', 0, 0, NULL, 'en', NULL, '2025-02-10 03:26:28', NULL, '2025-02-09 21:56:28', '2025-02-09 22:07:50', 1);

-- --------------------------------------------------------

--
-- Table structure for table `user_client_preferences`
--

CREATE TABLE `user_client_preferences` (
  `id` bigint UNSIGNED NOT NULL,
  `user_id` varchar(56) CHARACTER SET utf8mb3 COLLATE utf8mb3_unicode_ci NOT NULL,
  `table_name` varchar(255) CHARACTER SET utf8mb3 COLLATE utf8mb3_unicode_ci NOT NULL,
  `visible_columns` longtext CHARACTER SET utf8mb4 COLLATE utf8mb4_bin,
  `enabled_notifications` longtext CHARACTER SET utf8mb3 COLLATE utf8mb3_unicode_ci,
  `default_view` varchar(255) CHARACTER SET utf8mb3 COLLATE utf8mb3_unicode_ci DEFAULT NULL
) ENGINE=InnoDB DEFAULT CHARSET=utf8mb4 COLLATE=utf8mb4_unicode_ci;

--
-- Dumping data for table `user_client_preferences`
--

INSERT INTO `user_client_preferences` (`id`, `user_id`, `table_name`, `visible_columns`, `enabled_notifications`, `default_view`) VALUES
(1, 'u_1', 'estimates_invoices', '[\"id\",\"type\",\"client\",\"from_date\",\"to_date\",\"final_total\",\"status\",\"actions\"]', NULL, NULL),
(2, 'u_1', 'tasks', '[\"id\",\"title\",\"users\",\"clients\",\"status_id\",\"priority_id\",\"start_date\",\"due_date\",\"actions\"]', NULL, NULL),
(3, 'u_1', 'leave_requests', '[\"id\",\"type\",\"duration\",\"reason\",\"status\",\"action_by\",\"comment\",\"actions\"]', NULL, NULL);

-- --------------------------------------------------------

--
-- Table structure for table `user_workspace`
--

CREATE TABLE `user_workspace` (
  `id` bigint UNSIGNED NOT NULL,
  `workspace_id` bigint UNSIGNED NOT NULL,
  `user_id` bigint UNSIGNED NOT NULL
) ENGINE=InnoDB DEFAULT CHARSET=utf8mb4 COLLATE=utf8mb4_unicode_ci;

--
-- Dumping data for table `user_workspace`
--

INSERT INTO `user_workspace` (`id`, `workspace_id`, `user_id`) VALUES
(1, 1, 1),
(2, 1, 2),
(3, 1, 3),
(4, 1, 4),
(5, 1, 5),
(6, 1, 6),
(7, 1, 7),
(8, 1, 8),
(9, 1, 9),
(16, 1, 11),
(17, 1, 12),
(18, 1, 13),
(19, 1, 14),
(20, 1, 15),
(21, 1, 16),
(22, 1, 17),
(23, 1, 18),
(24, 1, 19),
(25, 1, 20),
(34, 1, 29),
(35, 1, 30),
(36, 1, 31),
(10, 2, 1),
(12, 2, 2),
(13, 2, 4),
(14, 2, 5),
(11, 2, 9),
(15, 2, 10),
(37, 3, 1),
(38, 3, 32),
(39, 3, 33),
(40, 3, 34),
(41, 3, 35),
(42, 3, 36),
(43, 3, 37),
(44, 3, 38),
(45, 3, 39),
(46, 3, 40),
(47, 3, 41);

-- --------------------------------------------------------

--
-- Table structure for table `workspaces`
--

CREATE TABLE `workspaces` (
  `id` bigint UNSIGNED NOT NULL,
  `user_id` varchar(255) CHARACTER SET utf8mb4 COLLATE utf8mb4_unicode_ci NOT NULL,
  `title` varchar(255) CHARACTER SET utf8mb4 COLLATE utf8mb4_unicode_ci NOT NULL,
  `is_primary` tinyint NOT NULL DEFAULT '0',
  `created_at` timestamp NULL DEFAULT NULL,
  `updated_at` timestamp NULL DEFAULT NULL
) ENGINE=InnoDB DEFAULT CHARSET=utf8mb4 COLLATE=utf8mb4_unicode_ci;

--
-- Dumping data for table `workspaces`
--

INSERT INTO `workspaces` (`id`, `user_id`, `title`, `is_primary`, `created_at`, `updated_at`) VALUES
(1, '1', 'Default Workspace', 1, '2025-02-03 03:37:39', '2025-02-03 03:37:39'),
(2, '1', 'Secondary WorkSpace', 0, '2025-02-04 23:48:02', '2025-02-04 23:48:02'),
(3, '1', 'The Marketing Vault', 0, '2025-02-09 21:25:42', '2025-02-09 21:26:28');

--
-- Indexes for dumped tables
--

--
-- Indexes for table `activity_logs`
--
ALTER TABLE `activity_logs`
  ADD PRIMARY KEY (`id`),
  ADD KEY `activity_logs_workspace_id_index` (`workspace_id`);

--
-- Indexes for table `allowances`
--
ALTER TABLE `allowances`
  ADD PRIMARY KEY (`id`),
  ADD KEY `allowances_workspace_id_foreign` (`workspace_id`);

--
-- Indexes for table `allowance_payslip`
--
ALTER TABLE `allowance_payslip`
  ADD PRIMARY KEY (`id`),
  ADD KEY `allowance_payslip_allowance_id_foreign` (`allowance_id`),
  ADD KEY `allowance_payslip_payslip_id_foreign` (`payslip_id`);

--
-- Indexes for table `ch_favorites`
--
ALTER TABLE `ch_favorites`
  ADD PRIMARY KEY (`id`);

--
-- Indexes for table `ch_messages`
--
ALTER TABLE `ch_messages`
  ADD PRIMARY KEY (`id`);

--
-- Indexes for table `clients`
--
ALTER TABLE `clients`
  ADD PRIMARY KEY (`id`),
  ADD UNIQUE KEY `clients_email_unique` (`email`);

--
-- Indexes for table `client_meeting`
--
ALTER TABLE `client_meeting`
  ADD PRIMARY KEY (`id`),
  ADD UNIQUE KEY `client_meeting_meeting_id_client_id_unique` (`meeting_id`,`client_id`),
  ADD KEY `client_meeting_client_id_foreign` (`client_id`);

--
-- Indexes for table `client_notifications`
--
ALTER TABLE `client_notifications`
  ADD PRIMARY KEY (`client_id`,`notification_id`),
  ADD KEY `client_notifications_notification_id_foreign` (`notification_id`);

--
-- Indexes for table `client_project`
--
ALTER TABLE `client_project`
  ADD PRIMARY KEY (`id`),
  ADD UNIQUE KEY `project_client_project_id_client_id_unique` (`project_id`,`client_id`),
  ADD KEY `project_client_client_id_foreign` (`client_id`);

--
-- Indexes for table `client_workspace`
--
ALTER TABLE `client_workspace`
  ADD PRIMARY KEY (`id`),
  ADD UNIQUE KEY `client_workspace_workspace_id_client_id_unique` (`workspace_id`,`client_id`),
  ADD KEY `client_workspace_client_id_foreign` (`client_id`);

--
-- Indexes for table `comments`
--
ALTER TABLE `comments`
  ADD PRIMARY KEY (`id`),
  ADD KEY `comments_commentable_type_commentable_id_index` (`commentable_type`,`commentable_id`),
  ADD KEY `comments_parent_id_index` (`parent_id`),
  ADD KEY `comments_user_id_index` (`commenter_id`);

--
-- Indexes for table `comment_attachments`
--
ALTER TABLE `comment_attachments`
  ADD PRIMARY KEY (`id`),
  ADD KEY `comment_attachments_comment_id_foreign` (`comment_id`);

--
-- Indexes for table `contracts`
--
ALTER TABLE `contracts`
  ADD PRIMARY KEY (`id`),
  ADD KEY `contracts_workspace_id_foreign` (`workspace_id`),
  ADD KEY `contracts_project_id_foreign` (`project_id`),
  ADD KEY `contracts_client_id_foreign` (`client_id`),
  ADD KEY `contracts_contract_type_id_foreign` (`contract_type_id`);

--
-- Indexes for table `contract_types`
--
ALTER TABLE `contract_types`
  ADD PRIMARY KEY (`id`),
  ADD KEY `contract_types_workspace_id_foreign` (`workspace_id`);

--
-- Indexes for table `deductions`
--
ALTER TABLE `deductions`
  ADD PRIMARY KEY (`id`);

--
-- Indexes for table `deduction_payslip`
--
ALTER TABLE `deduction_payslip`
  ADD PRIMARY KEY (`id`),
  ADD KEY `deduction_payslip_deduction_id_foreign` (`deduction_id`),
  ADD KEY `deduction_payslip_payslip_id_foreign` (`payslip_id`);

--
-- Indexes for table `estimates_invoices`
--
ALTER TABLE `estimates_invoices`
  ADD PRIMARY KEY (`id`),
  ADD KEY `estimates_invoices_client_id_foreign` (`client_id`),
  ADD KEY `estimates_invoices_workspace_id_foreign` (`workspace_id`);

--
-- Indexes for table `estimates_invoice_item`
--
ALTER TABLE `estimates_invoice_item`
  ADD PRIMARY KEY (`id`),
  ADD KEY `estimates_invoices_items_item_id_foreign` (`item_id`),
  ADD KEY `estimates_invoices_items_estimate_invoice_id_foreign` (`estimates_invoice_id`);

--
-- Indexes for table `expenses`
--
ALTER TABLE `expenses`
  ADD PRIMARY KEY (`id`),
  ADD KEY `expenses_workspace_id_foreign` (`workspace_id`),
  ADD KEY `expenses_user_id_foreign` (`user_id`),
  ADD KEY `expenses_expense_type_id_foreign` (`expense_type_id`);

--
-- Indexes for table `expense_types`
--
ALTER TABLE `expense_types`
  ADD PRIMARY KEY (`id`),
  ADD KEY `expense_types_workspace_id_foreign` (`workspace_id`);

--
-- Indexes for table `failed_jobs`
--
ALTER TABLE `failed_jobs`
  ADD PRIMARY KEY (`id`),
  ADD UNIQUE KEY `failed_jobs_uuid_unique` (`uuid`);

--
-- Indexes for table `favorites`
--
ALTER TABLE `favorites`
  ADD PRIMARY KEY (`id`),
  ADD KEY `favorites_favoritable_type_favoritable_id_index` (`favoritable_type`,`favoritable_id`),
  ADD KEY `favorites_user_id_foreign` (`user_id`),
  ADD KEY `favorites_client_id_foreign` (`client_id`);

--
-- Indexes for table `fcm_tokens`
--
ALTER TABLE `fcm_tokens`
  ADD PRIMARY KEY (`id`),
  ADD KEY `fcm_tokens_user_id_foreign` (`user_id`),
  ADD KEY `fcm_tokens_client_id_foreign` (`client_id`);

--
-- Indexes for table `items`
--
ALTER TABLE `items`
  ADD PRIMARY KEY (`id`);

--
-- Indexes for table `languages`
--
ALTER TABLE `languages`
  ADD PRIMARY KEY (`id`);

--
-- Indexes for table `leave_editors`
--
ALTER TABLE `leave_editors`
  ADD PRIMARY KEY (`id`),
  ADD KEY `leave_editors_user_id_foreign` (`user_id`);

--
-- Indexes for table `leave_requests`
--
ALTER TABLE `leave_requests`
  ADD PRIMARY KEY (`id`),
  ADD KEY `leave_requests_user_id_foreign` (`user_id`),
  ADD KEY `leave_requests_workspace_id_foreign` (`workspace_id`);

--
-- Indexes for table `leave_request_visibility`
--
ALTER TABLE `leave_request_visibility`
  ADD PRIMARY KEY (`id`),
  ADD KEY `leave_request_id` (`leave_request_id`),
  ADD KEY `user_id` (`user_id`);

--
-- Indexes for table `media`
--
ALTER TABLE `media`
  ADD PRIMARY KEY (`id`),
  ADD UNIQUE KEY `media_uuid_unique` (`uuid`),
  ADD KEY `media_model_type_model_id_index` (`model_type`,`model_id`),
  ADD KEY `media_order_column_index` (`order_column`);

--
-- Indexes for table `meetings`
--
ALTER TABLE `meetings`
  ADD PRIMARY KEY (`id`);

--
-- Indexes for table `meeting_user`
--
ALTER TABLE `meeting_user`
  ADD PRIMARY KEY (`id`),
  ADD UNIQUE KEY `meeting_user_meeting_id_user_id_unique` (`meeting_id`,`user_id`),
  ADD KEY `meeting_user_user_id_foreign` (`user_id`);

--
-- Indexes for table `menu_orders`
--
ALTER TABLE `menu_orders`
  ADD PRIMARY KEY (`id`),
  ADD KEY `menu_orders_user_id_foreign` (`user_id`),
  ADD KEY `menu_orders_client_id_foreign` (`client_id`);

--
-- Indexes for table `migrations`
--
ALTER TABLE `migrations`
  ADD PRIMARY KEY (`id`);

--
-- Indexes for table `milestones`
--
ALTER TABLE `milestones`
  ADD PRIMARY KEY (`id`),
  ADD KEY `milestones_project_id_foreign` (`project_id`),
  ADD KEY `milestones_workspace_id_foreign` (`workspace_id`);

--
-- Indexes for table `model_has_permissions`
--
ALTER TABLE `model_has_permissions`
  ADD PRIMARY KEY (`permission_id`,`model_id`,`model_type`),
  ADD KEY `model_has_permissions_model_id_model_type_index` (`model_id`,`model_type`);

--
-- Indexes for table `model_has_roles`
--
ALTER TABLE `model_has_roles`
  ADD PRIMARY KEY (`role_id`,`model_id`,`model_type`),
  ADD KEY `model_has_roles_model_id_model_type_index` (`model_id`,`model_type`);

--
-- Indexes for table `notes`
--
ALTER TABLE `notes`
  ADD PRIMARY KEY (`id`),
  ADD KEY `notes_workspace_id_foreign` (`workspace_id`);

--
-- Indexes for table `notifications`
--
ALTER TABLE `notifications`
  ADD PRIMARY KEY (`id`),
  ADD KEY `notifications_workspace_id_foreign` (`workspace_id`);

--
-- Indexes for table `notification_user`
--
ALTER TABLE `notification_user`
  ADD PRIMARY KEY (`user_id`,`notification_id`),
  ADD KEY `notification_user_notification_id_foreign` (`notification_id`);

--
-- Indexes for table `password_resets`
--
ALTER TABLE `password_resets`
  ADD KEY `password_resets_email_index` (`email`);

--
-- Indexes for table `payments`
--
ALTER TABLE `payments`
  ADD PRIMARY KEY (`id`);

--
-- Indexes for table `payment_methods`
--
ALTER TABLE `payment_methods`
  ADD PRIMARY KEY (`id`),
  ADD KEY `payment_methods_workspace_id_foreign` (`workspace_id`);

--
-- Indexes for table `payslips`
--
ALTER TABLE `payslips`
  ADD PRIMARY KEY (`id`),
  ADD KEY `payslips_user_id_foreign` (`user_id`),
  ADD KEY `payslips_workspace_id_foreign` (`workspace_id`),
  ADD KEY `payslips_payment_method_id_foreign` (`payment_method_id`);

--
-- Indexes for table `permissions`
--
ALTER TABLE `permissions`
  ADD PRIMARY KEY (`id`),
  ADD UNIQUE KEY `permissions_name_guard_name_unique` (`name`,`guard_name`);

--
-- Indexes for table `personal_access_tokens`
--
ALTER TABLE `personal_access_tokens`
  ADD PRIMARY KEY (`id`),
  ADD UNIQUE KEY `personal_access_tokens_token_unique` (`token`),
  ADD KEY `personal_access_tokens_tokenable_type_tokenable_id_index` (`tokenable_type`,`tokenable_id`);

--
-- Indexes for table `pinned`
--
ALTER TABLE `pinned`
  ADD PRIMARY KEY (`id`),
  ADD KEY `pinned_pinnable_type_pinnable_id_index` (`pinnable_type`,`pinnable_id`),
  ADD KEY `pinned_user_id_foreign` (`user_id`),
  ADD KEY `pinned_client_id_foreign` (`client_id`);

--
-- Indexes for table `priorities`
--
ALTER TABLE `priorities`
  ADD PRIMARY KEY (`id`);

--
-- Indexes for table `projects`
--
ALTER TABLE `projects`
  ADD PRIMARY KEY (`id`),
  ADD KEY `project_status_id_foreign` (`status_id`);

--
-- Indexes for table `project_tag`
--
ALTER TABLE `project_tag`
  ADD PRIMARY KEY (`id`),
  ADD KEY `project_tag_project_id_foreign` (`project_id`),
  ADD KEY `project_tag_tag_id_foreign` (`tag_id`);

--
-- Indexes for table `project_user`
--
ALTER TABLE `project_user`
  ADD PRIMARY KEY (`id`),
  ADD UNIQUE KEY `project_user_project_id_user_id_unique` (`project_id`,`user_id`),
  ADD KEY `project_user_user_id_foreign` (`user_id`);

--
-- Indexes for table `recurring_tasks`
--
ALTER TABLE `recurring_tasks`
  ADD PRIMARY KEY (`id`),
  ADD KEY `recurring_tasks_task_id_foreign` (`task_id`);

--
-- Indexes for table `reminders`
--
ALTER TABLE `reminders`
  ADD PRIMARY KEY (`id`),
  ADD KEY `reminders_remindable_type_remindable_id_index` (`remindable_type`,`remindable_id`);

--
-- Indexes for table `roles`
--
ALTER TABLE `roles`
  ADD PRIMARY KEY (`id`),
  ADD UNIQUE KEY `roles_name_guard_name_unique` (`name`,`guard_name`);

--
-- Indexes for table `role_has_permissions`
--
ALTER TABLE `role_has_permissions`
  ADD PRIMARY KEY (`permission_id`,`role_id`),
  ADD KEY `role_has_permissions_role_id_foreign` (`role_id`);

--
-- Indexes for table `role_status`
--
ALTER TABLE `role_status`
  ADD PRIMARY KEY (`role_id`,`status_id`),
  ADD KEY `status_id` (`status_id`);

--
-- Indexes for table `settings`
--
ALTER TABLE `settings`
  ADD PRIMARY KEY (`id`);

--
-- Indexes for table `statuses`
--
ALTER TABLE `statuses`
  ADD PRIMARY KEY (`id`);

--
-- Indexes for table `status_timelines`
--
ALTER TABLE `status_timelines`
  ADD PRIMARY KEY (`id`),
  ADD KEY `status_timelines_entity_id_entity_type_index` (`entity_id`,`entity_type`);

--
-- Indexes for table `tags`
--
ALTER TABLE `tags`
  ADD PRIMARY KEY (`id`);

--
-- Indexes for table `tasks`
--
ALTER TABLE `tasks`
  ADD PRIMARY KEY (`id`),
  ADD KEY `tasks_project_id_foreign` (`project_id`),
  ADD KEY `tasks_parent_id_foreign` (`parent_id`);

--
-- Indexes for table `task_user`
--
ALTER TABLE `task_user`
  ADD PRIMARY KEY (`id`),
  ADD UNIQUE KEY `task_user_task_id_user_id_unique` (`task_id`,`user_id`),
  ADD KEY `task_user_user_id_foreign` (`user_id`);

--
-- Indexes for table `taxes`
--
ALTER TABLE `taxes`
  ADD PRIMARY KEY (`id`);

--
-- Indexes for table `templates`
--
ALTER TABLE `templates`
  ADD PRIMARY KEY (`id`),
  ADD UNIQUE KEY `templates_type_name_unique` (`type`,`name`);

--
-- Indexes for table `time_trackers`
--
ALTER TABLE `time_trackers`
  ADD PRIMARY KEY (`id`),
  ADD KEY `time_trackers_workspace_id_foreign` (`workspace_id`),
  ADD KEY `time_trackers_user_id_foreign` (`user_id`);

--
-- Indexes for table `todos`
--
ALTER TABLE `todos`
  ADD PRIMARY KEY (`id`);

--
-- Indexes for table `units`
--
ALTER TABLE `units`
  ADD PRIMARY KEY (`id`);

--
-- Indexes for table `updates`
--
ALTER TABLE `updates`
  ADD PRIMARY KEY (`id`);

--
-- Indexes for table `users`
--
ALTER TABLE `users`
  ADD PRIMARY KEY (`id`),
  ADD UNIQUE KEY `users_email_unique` (`email`);

--
-- Indexes for table `user_client_preferences`
--
ALTER TABLE `user_client_preferences`
  ADD PRIMARY KEY (`id`);

--
-- Indexes for table `user_workspace`
--
ALTER TABLE `user_workspace`
  ADD PRIMARY KEY (`id`),
  ADD UNIQUE KEY `user_workspace_workspace_id_user_id_unique` (`workspace_id`,`user_id`),
  ADD KEY `user_workspace_user_id_foreign` (`user_id`);

--
-- Indexes for table `workspaces`
--
ALTER TABLE `workspaces`
  ADD PRIMARY KEY (`id`);

--
-- AUTO_INCREMENT for dumped tables
--

--
-- AUTO_INCREMENT for table `activity_logs`
--
ALTER TABLE `activity_logs`
  MODIFY `id` bigint UNSIGNED NOT NULL AUTO_INCREMENT, AUTO_INCREMENT=1036;

--
-- AUTO_INCREMENT for table `allowances`
--
ALTER TABLE `allowances`
  MODIFY `id` bigint UNSIGNED NOT NULL AUTO_INCREMENT, AUTO_INCREMENT=8;

--
-- AUTO_INCREMENT for table `allowance_payslip`
--
ALTER TABLE `allowance_payslip`
  MODIFY `id` bigint UNSIGNED NOT NULL AUTO_INCREMENT, AUTO_INCREMENT=29;

--
-- AUTO_INCREMENT for table `clients`
--
ALTER TABLE `clients`
  MODIFY `id` bigint UNSIGNED NOT NULL AUTO_INCREMENT, AUTO_INCREMENT=11;

--
-- AUTO_INCREMENT for table `client_meeting`
--
ALTER TABLE `client_meeting`
  MODIFY `id` bigint UNSIGNED NOT NULL AUTO_INCREMENT, AUTO_INCREMENT=24;

--
-- AUTO_INCREMENT for table `client_project`
--
ALTER TABLE `client_project`
  MODIFY `id` bigint UNSIGNED NOT NULL AUTO_INCREMENT, AUTO_INCREMENT=35;

--
-- AUTO_INCREMENT for table `client_workspace`
--
ALTER TABLE `client_workspace`
  MODIFY `id` bigint UNSIGNED NOT NULL AUTO_INCREMENT, AUTO_INCREMENT=23;

--
-- AUTO_INCREMENT for table `comments`
--
ALTER TABLE `comments`
  MODIFY `id` bigint UNSIGNED NOT NULL AUTO_INCREMENT;

--
-- AUTO_INCREMENT for table `comment_attachments`
--
ALTER TABLE `comment_attachments`
  MODIFY `id` bigint UNSIGNED NOT NULL AUTO_INCREMENT;

--
-- AUTO_INCREMENT for table `contracts`
--
ALTER TABLE `contracts`
  MODIFY `id` bigint UNSIGNED NOT NULL AUTO_INCREMENT, AUTO_INCREMENT=18;

--
-- AUTO_INCREMENT for table `contract_types`
--
ALTER TABLE `contract_types`
  MODIFY `id` bigint UNSIGNED NOT NULL AUTO_INCREMENT, AUTO_INCREMENT=38;

--
-- AUTO_INCREMENT for table `deductions`
--
ALTER TABLE `deductions`
  MODIFY `id` bigint UNSIGNED NOT NULL AUTO_INCREMENT, AUTO_INCREMENT=10;

--
-- AUTO_INCREMENT for table `deduction_payslip`
--
ALTER TABLE `deduction_payslip`
  MODIFY `id` bigint UNSIGNED NOT NULL AUTO_INCREMENT, AUTO_INCREMENT=11;

--
-- AUTO_INCREMENT for table `estimates_invoices`
--
ALTER TABLE `estimates_invoices`
  MODIFY `id` bigint UNSIGNED NOT NULL AUTO_INCREMENT, AUTO_INCREMENT=18;

--
-- AUTO_INCREMENT for table `estimates_invoice_item`
--
ALTER TABLE `estimates_invoice_item`
  MODIFY `id` bigint UNSIGNED NOT NULL AUTO_INCREMENT, AUTO_INCREMENT=20;

--
-- AUTO_INCREMENT for table `expenses`
--
ALTER TABLE `expenses`
  MODIFY `id` bigint UNSIGNED NOT NULL AUTO_INCREMENT, AUTO_INCREMENT=15;

--
-- AUTO_INCREMENT for table `expense_types`
--
ALTER TABLE `expense_types`
  MODIFY `id` bigint UNSIGNED NOT NULL AUTO_INCREMENT, AUTO_INCREMENT=38;

--
-- AUTO_INCREMENT for table `failed_jobs`
--
ALTER TABLE `failed_jobs`
  MODIFY `id` bigint UNSIGNED NOT NULL AUTO_INCREMENT;

--
-- AUTO_INCREMENT for table `favorites`
--
ALTER TABLE `favorites`
  MODIFY `id` bigint UNSIGNED NOT NULL AUTO_INCREMENT, AUTO_INCREMENT=37;

--
-- AUTO_INCREMENT for table `fcm_tokens`
--
ALTER TABLE `fcm_tokens`
  MODIFY `id` bigint UNSIGNED NOT NULL AUTO_INCREMENT;

--
-- AUTO_INCREMENT for table `items`
--
ALTER TABLE `items`
  MODIFY `id` bigint UNSIGNED NOT NULL AUTO_INCREMENT, AUTO_INCREMENT=13;

--
-- AUTO_INCREMENT for table `languages`
--
ALTER TABLE `languages`
  MODIFY `id` bigint UNSIGNED NOT NULL AUTO_INCREMENT, AUTO_INCREMENT=46;

--
-- AUTO_INCREMENT for table `leave_editors`
--
ALTER TABLE `leave_editors`
  MODIFY `id` bigint UNSIGNED NOT NULL AUTO_INCREMENT;

--
-- AUTO_INCREMENT for table `leave_requests`
--
ALTER TABLE `leave_requests`
  MODIFY `id` bigint UNSIGNED NOT NULL AUTO_INCREMENT, AUTO_INCREMENT=17;

--
-- AUTO_INCREMENT for table `leave_request_visibility`
--
ALTER TABLE `leave_request_visibility`
  MODIFY `id` bigint UNSIGNED NOT NULL AUTO_INCREMENT, AUTO_INCREMENT=19;

--
-- AUTO_INCREMENT for table `media`
--
ALTER TABLE `media`
  MODIFY `id` bigint UNSIGNED NOT NULL AUTO_INCREMENT;

--
-- AUTO_INCREMENT for table `meetings`
--
ALTER TABLE `meetings`
  MODIFY `id` bigint UNSIGNED NOT NULL AUTO_INCREMENT, AUTO_INCREMENT=14;

--
-- AUTO_INCREMENT for table `meeting_user`
--
ALTER TABLE `meeting_user`
  MODIFY `id` bigint UNSIGNED NOT NULL AUTO_INCREMENT, AUTO_INCREMENT=39;

--
-- AUTO_INCREMENT for table `menu_orders`
--
ALTER TABLE `menu_orders`
  MODIFY `id` bigint UNSIGNED NOT NULL AUTO_INCREMENT;

--
-- AUTO_INCREMENT for table `migrations`
--
ALTER TABLE `migrations`
  MODIFY `id` int UNSIGNED NOT NULL AUTO_INCREMENT, AUTO_INCREMENT=106;

--
-- AUTO_INCREMENT for table `milestones`
--
ALTER TABLE `milestones`
  MODIFY `id` bigint UNSIGNED NOT NULL AUTO_INCREMENT;

--
-- AUTO_INCREMENT for table `notes`
--
ALTER TABLE `notes`
  MODIFY `id` bigint UNSIGNED NOT NULL AUTO_INCREMENT, AUTO_INCREMENT=10;

--
-- AUTO_INCREMENT for table `notifications`
--
ALTER TABLE `notifications`
  MODIFY `id` bigint UNSIGNED NOT NULL AUTO_INCREMENT, AUTO_INCREMENT=321;

--
-- AUTO_INCREMENT for table `payments`
--
ALTER TABLE `payments`
  MODIFY `id` bigint UNSIGNED NOT NULL AUTO_INCREMENT, AUTO_INCREMENT=4;

--
-- AUTO_INCREMENT for table `payment_methods`
--
ALTER TABLE `payment_methods`
  MODIFY `id` bigint UNSIGNED NOT NULL AUTO_INCREMENT, AUTO_INCREMENT=27;

--
-- AUTO_INCREMENT for table `payslips`
--
ALTER TABLE `payslips`
  MODIFY `id` bigint UNSIGNED NOT NULL AUTO_INCREMENT, AUTO_INCREMENT=30;

--
-- AUTO_INCREMENT for table `permissions`
--
ALTER TABLE `permissions`
  MODIFY `id` bigint UNSIGNED NOT NULL AUTO_INCREMENT, AUTO_INCREMENT=220;

--
-- AUTO_INCREMENT for table `personal_access_tokens`
--
ALTER TABLE `personal_access_tokens`
  MODIFY `id` bigint UNSIGNED NOT NULL AUTO_INCREMENT;

--
-- AUTO_INCREMENT for table `pinned`
--
ALTER TABLE `pinned`
  MODIFY `id` bigint UNSIGNED NOT NULL AUTO_INCREMENT;

--
-- AUTO_INCREMENT for table `priorities`
--
ALTER TABLE `priorities`
  MODIFY `id` bigint UNSIGNED NOT NULL AUTO_INCREMENT, AUTO_INCREMENT=18;

--
-- AUTO_INCREMENT for table `projects`
--
ALTER TABLE `projects`
  MODIFY `id` bigint UNSIGNED NOT NULL AUTO_INCREMENT, AUTO_INCREMENT=32;

--
-- AUTO_INCREMENT for table `project_tag`
--
ALTER TABLE `project_tag`
  MODIFY `id` bigint UNSIGNED NOT NULL AUTO_INCREMENT, AUTO_INCREMENT=76;

--
-- AUTO_INCREMENT for table `project_user`
--
ALTER TABLE `project_user`
  MODIFY `id` bigint UNSIGNED NOT NULL AUTO_INCREMENT, AUTO_INCREMENT=173;

--
-- AUTO_INCREMENT for table `recurring_tasks`
--
ALTER TABLE `recurring_tasks`
  MODIFY `id` bigint UNSIGNED NOT NULL AUTO_INCREMENT, AUTO_INCREMENT=7;

--
-- AUTO_INCREMENT for table `reminders`
--
ALTER TABLE `reminders`
  MODIFY `id` bigint UNSIGNED NOT NULL AUTO_INCREMENT, AUTO_INCREMENT=45;

--
-- AUTO_INCREMENT for table `roles`
--
ALTER TABLE `roles`
  MODIFY `id` bigint UNSIGNED NOT NULL AUTO_INCREMENT, AUTO_INCREMENT=44;

--
-- AUTO_INCREMENT for table `settings`
--
ALTER TABLE `settings`
  MODIFY `id` bigint UNSIGNED NOT NULL AUTO_INCREMENT, AUTO_INCREMENT=19;

--
-- AUTO_INCREMENT for table `statuses`
--
ALTER TABLE `statuses`
  MODIFY `id` bigint UNSIGNED NOT NULL AUTO_INCREMENT, AUTO_INCREMENT=81;

--
-- AUTO_INCREMENT for table `status_timelines`
--
ALTER TABLE `status_timelines`
  MODIFY `id` bigint UNSIGNED NOT NULL AUTO_INCREMENT, AUTO_INCREMENT=217;

--
-- AUTO_INCREMENT for table `tags`
--
ALTER TABLE `tags`
  MODIFY `id` bigint UNSIGNED NOT NULL AUTO_INCREMENT, AUTO_INCREMENT=34;

--
-- AUTO_INCREMENT for table `tasks`
--
ALTER TABLE `tasks`
  MODIFY `id` bigint UNSIGNED NOT NULL AUTO_INCREMENT, AUTO_INCREMENT=225;

--
-- AUTO_INCREMENT for table `task_user`
--
ALTER TABLE `task_user`
  MODIFY `id` bigint UNSIGNED NOT NULL AUTO_INCREMENT, AUTO_INCREMENT=733;

--
-- AUTO_INCREMENT for table `taxes`
--
ALTER TABLE `taxes`
  MODIFY `id` bigint UNSIGNED NOT NULL AUTO_INCREMENT, AUTO_INCREMENT=11;

--
-- AUTO_INCREMENT for table `templates`
--
ALTER TABLE `templates`
  MODIFY `id` bigint UNSIGNED NOT NULL AUTO_INCREMENT, AUTO_INCREMENT=81;

--
-- AUTO_INCREMENT for table `time_trackers`
--
ALTER TABLE `time_trackers`
  MODIFY `id` bigint UNSIGNED NOT NULL AUTO_INCREMENT;

--
-- AUTO_INCREMENT for table `todos`
--
ALTER TABLE `todos`
  MODIFY `id` bigint UNSIGNED NOT NULL AUTO_INCREMENT, AUTO_INCREMENT=16;

--
-- AUTO_INCREMENT for table `units`
--
ALTER TABLE `units`
  MODIFY `id` bigint UNSIGNED NOT NULL AUTO_INCREMENT, AUTO_INCREMENT=11;

--
-- AUTO_INCREMENT for table `updates`
--
ALTER TABLE `updates`
  MODIFY `id` bigint UNSIGNED NOT NULL AUTO_INCREMENT, AUTO_INCREMENT=16;

--
-- AUTO_INCREMENT for table `users`
--
ALTER TABLE `users`
  MODIFY `id` bigint UNSIGNED NOT NULL AUTO_INCREMENT, AUTO_INCREMENT=42;

--
-- AUTO_INCREMENT for table `user_client_preferences`
--
ALTER TABLE `user_client_preferences`
  MODIFY `id` bigint UNSIGNED NOT NULL AUTO_INCREMENT, AUTO_INCREMENT=4;

--
-- AUTO_INCREMENT for table `user_workspace`
--
ALTER TABLE `user_workspace`
  MODIFY `id` bigint UNSIGNED NOT NULL AUTO_INCREMENT, AUTO_INCREMENT=48;

--
-- AUTO_INCREMENT for table `workspaces`
--
ALTER TABLE `workspaces`
  MODIFY `id` bigint UNSIGNED NOT NULL AUTO_INCREMENT, AUTO_INCREMENT=4;

--
-- Constraints for dumped tables
--

--
-- Constraints for table `activity_logs`
--
ALTER TABLE `activity_logs`
  ADD CONSTRAINT `activity_logs_workspace_id_foreign` FOREIGN KEY (`workspace_id`) REFERENCES `workspaces` (`id`) ON DELETE CASCADE;

--
-- Constraints for table `allowances`
--
ALTER TABLE `allowances`
  ADD CONSTRAINT `allowances_workspace_id_foreign` FOREIGN KEY (`workspace_id`) REFERENCES `workspaces` (`id`) ON DELETE CASCADE;

--
-- Constraints for table `allowance_payslip`
--
ALTER TABLE `allowance_payslip`
  ADD CONSTRAINT `allowance_payslip_allowance_id_foreign` FOREIGN KEY (`allowance_id`) REFERENCES `allowances` (`id`) ON DELETE CASCADE,
  ADD CONSTRAINT `allowance_payslip_payslip_id_foreign` FOREIGN KEY (`payslip_id`) REFERENCES `payslips` (`id`) ON DELETE CASCADE;

--
-- Constraints for table `client_meeting`
--
ALTER TABLE `client_meeting`
  ADD CONSTRAINT `client_meeting_client_id_foreign` FOREIGN KEY (`client_id`) REFERENCES `clients` (`id`) ON DELETE CASCADE,
  ADD CONSTRAINT `client_meeting_meeting_id_foreign` FOREIGN KEY (`meeting_id`) REFERENCES `meetings` (`id`) ON DELETE CASCADE;

--
-- Constraints for table `client_notifications`
--
ALTER TABLE `client_notifications`
  ADD CONSTRAINT `client_notifications_client_id_foreign` FOREIGN KEY (`client_id`) REFERENCES `clients` (`id`) ON DELETE CASCADE,
  ADD CONSTRAINT `client_notifications_notification_id_foreign` FOREIGN KEY (`notification_id`) REFERENCES `notifications` (`id`) ON DELETE CASCADE;

--
-- Constraints for table `client_project`
--
ALTER TABLE `client_project`
  ADD CONSTRAINT `project_client_client_id_foreign` FOREIGN KEY (`client_id`) REFERENCES `clients` (`id`) ON DELETE CASCADE,
  ADD CONSTRAINT `project_client_project_id_foreign` FOREIGN KEY (`project_id`) REFERENCES `projects` (`id`) ON DELETE CASCADE;

--
-- Constraints for table `client_workspace`
--
ALTER TABLE `client_workspace`
  ADD CONSTRAINT `client_workspace_client_id_foreign` FOREIGN KEY (`client_id`) REFERENCES `clients` (`id`) ON DELETE CASCADE,
  ADD CONSTRAINT `client_workspace_workspace_id_foreign` FOREIGN KEY (`workspace_id`) REFERENCES `workspaces` (`id`) ON DELETE CASCADE;

--
-- Constraints for table `comments`
--
ALTER TABLE `comments`
  ADD CONSTRAINT `comments_parent_id_foreign` FOREIGN KEY (`parent_id`) REFERENCES `comments` (`id`) ON DELETE CASCADE,
  ADD CONSTRAINT `comments_user_id_foreign` FOREIGN KEY (`commenter_id`) REFERENCES `users` (`id`) ON DELETE SET NULL;

--
-- Constraints for table `comment_attachments`
--
ALTER TABLE `comment_attachments`
  ADD CONSTRAINT `comment_attachments_comment_id_foreign` FOREIGN KEY (`comment_id`) REFERENCES `comments` (`id`) ON DELETE CASCADE;

--
-- Constraints for table `contracts`
--
ALTER TABLE `contracts`
  ADD CONSTRAINT `contracts_client_id_foreign` FOREIGN KEY (`client_id`) REFERENCES `clients` (`id`) ON DELETE CASCADE,
  ADD CONSTRAINT `contracts_contract_type_id_foreign` FOREIGN KEY (`contract_type_id`) REFERENCES `contract_types` (`id`),
  ADD CONSTRAINT `contracts_project_id_foreign` FOREIGN KEY (`project_id`) REFERENCES `projects` (`id`) ON DELETE CASCADE,
  ADD CONSTRAINT `contracts_workspace_id_foreign` FOREIGN KEY (`workspace_id`) REFERENCES `workspaces` (`id`) ON DELETE CASCADE;

--
-- Constraints for table `contract_types`
--
ALTER TABLE `contract_types`
  ADD CONSTRAINT `contract_types_workspace_id_foreign` FOREIGN KEY (`workspace_id`) REFERENCES `workspaces` (`id`) ON DELETE CASCADE;

--
-- Constraints for table `deduction_payslip`
--
ALTER TABLE `deduction_payslip`
  ADD CONSTRAINT `deduction_payslip_deduction_id_foreign` FOREIGN KEY (`deduction_id`) REFERENCES `deductions` (`id`) ON DELETE CASCADE,
  ADD CONSTRAINT `deduction_payslip_payslip_id_foreign` FOREIGN KEY (`payslip_id`) REFERENCES `payslips` (`id`) ON DELETE CASCADE;

--
-- Constraints for table `estimates_invoices`
--
ALTER TABLE `estimates_invoices`
  ADD CONSTRAINT `estimates_invoices_client_id_foreign` FOREIGN KEY (`client_id`) REFERENCES `clients` (`id`) ON DELETE CASCADE,
  ADD CONSTRAINT `estimates_invoices_workspace_id_foreign` FOREIGN KEY (`workspace_id`) REFERENCES `workspaces` (`id`) ON DELETE CASCADE;

--
-- Constraints for table `estimates_invoice_item`
--
ALTER TABLE `estimates_invoice_item`
  ADD CONSTRAINT `estimates_invoices_items_estimate_invoice_id_foreign` FOREIGN KEY (`estimates_invoice_id`) REFERENCES `estimates_invoices` (`id`) ON DELETE CASCADE,
  ADD CONSTRAINT `estimates_invoices_items_item_id_foreign` FOREIGN KEY (`item_id`) REFERENCES `items` (`id`) ON DELETE CASCADE;

--
-- Constraints for table `expenses`
--
ALTER TABLE `expenses`
  ADD CONSTRAINT `expenses_expense_type_id_foreign` FOREIGN KEY (`expense_type_id`) REFERENCES `expense_types` (`id`),
  ADD CONSTRAINT `expenses_user_id_foreign` FOREIGN KEY (`user_id`) REFERENCES `users` (`id`) ON DELETE CASCADE,
  ADD CONSTRAINT `expenses_workspace_id_foreign` FOREIGN KEY (`workspace_id`) REFERENCES `workspaces` (`id`) ON DELETE CASCADE;

--
-- Constraints for table `expense_types`
--
ALTER TABLE `expense_types`
  ADD CONSTRAINT `expense_types_workspace_id_foreign` FOREIGN KEY (`workspace_id`) REFERENCES `workspaces` (`id`) ON DELETE CASCADE;

--
-- Constraints for table `favorites`
--
ALTER TABLE `favorites`
  ADD CONSTRAINT `favorites_client_id_foreign` FOREIGN KEY (`client_id`) REFERENCES `clients` (`id`) ON DELETE CASCADE,
  ADD CONSTRAINT `favorites_user_id_foreign` FOREIGN KEY (`user_id`) REFERENCES `users` (`id`) ON DELETE CASCADE;

--
-- Constraints for table `fcm_tokens`
--
ALTER TABLE `fcm_tokens`
  ADD CONSTRAINT `fcm_tokens_client_id_foreign` FOREIGN KEY (`client_id`) REFERENCES `clients` (`id`) ON DELETE CASCADE,
  ADD CONSTRAINT `fcm_tokens_user_id_foreign` FOREIGN KEY (`user_id`) REFERENCES `users` (`id`) ON DELETE CASCADE;

--
-- Constraints for table `leave_editors`
--
ALTER TABLE `leave_editors`
  ADD CONSTRAINT `leave_editors_user_id_foreign` FOREIGN KEY (`user_id`) REFERENCES `users` (`id`) ON DELETE CASCADE;

--
-- Constraints for table `leave_requests`
--
ALTER TABLE `leave_requests`
  ADD CONSTRAINT `leave_requests_user_id_foreign` FOREIGN KEY (`user_id`) REFERENCES `users` (`id`) ON DELETE CASCADE,
  ADD CONSTRAINT `leave_requests_workspace_id_foreign` FOREIGN KEY (`workspace_id`) REFERENCES `workspaces` (`id`) ON DELETE CASCADE;

--
-- Constraints for table `leave_request_visibility`
--
ALTER TABLE `leave_request_visibility`
  ADD CONSTRAINT `leave_request_visibility_ibfk_1` FOREIGN KEY (`leave_request_id`) REFERENCES `leave_requests` (`id`) ON DELETE CASCADE,
  ADD CONSTRAINT `leave_request_visibility_ibfk_2` FOREIGN KEY (`user_id`) REFERENCES `users` (`id`) ON DELETE CASCADE;

--
-- Constraints for table `meeting_user`
--
ALTER TABLE `meeting_user`
  ADD CONSTRAINT `meeting_user_meeting_id_foreign` FOREIGN KEY (`meeting_id`) REFERENCES `meetings` (`id`) ON DELETE CASCADE,
  ADD CONSTRAINT `meeting_user_user_id_foreign` FOREIGN KEY (`user_id`) REFERENCES `users` (`id`) ON DELETE CASCADE;

--
-- Constraints for table `menu_orders`
--
ALTER TABLE `menu_orders`
  ADD CONSTRAINT `menu_orders_client_id_foreign` FOREIGN KEY (`client_id`) REFERENCES `clients` (`id`) ON DELETE CASCADE,
  ADD CONSTRAINT `menu_orders_user_id_foreign` FOREIGN KEY (`user_id`) REFERENCES `users` (`id`) ON DELETE CASCADE;

--
-- Constraints for table `milestones`
--
ALTER TABLE `milestones`
  ADD CONSTRAINT `milestones_project_id_foreign` FOREIGN KEY (`project_id`) REFERENCES `projects` (`id`) ON DELETE CASCADE,
  ADD CONSTRAINT `milestones_workspace_id_foreign` FOREIGN KEY (`workspace_id`) REFERENCES `workspaces` (`id`) ON DELETE CASCADE;

--
-- Constraints for table `model_has_permissions`
--
ALTER TABLE `model_has_permissions`
  ADD CONSTRAINT `model_has_permissions_permission_id_foreign` FOREIGN KEY (`permission_id`) REFERENCES `permissions` (`id`) ON DELETE CASCADE;

--
-- Constraints for table `notes`
--
ALTER TABLE `notes`
  ADD CONSTRAINT `notes_workspace_id_foreign` FOREIGN KEY (`workspace_id`) REFERENCES `workspaces` (`id`) ON DELETE CASCADE;

--
-- Constraints for table `notifications`
--
ALTER TABLE `notifications`
  ADD CONSTRAINT `notifications_workspace_id_foreign` FOREIGN KEY (`workspace_id`) REFERENCES `workspaces` (`id`) ON DELETE CASCADE;

--
-- Constraints for table `notification_user`
--
ALTER TABLE `notification_user`
  ADD CONSTRAINT `notification_user_notification_id_foreign` FOREIGN KEY (`notification_id`) REFERENCES `notifications` (`id`) ON DELETE CASCADE,
  ADD CONSTRAINT `notification_user_user_id_foreign` FOREIGN KEY (`user_id`) REFERENCES `users` (`id`) ON DELETE CASCADE;

--
-- Constraints for table `payment_methods`
--
ALTER TABLE `payment_methods`
  ADD CONSTRAINT `payment_methods_workspace_id_foreign` FOREIGN KEY (`workspace_id`) REFERENCES `workspaces` (`id`) ON DELETE CASCADE;

--
-- Constraints for table `payslips`
--
ALTER TABLE `payslips`
  ADD CONSTRAINT `payslips_payment_method_id_foreign` FOREIGN KEY (`payment_method_id`) REFERENCES `payment_methods` (`id`),
  ADD CONSTRAINT `payslips_user_id_foreign` FOREIGN KEY (`user_id`) REFERENCES `users` (`id`) ON DELETE CASCADE,
  ADD CONSTRAINT `payslips_workspace_id_foreign` FOREIGN KEY (`workspace_id`) REFERENCES `workspaces` (`id`) ON DELETE CASCADE;

--
-- Constraints for table `pinned`
--
ALTER TABLE `pinned`
  ADD CONSTRAINT `pinned_client_id_foreign` FOREIGN KEY (`client_id`) REFERENCES `clients` (`id`) ON DELETE CASCADE,
  ADD CONSTRAINT `pinned_user_id_foreign` FOREIGN KEY (`user_id`) REFERENCES `users` (`id`) ON DELETE CASCADE;

--
-- Constraints for table `project_tag`
--
ALTER TABLE `project_tag`
  ADD CONSTRAINT `project_tag_project_id_foreign` FOREIGN KEY (`project_id`) REFERENCES `projects` (`id`) ON DELETE CASCADE,
  ADD CONSTRAINT `project_tag_tag_id_foreign` FOREIGN KEY (`tag_id`) REFERENCES `tags` (`id`) ON DELETE CASCADE;

--
-- Constraints for table `project_user`
--
ALTER TABLE `project_user`
  ADD CONSTRAINT `project_user_project_id_foreign` FOREIGN KEY (`project_id`) REFERENCES `projects` (`id`) ON DELETE CASCADE,
  ADD CONSTRAINT `project_user_user_id_foreign` FOREIGN KEY (`user_id`) REFERENCES `users` (`id`) ON DELETE CASCADE;

--
-- Constraints for table `recurring_tasks`
--
ALTER TABLE `recurring_tasks`
  ADD CONSTRAINT `recurring_tasks_task_id_foreign` FOREIGN KEY (`task_id`) REFERENCES `tasks` (`id`) ON DELETE CASCADE;

--
-- Constraints for table `role_has_permissions`
--
ALTER TABLE `role_has_permissions`
  ADD CONSTRAINT `role_has_permissions_permission_id_foreign` FOREIGN KEY (`permission_id`) REFERENCES `permissions` (`id`) ON DELETE CASCADE,
  ADD CONSTRAINT `role_has_permissions_role_id_foreign` FOREIGN KEY (`role_id`) REFERENCES `roles` (`id`) ON DELETE CASCADE;

--
-- Constraints for table `role_status`
--
ALTER TABLE `role_status`
  ADD CONSTRAINT `role_status_ibfk_1` FOREIGN KEY (`role_id`) REFERENCES `roles` (`id`) ON DELETE CASCADE,
  ADD CONSTRAINT `role_status_ibfk_2` FOREIGN KEY (`status_id`) REFERENCES `statuses` (`id`) ON DELETE CASCADE;

--
-- Constraints for table `tasks`
--
ALTER TABLE `tasks`
  ADD CONSTRAINT `tasks_parent_id_foreign` FOREIGN KEY (`parent_id`) REFERENCES `tasks` (`id`) ON DELETE CASCADE,
  ADD CONSTRAINT `tasks_project_id_foreign` FOREIGN KEY (`project_id`) REFERENCES `projects` (`id`) ON DELETE CASCADE;

--
-- Constraints for table `task_user`
--
ALTER TABLE `task_user`
  ADD CONSTRAINT `task_user_task_id_foreign` FOREIGN KEY (`task_id`) REFERENCES `tasks` (`id`) ON DELETE CASCADE,
  ADD CONSTRAINT `task_user_user_id_foreign` FOREIGN KEY (`user_id`) REFERENCES `users` (`id`) ON DELETE CASCADE;

--
-- Constraints for table `time_trackers`
--
ALTER TABLE `time_trackers`
  ADD CONSTRAINT `time_trackers_user_id_foreign` FOREIGN KEY (`user_id`) REFERENCES `users` (`id`) ON DELETE CASCADE,
  ADD CONSTRAINT `time_trackers_workspace_id_foreign` FOREIGN KEY (`workspace_id`) REFERENCES `workspaces` (`id`) ON DELETE CASCADE;

--
-- Constraints for table `user_workspace`
--
ALTER TABLE `user_workspace`
  ADD CONSTRAINT `user_workspace_user_id_foreign` FOREIGN KEY (`user_id`) REFERENCES `users` (`id`) ON DELETE CASCADE,
  ADD CONSTRAINT `user_workspace_workspace_id_foreign` FOREIGN KEY (`workspace_id`) REFERENCES `workspaces` (`id`) ON DELETE CASCADE;
COMMIT;

/*!40101 SET CHARACTER_SET_CLIENT=@OLD_CHARACTER_SET_CLIENT */;
/*!40101 SET CHARACTER_SET_RESULTS=@OLD_CHARACTER_SET_RESULTS */;
/*!40101 SET COLLATION_CONNECTION=@OLD_COLLATION_CONNECTION */;
